{
  "bolusiob": 0, 
  "iob": 0.5743232410782235, 
  "activity": 0.007152227425044091
}