{
  "bolusiob": 0, 
  "iob": -0.35306840638444453, 
  "activity": -0.00591379188712522
}