{
  "bolusiob": 0.04367735680000001, 
  "iob": 0.8461802491566668, 
  "activity": 0.018782186948853613
}