{
  "bolusiob": 0.21530518100000007, 
  "iob": 1.4538115385442354, 
  "activity": 0.01521515021164021
}