{
  "bolusiob": 0, 
  "iob": -0.038047771732444474, 
  "activity": 0.009825079365079365
}