{
  "bolusiob": 0, 
  "iob": 0.05955872881041581, 
  "activity": 0.002022645238095238
}