{
  "bolusiob": 0, 
  "iob": 0.08675751281666666, 
  "activity": 0.002833015873015873
}