{
  "bolusiob": 0, 
  "iob": -0.1465749174288889, 
  "activity": -0.0013237742504409167
}