{
  "bolusiob": 2.084953237048889, 
  "iob": 2.4831679776218594, 
  "activity": 0.021015378553791885
}