{
  "bolusiob": 0, 
  "iob": -0.12141641341222224, 
  "activity": 0.0008116754850088184
}