{
  "bolusiob": 0, 
  "iob": 0.14682425257333795, 
  "activity": 0.007667089823633157
}