{
  "bolusiob": 0, 
  "iob": 0.6805080623883333, 
  "activity": 0.017954585537918868
}