{
  "bolusiob": 0, 
  "iob": 0.4523518194221846, 
  "activity": 0.0033103350440917096
}