{
  "bolusiob": 0, 
  "iob": -0.13246945513222236, 
  "activity": 0.0022861375661375654
}