{
  "bolusiob": 0, 
  "iob": 0.6588352582125557, 
  "activity": 0.006115502645502646
}