{
  "bolusiob": 0, 
  "iob": 0.22524903573, 
  "activity": 0.0019022222222222218
}