{
  "bolusiob": 0.038488557599999806, 
  "iob": 0.7193273852593536, 
  "activity": 0.0234361902116402
}