{
  "bolusiob": 0.9784944462222223, 
  "iob": 1.3458419334533334, 
  "activity": 0.006115308641975308
}