{
  "bolusiob": 0, 
  "iob": -0.22608498185151044, 
  "activity": -0.0056891709876543215
}