{
  "bolusiob": 0, 
  "iob": 0.3362238062000001, 
  "activity": 0.010735449735449733
}