{
  "bolusiob": 0, 
  "iob": 0.5082776292597367, 
  "activity": 0.006519065238095235
}