{
  "bolusiob": 0, 
  "iob": 1.020443707610066, 
  "activity": 0.021816807936507927
}