{
  "bolusiob": 0, 
  "iob": 0.052026260891844534, 
  "activity": -0.0010962346913580246
}