{
  "bolusiob": 0, 
  "iob": 0.2911355945717392, 
  "activity": 0.005159810758377424
}