{
  "bolusiob": 2.459595677102222, 
  "iob": 3.122965873268889, 
  "activity": 0.01705828924162257
}