{
  "bolusiob": -0.00015448917333333868, 
  "iob": 0.0816281034146756, 
  "activity": 0.003570969894179893
}