{
  "bolusiob": 0.516714482466667, 
  "iob": 3.4333383523966665, 
  "activity": 0.057112839506172824
}