{
  "bolusiob": 0, 
  "iob": -0.22436154924684917, 
  "activity": 0.009735877865961194
}