{
  "bolusiob": 0, 
  "iob": 0.1569209809807138, 
  "activity": 0.003916349118165784
}