{
  "bolusiob": 0.9700355454222223, 
  "iob": 0.9908636930222222, 
  "activity": 0.001316049382716049
}