{
  "bolusiob": 0, 
  "iob": 0.18211666216666667, 
  "activity": 0.004532980599647265
}