{
  "bolusiob": 0, 
  "iob": -0.13227100231833333, 
  "activity": -0.0008256172839506172
}