{
  "bolusiob": 0.1544787035733334, 
  "iob": 0.887923908888889, 
  "activity": 0.009385114638447968
}