{
  "bolusiob": 0, 
  "iob": 0.1982141361194445, 
  "activity": -0.0011422310405643742
}