{
  "bolusiob": 0, 
  "iob": 0.36616865988475034, 
  "activity": 0.0005386999999999999
}