{
  "bolusiob": 0.2117409578266666, 
  "iob": 1.192537123376435, 
  "activity": 0.015915114726631388
}