{
  "bolusiob": 0.11328420560000019, 
  "iob": 1.2236900244333335, 
  "activity": 0.025054320987654317
}