{
  "bolusiob": 0, 
  "iob": 0.40385028261599176, 
  "activity": 0.0015353917989417985
}