{
  "bolusiob": 1.4553873506133332, 
  "iob": 2.3267945944724997, 
  "activity": 0.014110308641975306
}