{
  "bolusiob": 0, 
  "iob": 0.6812710994333335, 
  "activity": 0.01846384479717813
}