{
  "bolusiob": 0, 
  "iob": 0.10459052293033336, 
  "activity": -0.0015544003527336856
}