{
  "bolusiob": 0, 
  "iob": 0.26357954956, 
  "activity": 0.0016511111111111108
}