{
  "bolusiob": 0.0256883931733334, 
  "iob": 0.943676931066667, 
  "activity": 0.024455731922398586
}