{
  "bolusiob": 0, 
  "iob": -0.1156313676929282, 
  "activity": -0.0011845766313932978
}