{
  "bolusiob": 0, 
  "iob": 0.29177456338833335, 
  "activity": 0.011954585537918866
}