{
  "bolusiob": 0.032019268733333356, 
  "iob": 0.8098887065266666, 
  "activity": 0.019457980599647262
}