{
  "bolusiob": 0, 
  "iob": 0.14508384930808263, 
  "activity": 0.0012187212522045852
}