{
  "bolusiob": 0, 
  "iob": 0.5402353796422223, 
  "activity": 0.008331075837742502
}