{
  "bolusiob": 0, 
  "iob": 0.30169181685091107, 
  "activity": 0.007423174444444442
}