{
  "bolusiob": 0, 
  "iob": 0.5005398694555557, 
  "activity": 0.008049171075837741
}