{
  "bolusiob": 1.2989299555555556, 
  "iob": 1.4285847344296636, 
  "activity": 0.004117151410934744
}