{
  "bolusiob": 1.616065419377778, 
  "iob": 2.0935167422822225, 
  "activity": 0.015946155202821867
}