{
  "bolusiob": 0, 
  "iob": -0.08745791865769048, 
  "activity": 0.001129682275132275
}