{
  "bolusiob": 0, 
  "iob": 0.6316490557641562, 
  "activity": 0.007918927089947089
}