{
  "bolusiob": 0, 
  "iob": 0.7357493650688888, 
  "activity": 0.008464179894179894
}