{
  "bolusiob": 0, 
  "iob": -0.14950619198, 
  "activity": -9.592592592592593e-05
}