{
  "bolusiob": 0, 
  "iob": 0.3054351820922943, 
  "activity": 0.004755158641975308
}