{
  "bolusiob": 0, 
  "iob": -0.0998244129088889, 
  "activity": -3.91358024691358e-05
}