{
  "bolusiob": 0.2985131733333335, 
  "iob": 1.3841840364109015, 
  "activity": 0.02382581973544973
}