{
  "bolusiob": 0, 
  "iob": -0.31445995337555555, 
  "activity": 0.0005994885361552028
}