{
  "bolusiob": 0, 
  "iob": 0.36580083001459807, 
  "activity": 0.0031557854144620805
}