{
  "bolusiob": 0.07732546880000007, 
  "iob": 1.2818753288495335, 
  "activity": 0.025177584232804227
}