{
  "bolusiob": 0, 
  "iob": 0.7572847553656944, 
  "activity": 0.015157680776014105
}