{
  "bolusiob": 0.3678864759466667, 
  "iob": 1.419623630242489, 
  "activity": 0.01473463844797178
}