{
  "bolusiob": 0, 
  "iob": 0.12167178011719804, 
  "activity": 0.0030792766313932976
}