{
  "bolusiob": 0, 
  "iob": 0.025448842631564297, 
  "activity": 0.0015459522045855375
}