{
  "bolusiob": 0.3033259576666667, 
  "iob": 2.104048560838658, 
  "activity": 0.03846921111111111
}