{
  "bolusiob": 1.1895368420266668, 
  "iob": 2.2070179892012285, 
  "activity": 0.022398730264550262
}