{
  "bolusiob": 2.3443978326577777, 
  "iob": 2.8185391668280055, 
  "activity": 0.015276296031746026
}