{
  "bolusiob": 0.960364152, 
  "iob": 2.160888657373611, 
  "activity": 0.01742261904761904
}