{
  "bolusiob": 0, 
  "iob": 0.02056156865333335, 
  "activity": 0.002531569664902997
}