{
  "bolusiob": 0, 
  "iob": -0.29143491692139367, 
  "activity": -0.0018887568430335099
}