{
  "bolusiob": 0, 
  "iob": 0.46826101822718424, 
  "activity": 0.007597252486772483
}