{
  "bolusiob": 1.8608396120000001, 
  "iob": 2.279351663822222, 
  "activity": 0.020464329805996467
}