{
  "bolusiob": 0, 
  "iob": 0.15223210375666668, 
  "activity": -0.0034819047619047616
}