{
  "bolusiob": 0, 
  "iob": 0.6956270520179116, 
  "activity": 0.020665591181657842
}