{
  "bolusiob": 1.43190255456, 
  "iob": 1.771546134236667, 
  "activity": 0.01707954144620811
}