{
  "bolusiob": 0, 
  "iob": 0.0219292764619999, 
  "activity": 0.003896701940035269
}