{
  "bolusiob": 0, 
  "iob": 0.013357349170555512, 
  "activity": 0.004104850088183422
}