{
  "bolusiob": 0, 
  "iob": 0.17768724669944447, 
  "activity": 0.0008917195767195758
}