{
  "bolusiob": 0, 
  "iob": -0.14081050001686862, 
  "activity": 0.012566207848324516
}