{
  "bolusiob": 0.12352839715999982, 
  "iob": 1.5438770628670446, 
  "activity": 0.028788606437389768
}