{
  "bolusiob": 0, 
  "iob": -0.04947935238444445, 
  "activity": -7.123456790123456e-05
}