{
  "bolusiob": 0.47102009600000005, 
  "iob": 0.9354075873212848, 
  "activity": 0.007768897619047617
}