{
  "bolusiob": 1.3652825599999998, 
  "iob": 2.003668615666056, 
  "activity": 0.013801093386243385
}