{
  "bolusiob": 1.1891374026666666, 
  "iob": 1.7626694578930628, 
  "activity": 0.013478853985890651
}