{
  "bolusiob": 1.3971034441955557, 
  "iob": 2.1663680148711117, 
  "activity": 0.029371851851851843
}