{
  "bolusiob": 0, 
  "iob": -0.3885569958202725, 
  "activity": -0.00568388377425044
}