{
  "bolusiob": 0, 
  "iob": -0.055446950607444256, 
  "activity": 0.009319523809523809
}