{
  "bolusiob": 0, 
  "iob": 0.5387108026150227, 
  "activity": 0.008085963862433862
}