{
  "bolusiob": 0.4146047363333333, 
  "iob": 2.0472872591105555, 
  "activity": 0.03039944444444444
}