{
  "bolusiob": 0.31032429864000016, 
  "iob": 0.904217574067222, 
  "activity": 0.017796719576719574
}