{
  "bolusiob": 0, 
  "iob": -0.24280577226222227, 
  "activity": -0.001051746031746032
}