{
  "bolusiob": 0, 
  "iob": -0.20274328279500003, 
  "activity": -0.0009868959435626098
}