{
  "bolusiob": 0.1293542906666667, 
  "iob": 0.37821618975110627, 
  "activity": 0.0023366048148148145
}