{
  "bolusiob": 0.0030590830933333816, 
  "iob": 0.9114236982533337, 
  "activity": 0.028656860670194
}