{
  "bolusiob": 0, 
  "iob": 0.5694821955101288, 
  "activity": 0.004671040687830688
}