{
  "bolusiob": 0, 
  "iob": 0.8925872145334526, 
  "activity": 0.018240140828924157
}