{
  "bolusiob": 2.34934898656, 
  "iob": 2.6004353009649996, 
  "activity": 0.008347354497354496
}