{
  "bolusiob": 0, 
  "iob": -0.5436166267473214, 
  "activity": -0.004061587372134037
}