{
  "bolusiob": 1.0202744132266668, 
  "iob": 1.0770494568949998, 
  "activity": 0.0016141622574955897
}