{
  "bolusiob": 1.8261157415822225, 
  "iob": 2.3771051243116927, 
  "activity": 0.021641533756613745
}