{
  "bolusiob": 1.33583576, 
  "iob": 2.093583797298366, 
  "activity": 0.017210179012345676
}