{
  "bolusiob": 0, 
  "iob": 0.15211284375977774, 
  "activity": -0.001699444444444444
}