{
  "bolusiob": 0.05378755946666669, 
  "iob": 0.9734426939847778, 
  "activity": 0.02188336155202821
}