{
  "bolusiob": 0, 
  "iob": 0.04893424442652298, 
  "activity": 0.0032799934391534395
}