{
  "bolusiob": 0, 
  "iob": 0.01639410535166668, 
  "activity": 0.0007977954144620812
}