{
  "bolusiob": 1.5650724855822225, 
  "iob": 2.3303367353000004, 
  "activity": 0.02954061728395061
}