{
  "bolusiob": 0, 
  "iob": 0.49574231632596033, 
  "activity": 0.008897601781305107
}