{
  "bolusiob": 0, 
  "iob": 0.5186254446, 
  "activity": 0.01535449735449735
}