{
  "bolusiob": 0, 
  "iob": 0.7840668496535051, 
  "activity": 0.01055054925925926
}