{
  "bolusiob": 0, 
  "iob": 0.27128972998333306, 
  "activity": 0.004541172839506169
}