{
  "bolusiob": 0, 
  "iob": 0.9362767372712356, 
  "activity": 0.018537045961199285
}