{
  "bolusiob": 0, 
  "iob": 0.11593054650532808, 
  "activity": 0.007370017372134035
}