{
  "bolusiob": 0, 
  "iob": -0.18365080175666665, 
  "activity": -0.0012934832451499114
}