{
  "bolusiob": 0, 
  "iob": -0.09717225116444445, 
  "activity": -0.00021580246913580244
}