{
  "bolusiob": 0, 
  "iob": 0.2096690743668377, 
  "activity": -0.0007965695414462082
}