{
  "bolusiob": 0, 
  "iob": 0.07792387212222222, 
  "activity": 0.0015404585537918865
}