{
  "bolusiob": 2.342564668, 
  "iob": 2.930561693601637, 
  "activity": 0.015416595590828922
}