{
  "bolusiob": 0, 
  "iob": 0.8908806460996602, 
  "activity": 0.008667561710758375
}