{
  "bolusiob": 0, 
  "iob": 0.5652440931766668, 
  "activity": 0.010114250440917107
}