{
  "bolusiob": 0.6851842298266668, 
  "iob": 1.8050734790433336, 
  "activity": 0.024500264550264543
}