{
  "bolusiob": 0, 
  "iob": -0.021720417709666654, 
  "activity": -0.0011541975308641973
}