{
  "bolusiob": 0.9447202051333333, 
  "iob": 1.4919403507423203, 
  "activity": 0.00843763677248677
}