{
  "bolusiob": 0.20013073386666677, 
  "iob": 1.198032050908472, 
  "activity": 0.02132223985890653
}