{
  "bolusiob": 0, 
  "iob": -0.0714760236255988, 
  "activity": -0.000973591622574956
}