{
  "bolusiob": 0, 
  "iob": -0.3118865666184657, 
  "activity": -0.00632813414462081
}