{
  "bolusiob": 0, 
  "iob": 0.251778047506528, 
  "activity": 0.017446472663139315
}