{
  "bolusiob": 0.201385129, 
  "iob": 1.5391979090229448, 
  "activity": 0.02626556472663139
}