{
  "bolusiob": 0, 
  "iob": -0.13094269949855, 
  "activity": -0.0025259788359788347
}