{
  "bolusiob": 0, 
  "iob": 0.0780981998611111, 
  "activity": 0.0024410582010582008
}