{
  "bolusiob": 0, 
  "iob": -0.45364906905777785, 
  "activity": -0.005905079365079365
}