{
  "bolusiob": 0, 
  "iob": 0.5772572805133334, 
  "activity": 0.012251216931216929
}