{
  "bolusiob": 0, 
  "iob": -0.5001039552365849, 
  "activity": -0.006896966402116401
}