{
  "bolusiob": 2.7085455744, 
  "iob": 3.1553290372066667, 
  "activity": 0.019726631393298055
}