{
  "bolusiob": 0.5808049155555557, 
  "iob": 2.1457399204444445, 
  "activity": 0.028039012345679
}