{
  "bolusiob": 0.74364661184, 
  "iob": 2.8414935357515465, 
  "activity": 0.04540537908289241
}