{
  "bolusiob": 0, 
  "iob": -0.15367022290656834, 
  "activity": 0.0001984568077601412
}