{
  "bolusiob": 0.6630665112177778, 
  "iob": 0.4376015871773505, 
  "activity": -7.000037037036997e-05
}