{
  "bolusiob": 0, 
  "iob": -0.07919258768050816, 
  "activity": -0.0006634036155202828
}