{
  "bolusiob": 0.13889599680000003, 
  "iob": 1.585134176124965, 
  "activity": 0.024114103403880063
}