{
  "bolusiob": 0, 
  "iob": -0.21802736863744449, 
  "activity": -0.0015909876543209879
}