{
  "bolusiob": 0.9435702033066666, 
  "iob": 1.0743187416749704, 
  "activity": 0.005456487301587299
}