{
  "bolusiob": 0, 
  "iob": -0.24321816032364724, 
  "activity": -0.0007472664550264546
}