{
  "bolusiob": 0, 
  "iob": -0.25525100709692433, 
  "activity": -0.001880829047619047
}