{
  "bolusiob": 0.19996085880000003, 
  "iob": 1.0767362749365277, 
  "activity": 0.01441639984126984
}