{
  "bolusiob": 3.586078658488889, 
  "iob": 4.011090837395783, 
  "activity": 0.013545573104056435
}