{
  "bolusiob": 0, 
  "iob": 0.7916067417033941, 
  "activity": 0.007075462839506172
}