{
  "bolusiob": 0, 
  "iob": -0.5166930622606708, 
  "activity": -0.0031078132275132275
}