{
  "bolusiob": 0, 
  "iob": -0.15084107051190404, 
  "activity": -0.000344682627865961
}