{
  "bolusiob": 0, 
  "iob": 0.10060375322201391, 
  "activity": 0.005615520282186947
}