{
  "bolusiob": 0, 
  "iob": 0.04371095283357603, 
  "activity": 0.01604470873015872
}