{
  "bolusiob": 0.18763296454666667, 
  "iob": 1.2187279079422224, 
  "activity": 0.018892098765432092
}