{
  "bolusiob": 0, 
  "iob": -0.30146413472100003, 
  "activity": -0.0019241271075837736
}