{
  "bolusiob": 1.6727114321777776, 
  "iob": 2.3419947508953456, 
  "activity": 0.018013056102292764
}