{
  "bolusiob": 0.2405956232933334, 
  "iob": 2.273783326645695, 
  "activity": 0.03810402998236331
}