{
  "bolusiob": 4.4331190976, 
  "iob": 5.015444307677778, 
  "activity": 0.02253059964726631
}