{
  "bolusiob": 1.0505667022, 
  "iob": 1.7834843204145834, 
  "activity": 0.01123350088183421
}