{
  "bolusiob": 0, 
  "iob": 0.15351436847007652, 
  "activity": 0.0013278834215167546
}