{
  "bolusiob": 0, 
  "iob": 0.4895055262314715, 
  "activity": 0.008281957777777776
}