{
  "bolusiob": 1.09342742784, 
  "iob": 1.6055240677261942, 
  "activity": 0.014317239858906523
}