{
  "bolusiob": 0, 
  "iob": 0.30373858503683393, 
  "activity": 0.005109785590828923
}