{
  "bolusiob": 0, 
  "iob": 0.11637527001777583, 
  "activity": 0.0026327334215167546
}