{
  "bolusiob": 0, 
  "iob": 0.07384834648555556, 
  "activity": 0.001874955908289241
}