{
  "bolusiob": 1.0009481314488888, 
  "iob": 2.0511729750531114, 
  "activity": 0.016993880070546735
}