{
  "bolusiob": 0.9462256503466668, 
  "iob": 2.9491079317192272, 
  "activity": 0.03363846544973545
}