{
  "bolusiob": -0.0001659713600000501, 
  "iob": 0.6630436260056943, 
  "activity": 0.011403924162257491
}