{
  "bolusiob": 0, 
  "iob": -0.07685309349424103, 
  "activity": -0.0019149618165784827
}