{
  "bolusiob": 0, 
  "iob": 0.908142837941878, 
  "activity": 0.010168130917107585
}