{
  "bolusiob": 0, 
  "iob": 1.3645170063505556, 
  "activity": 0.039045679012345666
}