{
  "bolusiob": 0, 
  "iob": -0.03752847023131667, 
  "activity": 0.0021557140388007044
}