{
  "bolusiob": 0.9951524136222221, 
  "iob": 1.5631150328238888, 
  "activity": 0.013183156966490297
}