{
  "bolusiob": 2.253070988, 
  "iob": 2.163852816944028, 
  "activity": 0.0022638712522045842
}