{
  "bolusiob": 0, 
  "iob": 0.7805675871497465, 
  "activity": 0.005586900599647267
}