{
  "bolusiob": 0, 
  "iob": -0.0517328569088889, 
  "activity": 0.0033673015873015863
}