{
  "bolusiob": 0, 
  "iob": 0.05620768735349787, 
  "activity": -0.0002708643209876543
}