{
  "bolusiob": 0, 
  "iob": 0.12623266640144587, 
  "activity": 0.0009125823985890668
}