{
  "bolusiob": 0, 
  "iob": 0.44246627190838456, 
  "activity": 0.005965462363315696
}