{
  "bolusiob": 0, 
  "iob": 0.09863828407555555, 
  "activity": 0.00015950617283950618
}