{
  "bolusiob": 0, 
  "iob": -0.13692952198067582, 
  "activity": 0.0036633508641975283
}