{
  "bolusiob": 0, 
  "iob": 0.20062490880518247, 
  "activity": 0.002139523544973544
}