{
  "bolusiob": 0, 
  "iob": -0.1846262086041111, 
  "activity": -0.001941146384479717
}