{
  "bolusiob": 0, 
  "iob": -0.22820429155966676, 
  "activity": -0.0016242504409171073
}