{
  "bolusiob": 0, 
  "iob": 0.010180288633750062, 
  "activity": 0.008180793650793645
}