{
  "bolusiob": 0.3389078826000002, 
  "iob": 3.2992240771600003, 
  "activity": 0.062282010582010564
}