{
  "bolusiob": 0.23062756786666672, 
  "iob": 1.3426606947775555, 
  "activity": 0.021154038800705467
}