{
  "bolusiob": 0, 
  "iob": 0.4535098568866668, 
  "activity": 0.01810095238095238
}