{
  "bolusiob": 0, 
  "iob": -0.19824597654340195, 
  "activity": 0.0029269219047619046
}