{
  "bolusiob": 0, 
  "iob": 0.6722227148439345, 
  "activity": 0.00750469209876543
}