{
  "bolusiob": 0, 
  "iob": 0.3597950203483071, 
  "activity": 0.0011280096119929458
}