{
  "bolusiob": 2.1072134744444444, 
  "iob": 4.551024962998889, 
  "activity": 0.039114497354497346
}