{
  "bolusiob": 0, 
  "iob": 0.020791693106696207, 
  "activity": -0.0021233066666666665
}