{
  "bolusiob": 0.10152802730666668, 
  "iob": 0.0909736168848001, 
  "activity": 0.00442068770723104
}