{
  "bolusiob": 0, 
  "iob": 0.1695864603297778, 
  "activity": 0.006009444444444444
}