{
  "bolusiob": 0, 
  "iob": 0.07186647743201394, 
  "activity": 0.006052398589065255
}