{
  "bolusiob": 0, 
  "iob": -0.1021110898713333, 
  "activity": 0.007854197530864197
}