{
  "bolusiob": 0, 
  "iob": -0.7241583303338889, 
  "activity": -0.004945
}