{
  "bolusiob": 0.3254356274133332, 
  "iob": 1.9470664224683332, 
  "activity": 0.03660405643738976
}