{
  "bolusiob": 0, 
  "iob": -0.04381033708611112, 
  "activity": -0.0006261728395061728
}