{
  "bolusiob": 0, 
  "iob": 0.29295034709347223, 
  "activity": 0.0017690917107583775
}