{
  "bolusiob": 0.39658492773333354, 
  "iob": 1.6972058070711113, 
  "activity": 0.019376049382716042
}