{
  "bolusiob": 0.25353882282666673, 
  "iob": 0.41024343297203203, 
  "activity": 0.0019536634744268073
}