{
  "bolusiob": 0.023732038026666413, 
  "iob": 1.3613454292589995, 
  "activity": 0.027875290846560843
}