{
  "bolusiob": 2.3047188396622227, 
  "iob": 2.8522883448190983, 
  "activity": 0.014804127354497355
}