{
  "bolusiob": 0.8584695680000001, 
  "iob": 1.3114977348912897, 
  "activity": 0.008688254338624336
}