{
  "bolusiob": 0, 
  "iob": -0.4020062478520624, 
  "activity": -0.0020915874074074075
}