{
  "bolusiob": 0, 
  "iob": 0.13309517676419452, 
  "activity": 0.0029637073368606695
}