{
  "bolusiob": 0.08994660553333346, 
  "iob": 1.1019999796815192, 
  "activity": 0.02655146358024691
}