{
  "bolusiob": 0.3096626766933335, 
  "iob": 2.3925824752888887, 
  "activity": 0.04744687830687829
}