{
  "bolusiob": 0, 
  "iob": 0.5332743738922655, 
  "activity": 0.006313254091710756
}