{
  "bolusiob": 0.013402362599999496, 
  "iob": 2.3916421149100007, 
  "activity": 0.05673915343915342
}