{
  "bolusiob": 0, 
  "iob": -0.061224467980499374, 
  "activity": -0.004226419664902998
}