{
  "bolusiob": 0, 
  "iob": 0.16109859888795988, 
  "activity": 0.002096340211640212
}