{
  "bolusiob": 2.5995185292444445, 
  "iob": 4.745959864473333, 
  "activity": 0.03633543209876542
}