{
  "bolusiob": 3.0695617645866666, 
  "iob": 3.3205707074928124, 
  "activity": 0.008334387125220456
}