{
  "bolusiob": 0, 
  "iob": -0.20244681898922223, 
  "activity": -0.0028186596119929453
}