{
  "bolusiob": 0, 
  "iob": 0.012565211753888895, 
  "activity": -0.000396437389770723
}