{
  "bolusiob": 0, 
  "iob": -0.12100079025555555, 
  "activity": 0.0031302116402116414
}