{
  "bolusiob": 0, 
  "iob": 0.37644300799462216, 
  "activity": 0.005447372257495591
}