{
  "bolusiob": 4.859254025813333, 
  "iob": 5.199869409453333, 
  "activity": 0.01768613756613756
}