{
  "bolusiob": 0, 
  "iob": 0.2889361621311037, 
  "activity": 0.006210000035273367
}