{
  "bolusiob": 0, 
  "iob": 0.33375608405333346, 
  "activity": 0.009110405643738976
}