{
  "bolusiob": 0.3425394297600001, 
  "iob": 1.320443895902222, 
  "activity": 0.02814962962962963
}