{
  "bolusiob": 0, 
  "iob": 0.12801583493804913, 
  "activity": 0.002740634656084656
}