{
  "bolusiob": 0, 
  "iob": -0.2802341815161067, 
  "activity": -0.00023160506172839357
}