{
  "bolusiob": 2.053954926506667, 
  "iob": 3.511803683342514, 
  "activity": 0.03078010590828924
}