{
  "bolusiob": 0.11361609320000005, 
  "iob": 1.3337637086524192, 
  "activity": 0.02532601456790123
}