{
  "bolusiob": 0.14597527200000002, 
  "iob": 1.4727101328144974, 
  "activity": 0.025754039188712514
}