{
  "bolusiob": 0, 
  "iob": 0.6134548670647777, 
  "activity": 0.007357813051146384
}