{
  "bolusiob": 0, 
  "iob": 0.5572973444784552, 
  "activity": 0.008094686613756613
}