{
  "bolusiob": 0, 
  "iob": 0.07483747572666667, 
  "activity": 0.0015275485008818335
}