{
  "bolusiob": 0, 
  "iob": 0.542264729761943, 
  "activity": 0.005711667037037035
}