{
  "bolusiob": 0, 
  "iob": -0.2946757143380762, 
  "activity": -0.001213245520282187
}