{
  "bolusiob": 0, 
  "iob": -0.06758392122503847, 
  "activity": 0.0023382891534391523
}