{
  "bolusiob": 0, 
  "iob": 0.45343489330445674, 
  "activity": 0.008346296137566137
}