{
  "bolusiob": 0, 
  "iob": 0.040247619213958336, 
  "activity": 0.0008080246913580247
}