{
  "bolusiob": 0, 
  "iob": -0.16368689373333337, 
  "activity": -0.001752548500881834
}