{
  "bolusiob": 0.5106638318133333, 
  "iob": 1.2314998804540276, 
  "activity": 0.024549065255731917
}