{
  "bolusiob": 0.1558777554, 
  "iob": 0.08217143281944447, 
  "activity": -0.0006056172839506175
}