{
  "bolusiob": 0.43388539156000017, 
  "iob": 1.6493762563393055, 
  "activity": 0.01977279541446208
}