{
  "bolusiob": 0, 
  "iob": 0.5320987021518893, 
  "activity": 0.0053071167548500876
}