{
  "bolusiob": 0, 
  "iob": 0.7988017211076539, 
  "activity": 0.010645840158730158
}