{
  "bolusiob": 6.339459999998853e-05, 
  "iob": 1.0348023194834475, 
  "activity": 0.01856835135802469
}