{
  "bolusiob": 0, 
  "iob": 0.2745043050003473, 
  "activity": 0.002533641975308642
}