{
  "bolusiob": 0.24860861162666673, 
  "iob": 0.41384593367975964, 
  "activity": 0.0020007383950617274
}