{
  "bolusiob": 0.013618822746666481, 
  "iob": 0.6971038623054167, 
  "activity": 0.015507451499118162
}