{
  "bolusiob": 0, 
  "iob": 0.721814860937, 
  "activity": 0.0151558024691358
}