{
  "bolusiob": 0, 
  "iob": 0.3510565751648636, 
  "activity": 0.0033349682716049375
}