{
  "bolusiob": 0, 
  "iob": 0.048683800244999936, 
  "activity": 0.011039320987654314
}