{
  "bolusiob": 1.0027670697244444, 
  "iob": 1.3940654452528183, 
  "activity": 0.007140882204585537
}