{
  "bolusiob": 0.1492957482666667, 
  "iob": 1.0933963237245126, 
  "activity": 0.024708447707231036
}