{
  "bolusiob": 1.1729605718044445, 
  "iob": 2.250422808541109, 
  "activity": 0.021803721075837737
}