{
  "bolusiob": 0.45601292800000004, 
  "iob": 1.1268120136023614, 
  "activity": 0.02417497354497354
}