{
  "bolusiob": 0, 
  "iob": 0.7797831091604508, 
  "activity": 0.018195150105820103
}