{
  "bolusiob": 0, 
  "iob": -0.09980836944444443, 
  "activity": -4.320987654320987e-05
}