{
  "bolusiob": 0, 
  "iob": 0.9496638940179664, 
  "activity": 0.019805585555555554
}