{
  "bolusiob": 0.8672381713066668, 
  "iob": 1.821462687977761, 
  "activity": 0.020704391746031735
}