{
  "bolusiob": 0, 
  "iob": 0.4637270444679166, 
  "activity": 0.012031366843033506
}