{
  "bolusiob": 1.13764666368, 
  "iob": 2.6905356392437154, 
  "activity": 0.03378561728395061
}