{
  "bolusiob": 1.11402067776, 
  "iob": 1.9872247837163688, 
  "activity": 0.02173407417989417
}