{
  "bolusiob": 0, 
  "iob": 0.21479342742125646, 
  "activity": -0.0006702379188712522
}