{
  "bolusiob": 0, 
  "iob": 0.3615592057081913, 
  "activity": 0.01285356271604938
}