{
  "bolusiob": 0, 
  "iob": 0.4239044988753912, 
  "activity": 0.004786114814814814
}