{
  "bolusiob": 0.03335106857333327, 
  "iob": 0.5678457583899067, 
  "activity": 0.014772416102292766
}