{
  "bolusiob": 0, 
  "iob": 0.3751099259088889, 
  "activity": 0.008147019400352734
}