{
  "bolusiob": 0, 
  "iob": 0.40869244834954294, 
  "activity": 0.0020332631569664897
}