{
  "bolusiob": 0, 
  "iob": 0.11189701292662652, 
  "activity": 0.0013517723104056435
}