{
  "bolusiob": 0, 
  "iob": 0.15803100624133992, 
  "activity": 0.0004540477425044097
}