{
  "bolusiob": 0, 
  "iob": 0.09873069696777777, 
  "activity": 0.00290811287477954
}