{
  "bolusiob": 0, 
  "iob": 0.3614670755561112, 
  "activity": 0.014028730158730152
}