{
  "bolusiob": 0, 
  "iob": 0.3939736609375969, 
  "activity": 0.0033502443738977063
}