{
  "bolusiob": 0, 
  "iob": -0.378925426065492, 
  "activity": -0.0007210937389770727
}