{
  "bolusiob": 0, 
  "iob": 0.0010893601066666535, 
  "activity": 0.0002377425044091705
}