{
  "bolusiob": 0, 
  "iob": -0.0397901608142894, 
  "activity": -0.002205639735449735
}