{
  "bolusiob": 0, 
  "iob": -0.11599852852522224, 
  "activity": -0.002258433862433861
}