{
  "bolusiob": 0, 
  "iob": 0.597720302024015, 
  "activity": 0.008316309029982361
}