{
  "bolusiob": 0, 
  "iob": 0.23915539828680563, 
  "activity": 0.008385388007054672
}