{
  "bolusiob": 0, 
  "iob": 0.6411231430272472, 
  "activity": 0.007867680687830687
}