{
  "bolusiob": 0, 
  "iob": 0.8580973135121693, 
  "activity": 0.028899047724867715
}