{
  "bolusiob": 0, 
  "iob": -0.5236442235445556, 
  "activity": -0.006877361552028213
}