{
  "bolusiob": 0, 
  "iob": -0.4739929959416668, 
  "activity": -0.0037041975308641966
}