{
  "bolusiob": 0, 
  "iob": 0.6082910865584555, 
  "activity": 0.007145378871252201
}