{
  "bolusiob": 0, 
  "iob": 1.5243008198876768, 
  "activity": 0.041174667813051145
}