{
  "bolusiob": 0, 
  "iob": 0.49553722254306776, 
  "activity": 0.007867530705467371
}