{
  "bolusiob": 0, 
  "iob": -0.382033981552122, 
  "activity": -0.00033109373897707265
}