{
  "bolusiob": 0, 
  "iob": 0.6906161785827836, 
  "activity": 0.0206264524691358
}