{
  "bolusiob": 0.1150536666666666, 
  "iob": 1.4891820638719966, 
  "activity": 0.030272045414462066
}