{
  "bolusiob": 0, 
  "iob": 0.24668740440000003, 
  "activity": 0.0030381481481481475
}