{
  "bolusiob": 0.005083977066666634, 
  "iob": 0.6482789144855555, 
  "activity": 0.009695185185185183
}