{
  "bolusiob": 0, 
  "iob": 0.8395046024640281, 
  "activity": 0.025906199294532625
}