{
  "bolusiob": 0, 
  "iob": 0.1426142969155555, 
  "activity": 0.005079999999999995
}