{
  "bolusiob": 2.3052738090666667, 
  "iob": 2.9536694680066664, 
  "activity": 0.020767195767195764
}