{
  "bolusiob": 0, 
  "iob": 0.32221588906666676, 
  "activity": 0.012218694885361548
}