{
  "bolusiob": 0, 
  "iob": 0.7415161666824153, 
  "activity": 0.005450532345679012
}