{
  "bolusiob": 0, 
  "iob": 0.6116448117508889, 
  "activity": 0.006998183421516754
}