{
  "bolusiob": 0, 
  "iob": -0.1314938208441212, 
  "activity": -0.004856639841269841
}