{
  "bolusiob": 0, 
  "iob": 0.01058644566666668, 
  "activity": 0.0007001763668430335
}