{
  "bolusiob": 0, 
  "iob": 0.7755047786333333, 
  "activity": 0.020082892416225746
}