{
  "bolusiob": 0, 
  "iob": 0.009304599526666669, 
  "activity": 0.0006567901234567899
}