{
  "bolusiob": 1.096717816, 
  "iob": 1.5981758681022222, 
  "activity": 0.017357072310405643
}