{
  "bolusiob": 0, 
  "iob": -0.3770476715677412, 
  "activity": 0.004128858641975307
}