{
  "bolusiob": 0, 
  "iob": -0.024245920138333328, 
  "activity": 0.0010297001763668434
}