{
  "bolusiob": 0.14135876513333323, 
  "iob": 1.1239185017316093, 
  "activity": 0.016946560934744268
}