{
  "bolusiob": 0, 
  "iob": 0.934667405199774, 
  "activity": 0.019759726895943557
}