{
  "bolusiob": 0, 
  "iob": -0.2298417892526453, 
  "activity": -0.00015199320987654345
}