{
  "bolusiob": 0.04226363999999999, 
  "iob": 2.1288939742320396, 
  "activity": 0.04732319717813051
}