{
  "bolusiob": 0, 
  "iob": 0.04034274435166668, 
  "activity": 0.0011951499118165784
}