{
  "bolusiob": 1.6955352206577776, 
  "iob": 2.2761629664073646, 
  "activity": 0.01817907395061728
}