{
  "bolusiob": 0, 
  "iob": 0.7237786715720664, 
  "activity": 0.004539604109347442
}