{
  "bolusiob": 0.20338919362666671, 
  "iob": 1.0970228498850003, 
  "activity": 0.027874620811287477
}