{
  "bolusiob": 0, 
  "iob": 0.5327752463441395, 
  "activity": 0.009991358659611989
}