{
  "bolusiob": 0, 
  "iob": -0.14690851671077781, 
  "activity": -0.0019353262786596117
}