{
  "bolusiob": 1.27776244336, 
  "iob": 1.4386522620066668, 
  "activity": 0.0015539506172839504
}