{
  "bolusiob": 1.4131610781333335, 
  "iob": 2.456640298690591, 
  "activity": 0.028890529470899467
}