{
  "bolusiob": 0.7919654840933333, 
  "iob": 1.5366720202584179, 
  "activity": 0.01878879176366843
}