{
  "bolusiob": 0, 
  "iob": 0.10665599654458334, 
  "activity": 0.0005599206349206348
}