{
  "bolusiob": 0.7815479457466668, 
  "iob": 1.8611956822759723, 
  "activity": 0.01640475308641975
}