{
  "bolusiob": 0, 
  "iob": 0.4460622274902297, 
  "activity": 0.0039540300881834205
}