{
  "bolusiob": 0.34403231596, 
  "iob": 1.2862901301121399, 
  "activity": 0.013363280511463842
}