{
  "bolusiob": 0, 
  "iob": -0.2250073242494271, 
  "activity": -0.003249347354497355
}