{
  "bolusiob": 0.7435299365333337, 
  "iob": 1.8599510836164446, 
  "activity": 0.019962768959435627
}