{
  "bolusiob": 0, 
  "iob": 0.21071828086166816, 
  "activity": 0.002710326596119929
}