{
  "bolusiob": 0, 
  "iob": -0.3067166978816667, 
  "activity": -0.0014304144620811286
}