{
  "bolusiob": -9.919037333336878e-05, 
  "iob": 0.3625096582742225, 
  "activity": 0.020070264550264554
}