{
  "bolusiob": 0, 
  "iob": -0.18475243314013529, 
  "activity": 0.011164003262786593
}