{
  "bolusiob": 0, 
  "iob": 0.5342503346370713, 
  "activity": 0.006902098500881833
}