{
  "bolusiob": 0, 
  "iob": 0.06529036408777777, 
  "activity": 0.0002601410934744268
}