{
  "bolusiob": 0.4173944826666667, 
  "iob": 0.4325268131780773, 
  "activity": 0.002199453350970018
}