{
  "bolusiob": 0, 
  "iob": 0.20844768896955326, 
  "activity": -0.001067063368606701
}