{
  "bolusiob": 0, 
  "iob": 0.7913212305832859, 
  "activity": 0.008570733298059964
}