{
  "bolusiob": 0, 
  "iob": 0.5533760902066667, 
  "activity": 0.014851428571428573
}