{
  "bolusiob": 0.798461195, 
  "iob": 2.360379098048125, 
  "activity": 0.03327385361552027
}