{
  "bolusiob": 0, 
  "iob": -0.30831928395414215, 
  "activity": -0.0018723987125220454
}