{
  "bolusiob": 0, 
  "iob": 0.5399122670500001, 
  "activity": 0.013494708994708993
}