{
  "bolusiob": 0.08655117749333335, 
  "iob": 0.506591975068889, 
  "activity": 0.008431181657848324
}