{
  "bolusiob": 0, 
  "iob": 0.20486811578777775, 
  "activity": 0.005099329805996472
}