{
  "bolusiob": 0, 
  "iob": 0.3682949337600001, 
  "activity": 0.012330158730158728
}