{
  "bolusiob": 0, 
  "iob": 0.3977224492065279, 
  "activity": 0.005720449735449734
}