{
  "bolusiob": 0.0006340504800001145, 
  "iob": 0.6229883294254166, 
  "activity": 0.014622795414462077
}