{
  "bolusiob": 0, 
  "iob": -0.29595272174316667, 
  "activity": -0.004218871252204585
}