{
  "bolusiob": 0, 
  "iob": 0.17061872659847216, 
  "activity": 0.006341701940035268
}