{
  "bolusiob": 0, 
  "iob": 0.1014846829555556, 
  "activity": 0.003966384479717812
}