{
  "bolusiob": 0, 
  "iob": -0.05084701374836905, 
  "activity": 0.0008785889594356259
}