{
  "bolusiob": 0.5899232399999998, 
  "iob": 3.357868592765475, 
  "activity": 0.05085577574955907
}