{
  "bolusiob": 0.17306920246666682, 
  "iob": 1.1571381879256595, 
  "activity": 0.0164699295414462
}