{
  "bolusiob": 0, 
  "iob": 0.62645177309559, 
  "activity": 0.007198262910052908
}