{
  "bolusiob": 0, 
  "iob": 0.27919981142666667, 
  "activity": 0.0011992592592592593
}