{
  "bolusiob": 0, 
  "iob": 1.5962379490800964, 
  "activity": 0.04210253959435626
}