{
  "bolusiob": 0.21317182340000002, 
  "iob": 0.3495300591636887, 
  "activity": 0.0013046298941798936
}