{
  "bolusiob": 1.1603552940622224, 
  "iob": 2.0125084946459726, 
  "activity": 0.013527081128747792
}