{
  "bolusiob": 0, 
  "iob": 0.41068331585853873, 
  "activity": 0.004114576843033509
}