{
  "bolusiob": 0.39533482499999983, 
  "iob": 2.3618291335212507, 
  "activity": 0.03531997354497354
}