{
  "bolusiob": 0, 
  "iob": 0.09913726329111111, 
  "activity": 0.00010506172839506172
}