{
  "bolusiob": 1.0188253401955554, 
  "iob": 1.9445348170794445, 
  "activity": 0.03719830675485007
}