{
  "bolusiob": 0, 
  "iob": 0.7555770333419392, 
  "activity": 0.006296200017636683
}