{
  "bolusiob": 0, 
  "iob": -0.16159488127966667, 
  "activity": -0.0017307407407407402
}