{
  "bolusiob": 0, 
  "iob": 0.39625121765025073, 
  "activity": 0.0033952382010582005
}