{
  "bolusiob": 0.11089687839999993, 
  "iob": 1.0614225317934725, 
  "activity": 0.02072962962962963
}