{
  "bolusiob": 0, 
  "iob": 0.24835593259334182, 
  "activity": 0.0026156880776014107
}