{
  "bolusiob": 0, 
  "iob": 0.5747070240900001, 
  "activity": 0.00796442680776014
}