{
  "bolusiob": 0, 
  "iob": -0.07699061547944458, 
  "activity": -0.001480634920634921
}