{
  "bolusiob": 0, 
  "iob": 0.14875325855383265, 
  "activity": 0.0012095678130511465
}