{
  "bolusiob": 0, 
  "iob": 0.11571405133, 
  "activity": 0.0023477248677248675
}