{
  "bolusiob": 1.2941789582222223, 
  "iob": 1.3947893640466669, 
  "activity": 0.000801358024691358
}