{
  "bolusiob": 0, 
  "iob": 0.5504639282044789, 
  "activity": 0.00647616414462081
}