{
  "bolusiob": 0, 
  "iob": -0.07757839514874998, 
  "activity": -0.0016592328042328041
}