{
  "bolusiob": 0, 
  "iob": -0.2525605257406378, 
  "activity": -0.0017463934567901237
}