{
  "bolusiob": 0.26594727054666656, 
  "iob": 1.4217576741865618, 
  "activity": 0.02718687804232803
}