{
  "bolusiob": 0, 
  "iob": 0.7214978416197934, 
  "activity": 0.006879413086419752
}