{
  "bolusiob": 0, 
  "iob": -0.2024383198769869, 
  "activity": 0.0017691537037037017
}