{
  "bolusiob": 0.02730707033333335, 
  "iob": 1.2803885452055555, 
  "activity": 0.02431227513227513
}