{
  "bolusiob": 0, 
  "iob": -0.1245494041107778, 
  "activity": -0.002211781305114638
}