{
  "bolusiob": 0, 
  "iob": 0.12176083883059097, 
  "activity": 0.0028555112874779536
}