{
  "bolusiob": 0, 
  "iob": 0.40852233873811117, 
  "activity": 0.00382
}