{
  "bolusiob": 1.7130201950755555, 
  "iob": 1.848707981968889, 
  "activity": 0.005066772486772485
}