{
  "bolusiob": 0.03288304974666645, 
  "iob": 1.1483350762437499, 
  "activity": 0.023763201058201056
}