{
  "bolusiob": 0, 
  "iob": 0.6995100424893831, 
  "activity": 0.007526560952380952
}