{
  "bolusiob": 0, 
  "iob": 0.05510754967017349, 
  "activity": 0.0002474075132275135
}