{
  "bolusiob": 0.07967010880000003, 
  "iob": 1.51081661222362, 
  "activity": 0.02453810936507935
}