{
  "bolusiob": 0.7001530530133334, 
  "iob": 2.766877214967437, 
  "activity": 0.03597634382716049
}