{
  "bolusiob": 0, 
  "iob": 0.18750922186711877, 
  "activity": 0.0013793062081128744
}