{
  "bolusiob": 0, 
  "iob": 0.27708376865897794, 
  "activity": 0.0021054937389770726
}