{
  "bolusiob": 0.6005891190577777, 
  "iob": 2.3882275203068897, 
  "activity": 0.051768324391534386
}