{
  "bolusiob": 0.9854837053466665, 
  "iob": 2.4630939389827775, 
  "activity": 0.02426908289241622
}