{
  "bolusiob": 0, 
  "iob": 0.5939877946174068, 
  "activity": 0.007893873809523808
}