{
  "bolusiob": 0, 
  "iob": 0.1378800401961111, 
  "activity": 0.003145220458553792
}