{
  "bolusiob": 0, 
  "iob": 0.19787751281500002, 
  "activity": 0.002109894179894179
}