{
  "bolusiob": 0, 
  "iob": 0.3387886147839444, 
  "activity": 0.002309321111111111
}