{
  "bolusiob": 0, 
  "iob": -0.008228145999999999, 
  "activity": -0.002003721340388007
}