{
  "bolusiob": 0, 
  "iob": -0.2700854580240488, 
  "activity": -0.002329418112874779
}