{
  "bolusiob": 0, 
  "iob": 0.3775404332810276, 
  "activity": 0.003972548624338625
}