{
  "bolusiob": 6.399576949422222, 
  "iob": 6.838413011367223, 
  "activity": 0.015497266313932976
}