{
  "bolusiob": 0, 
  "iob": 0.6385355713340939, 
  "activity": 0.009800547054673718
}