{
  "bolusiob": 0, 
  "iob": 0.7827995698623611, 
  "activity": 0.01585771604938271
}