{
  "bolusiob": 0, 
  "iob": 0.8134982368677572, 
  "activity": 0.025303404144620806
}