{
  "bolusiob": 0.5923634298533332, 
  "iob": 2.24436327678, 
  "activity": 0.035965855379188706
}