{
  "bolusiob": 0, 
  "iob": 0.4979614960265834, 
  "activity": 0.00890100529100529
}