{
  "bolusiob": 0, 
  "iob": -0.2675969113713651, 
  "activity": 0.0056869132098765415
}