{
  "bolusiob": 0.24128268437333336, 
  "iob": 1.981560458747778, 
  "activity": 0.03480659611992945
}