{
  "bolusiob": 0.6444799900266667, 
  "iob": 2.0876283967856235, 
  "activity": 0.023080143650793646
}