{
  "bolusiob": 0, 
  "iob": -0.12882529265759773, 
  "activity": 0.00026584266313932993
}