{
  "bolusiob": 0.5725639839111111, 
  "iob": 2.303117323116782, 
  "activity": 0.05090483232804231
}