{
  "bolusiob": 0, 
  "iob": 0.5287742052675556, 
  "activity": 0.007620335097001763
}