{
  "bolusiob": 0, 
  "iob": 0.2360001276528899, 
  "activity": 0.0030621644620811286
}