{
  "bolusiob": 0.006990068906666647, 
  "iob": 0.29103583601333327, 
  "activity": 0.009482892416225746
}