{
  "bolusiob": 0, 
  "iob": -0.39623903232481583, 
  "activity": -0.005885885097001763
}