{
  "bolusiob": 0.748859946, 
  "iob": 2.547522820523838, 
  "activity": 0.040374670811287476
}