{
  "bolusiob": 0, 
  "iob": 1.4256626929500005, 
  "activity": 0.04354761904761904
}