{
  "bolusiob": 0, 
  "iob": 0.5565820981775554, 
  "activity": 0.009649682539682538
}