{
  "bolusiob": 0, 
  "iob": 0.31449524304851034, 
  "activity": 0.0007222802469135806
}