{
  "bolusiob": 1.4542804138800003, 
  "iob": 2.4607200088322223, 
  "activity": 0.018932557319223983
}