{
  "bolusiob": 0, 
  "iob": 0.7737907046979888, 
  "activity": 0.01809631412698412
}