{
  "bolusiob": 0, 
  "iob": -0.31945628677090215, 
  "activity": -0.004904541569664901
}