{
  "bolusiob": 0.0023886666000002554, 
  "iob": 2.018922366329991, 
  "activity": 0.05024648121693121
}