{
  "bolusiob": 0, 
  "iob": 0.38923536186922225, 
  "activity": 0.003883068783068783
}