{
  "bolusiob": 0, 
  "iob": 0.20172364522388891, 
  "activity": 0.0020091710758377425
}