{
  "bolusiob": 0, 
  "iob": 0.4533158755444446, 
  "activity": 0.011416948853615518
}