{
  "bolusiob": 0.5035809632711111, 
  "iob": 0.4329222643779327, 
  "activity": 0.0006006169135802466
}