{
  "bolusiob": 0.06714886079999999, 
  "iob": 0.6013525552, 
  "activity": 0.010503703703703703
}