{
  "bolusiob": 0, 
  "iob": 0.5274523955698232, 
  "activity": 0.007899859382716042
}