{
  "bolusiob": 1.5867501968888889, 
  "iob": 2.4838097467352784, 
  "activity": 0.013694382716049381
}