{
  "bolusiob": 0, 
  "iob": -0.3343608532937137, 
  "activity": -0.0010606823809523808
}