{
  "bolusiob": 0.09110492526666666, 
  "iob": 0.6965447830104443, 
  "activity": 0.015166878306878302
}