{
  "bolusiob": 1.2036471084800002, 
  "iob": 2.6871870184333337, 
  "activity": 0.023670370370370362
}