{
  "bolusiob": 0, 
  "iob": 0.587289656525007, 
  "activity": 0.007375857971781305
}