{
  "bolusiob": 0.0423700045466665, 
  "iob": 0.7946690246742597, 
  "activity": 0.028299188447971777
}