{
  "bolusiob": 0, 
  "iob": -0.04377417074698915, 
  "activity": 0.0006538773368606696
}