{
  "bolusiob": 0, 
  "iob": -0.2857892969696427, 
  "activity": -0.007232525485008817
}