{
  "bolusiob": 0, 
  "iob": -0.2920778108985711, 
  "activity": -0.0005891715167548502
}