{
  "bolusiob": 0, 
  "iob": 0.19648582588444446, 
  "activity": 0.0003575308641975308
}