{
  "bolusiob": 0.021890933759999908, 
  "iob": 1.1081845944175674, 
  "activity": 0.01771086412698412
}