{
  "bolusiob": 0.3918453504000001, 
  "iob": 1.5265886747752218, 
  "activity": 0.023352486507936504
}