{
  "bolusiob": 0, 
  "iob": -0.3453053999250001, 
  "activity": -0.0005168518518518519
}