{
  "bolusiob": 0, 
  "iob": -0.2710650283623586, 
  "activity": -0.0027494445326278656
}