{
  "bolusiob": 3.3518658177777776, 
  "iob": 4.668478684575903, 
  "activity": 0.032982495590828914
}