{
  "bolusiob": 0, 
  "iob": 0.5507675920564067, 
  "activity": 0.010732258130511454
}