{
  "bolusiob": 0, 
  "iob": 0.3355300786177778, 
  "activity": 0.007678589065255731
}