{
  "bolusiob": 0, 
  "iob": 1.0679923120518615, 
  "activity": 0.02282067028218695
}