{
  "bolusiob": 0, 
  "iob": 0.48428535025399777, 
  "activity": 0.006080458536155201
}