{
  "bolusiob": 0.6281315040000001, 
  "iob": 1.6418292264622225, 
  "activity": 0.028631111111111114
}