{
  "bolusiob": 0, 
  "iob": 0.09757810153111113, 
  "activity": 0.00022061728395061727
}