{
  "bolusiob": 0, 
  "iob": 0.30122459917718303, 
  "activity": 0.002862575432098765
}