{
  "bolusiob": 0.5816929475466667, 
  "iob": 1.751752728454306, 
  "activity": 0.018248562610229273
}