{
  "bolusiob": 0.11824390333333346, 
  "iob": 0.6621020855555556, 
  "activity": 0.009641975308641972
}