{
  "bolusiob": 0, 
  "iob": 0.15183164528444443, 
  "activity": -0.0023996296296296296
}