{
  "bolusiob": 0, 
  "iob": 1.2222812013611113, 
  "activity": 0.03218324514991181
}