{
  "bolusiob": 0, 
  "iob": -0.4125885707266667, 
  "activity": -0.0038640388007054657
}