{
  "bolusiob": 0, 
  "iob": 0.24093375592123054, 
  "activity": -0.0001551143209876544
}