{
  "bolusiob": 0.7889791477466668, 
  "iob": 2.0394378196163987, 
  "activity": 0.024265740388007058
}