{
  "bolusiob": 0, 
  "iob": 1.015510230409028, 
  "activity": 0.01975725749559083
}