{
  "bolusiob": 0, 
  "iob": 0.35856667701431644, 
  "activity": 0.004872619082892416
}