{
  "bolusiob": 0.9909478285866667, 
  "iob": 2.537484029908889, 
  "activity": 0.024965925925925916
}