{
  "bolusiob": 0, 
  "iob": -0.06326710433222227, 
  "activity": 0.005595132275132274
}