{
  "bolusiob": 1.5381779770844444, 
  "iob": 2.003570282019405, 
  "activity": 0.018383818218694885
}