{
  "bolusiob": 0, 
  "iob": -0.10571526437965459, 
  "activity": -0.002777671816578482
}