{
  "bolusiob": 0, 
  "iob": 0.2727208194751028, 
  "activity": 0.005158369594356261
}