{
  "bolusiob": 0.08565578719999997, 
  "iob": 1.0084546938401386, 
  "activity": 0.0204847619047619
}