{
  "bolusiob": 1.796630480711111, 
  "iob": 2.335057960646373, 
  "activity": 0.01458536181657848
}