{
  "bolusiob": 0.1455978286933335, 
  "iob": 1.3128096934390145, 
  "activity": 0.02861772971781305
}