{
  "bolusiob": 0.9839386035733333, 
  "iob": 2.031152596966346, 
  "activity": 0.023925005890652544
}