{
  "bolusiob": 0, 
  "iob": 0.06494969492013894, 
  "activity": 0.003332425044091711
}