{
  "bolusiob": 0, 
  "iob": 0.6409480729179168, 
  "activity": 0.011197266313932978
}