{
  "bolusiob": 0.2026358468266667, 
  "iob": 0.40011615051548854, 
  "activity": 0.0024235955379188698
}