{
  "bolusiob": 1.3706754319999999, 
  "iob": 1.8667462246842281, 
  "activity": 0.014266313668430331
}