{
  "bolusiob": 0, 
  "iob": 0.19378885001722226, 
  "activity": 0.003602275132275132
}