{
  "bolusiob": 0, 
  "iob": 0.5213411107707847, 
  "activity": 0.006712715784832449
}