{
  "bolusiob": 0, 
  "iob": -0.0990365049283263, 
  "activity": 0.002577689611992944
}