{
  "bolusiob": 1.9476277447111112, 
  "iob": 2.39048453472, 
  "activity": 0.014485608465608462
}