{
  "bolusiob": 0, 
  "iob": 0.049844456751203595, 
  "activity": 0.001530454567901234
}