{
  "bolusiob": 0, 
  "iob": 0.5937377312294445, 
  "activity": 0.006691860670194002
}