{
  "bolusiob": 0, 
  "iob": 0.6134226597372994, 
  "activity": 0.005308809805996472
}