{
  "bolusiob": 0, 
  "iob": 0.42129839990268003, 
  "activity": 0.002961763791887124
}