{
  "bolusiob": 0.07162679346666667, 
  "iob": 0.6076710647555557, 
  "activity": 0.010417283950617282
}