{
  "bolusiob": 0.15379058346666669, 
  "iob": 1.213085780114222, 
  "activity": 0.0214421340388007
}