{
  "bolusiob": 0, 
  "iob": 0.3007067122022222, 
  "activity": 0.0020216049382716047
}