{
  "bolusiob": 0.6568504303200001, 
  "iob": 1.2740285554748325, 
  "activity": 0.010179127336860667
}