{
  "bolusiob": 0, 
  "iob": 0.4481671193647778, 
  "activity": 0.0076125044091710755
}