{
  "bolusiob": 0, 
  "iob": 0.056826474939583364, 
  "activity": 0.00422043209876543
}