{
  "bolusiob": 0, 
  "iob": 0.6854660075569489, 
  "activity": 0.006738584162257495
}