{
  "bolusiob": 0.762672848, 
  "iob": 1.4092770686874116, 
  "activity": 0.009417575167548499
}