{
  "bolusiob": 0, 
  "iob": -0.19863337216000002, 
  "activity": -0.0002059259259259259
}