{
  "bolusiob": 0, 
  "iob": 0.5601309366515834, 
  "activity": 0.00931984126984127
}