{
  "bolusiob": 0, 
  "iob": -0.032073524121888825, 
  "activity": 0.004540476190476185
}