{
  "bolusiob": 0.93987049472, 
  "iob": 1.3618783654989726, 
  "activity": 0.014460908289241618
}