{
  "bolusiob": 0, 
  "iob": 0.14101526379778473, 
  "activity": 0.004999816313932982
}