{
  "bolusiob": 0.5427422669200002, 
  "iob": 1.4344749691571772, 
  "activity": 0.014978465520282185
}