{
  "bolusiob": 0, 
  "iob": -0.18801318641375, 
  "activity": -0.005303624338624339
}