{
  "bolusiob": 1.1124202549999997, 
  "iob": 4.20586067009, 
  "activity": 0.05656137566137566
}