{
  "bolusiob": 0.7520077494044445, 
  "iob": 0.4355300083758261, 
  "activity": -0.0006497534567901236
}