{
  "bolusiob": 0.5669603573333334, 
  "iob": 1.5396542568511113, 
  "activity": 0.028539135802469133
}