{
  "bolusiob": 1.3036909664, 
  "iob": 2.134131017156666, 
  "activity": 0.01705086419753086
}