{
  "bolusiob": 0, 
  "iob": 0.5131475924791062, 
  "activity": 0.004981098571428569
}