{
  "bolusiob": 0, 
  "iob": 0.6697589832409272, 
  "activity": 0.007711381922398587
}