{
  "bolusiob": 0.41759976293333334, 
  "iob": 1.5859804491444445, 
  "activity": 0.022190828924162256
}