{
  "bolusiob": 0, 
  "iob": 0.02543920659333334, 
  "activity": 0.0010765432098765431
}