{
  "bolusiob": 0, 
  "iob": 0.5059526057362801, 
  "activity": 0.008465385467372133
}