{
  "bolusiob": 0.09474552575999992, 
  "iob": 1.1409016375586658, 
  "activity": 0.018495721657848317
}