{
  "bolusiob": 0, 
  "iob": 0.8043404858938192, 
  "activity": 0.014798915908289235
}