{
  "bolusiob": 0.7621046784000003, 
  "iob": 1.7637860216375272, 
  "activity": 0.017352204497354494
}