{
  "bolusiob": 0, 
  "iob": -0.3221208998331549, 
  "activity": -0.008003033421516753
}