{
  "bolusiob": 0, 
  "iob": 0.12722942939862042, 
  "activity": 0.003505467283950617
}