{
  "bolusiob": 0, 
  "iob": -0.0815005070822099, 
  "activity": 0.0010598499647266313
}