{
  "bolusiob": 1.7968151203555558, 
  "iob": 2.31135791760515, 
  "activity": 0.02113850079365079
}