{
  "bolusiob": 0, 
  "iob": 0.7133987772296311, 
  "activity": 0.004821720511463845
}