{
  "bolusiob": 1.23274067328, 
  "iob": 1.841358655769528, 
  "activity": 0.011165317460317457
}