{
  "bolusiob": 0, 
  "iob": -0.09982778822399127, 
  "activity": -3.689604938271605e-05
}