{
  "bolusiob": -0.00011253793333332318, 
  "iob": 0.8667966005800491, 
  "activity": 0.026089382451499114
}