{
  "bolusiob": 0, 
  "iob": 0.7051836487072576, 
  "activity": 0.0058154120987654314
}