{
  "bolusiob": 0, 
  "iob": 0.5143512093967322, 
  "activity": 0.00783493811287478
}