{
  "bolusiob": 1.7235698215111113, 
  "iob": 2.155106282088889, 
  "activity": 0.015591710758377422
}