{
  "bolusiob": 0, 
  "iob": -0.37443519535146763, 
  "activity": -0.0010843741622574958
}