{
  "bolusiob": 0.46878594944000007, 
  "iob": 0.43126694161601714, 
  "activity": 0.0007281654144620812
}