{
  "bolusiob": 0, 
  "iob": -0.035944060557395484, 
  "activity": 0.010028306754850082
}