{
  "bolusiob": 0, 
  "iob": 0.027714467126666656, 
  "activity": -0.001226596119929453
}