{
  "bolusiob": 0, 
  "iob": -0.23647448591333334, 
  "activity": -0.0016656172839506166
}