{
  "bolusiob": 0, 
  "iob": 0.3718360673325746, 
  "activity": 0.005129894197530863
}