{
  "bolusiob": 0, 
  "iob": 0.38760007017213893, 
  "activity": 0.0019952998236331568
}