{
  "bolusiob": 0, 
  "iob": 0.26488047904888895, 
  "activity": 0.002758765432098765
}