{
  "bolusiob": 0, 
  "iob": 0.3081119892452013, 
  "activity": 0.0025333949735449742
}