{
  "bolusiob": 0, 
  "iob": 0.5940058579755932, 
  "activity": 0.007076525255731921
}