{
  "bolusiob": 0, 
  "iob": -0.13277236775541668, 
  "activity": -0.0014417548500881832
}