{
  "bolusiob": 0, 
  "iob": 0.6513219106148501, 
  "activity": 0.008187037777777777
}