{
  "bolusiob": 0, 
  "iob": 0.24173621309410717, 
  "activity": 0.003798130211640211
}