{
  "bolusiob": 0, 
  "iob": -0.35007965429111115, 
  "activity": -0.0027198765432098764
}