{
  "bolusiob": 0, 
  "iob": 0.565888070008889, 
  "activity": 0.00970784832451499
}