{
  "bolusiob": 0, 
  "iob": 0.6280788809921567, 
  "activity": 0.003636191216931214
}