{
  "bolusiob": 0, 
  "iob": 0.6080426247553334, 
  "activity": 0.0063869664902998224
}