{
  "bolusiob": 0.17831954186666665, 
  "iob": 0.22495237730912387, 
  "activity": 0.00887559045855379
}