{
  "bolusiob": 0, 
  "iob": 0.6832542436819715, 
  "activity": 0.004273660458553792
}