{
  "bolusiob": 1.86630996992, 
  "iob": 3.05860794074146, 
  "activity": 0.03001652574955908
}