{
  "bolusiob": 0, 
  "iob": 0.4638553956866668, 
  "activity": 0.011402821869488537
}