{
  "bolusiob": 0, 
  "iob": -0.17363082118055556, 
  "activity": 0.00045608465608465583
}