{
  "bolusiob": 0, 
  "iob": 0.00319755542666666, 
  "activity": 0.00037848324514991137
}