{
  "bolusiob": 0.31973572800000005, 
  "iob": 3.033484692, 
  "activity": 0.05402222222222221
}