{
  "bolusiob": 0.12310106666666662, 
  "iob": 0.7804586259615465, 
  "activity": 0.014136190370370364
}