{
  "bolusiob": 0.3248027793066668, 
  "iob": 0.6670310752711112, 
  "activity": 0.005325432098765431
}