{
  "bolusiob": 1.411633757511111, 
  "iob": 2.188162386149553, 
  "activity": 0.019479412716049378
}