{
  "bolusiob": 0, 
  "iob": 0.27492935177875005, 
  "activity": 0.0018341005291005285
}