{
  "bolusiob": 0, 
  "iob": 0.7189276880383335, 
  "activity": 0.008447513227513229
}