{
  "bolusiob": 0, 
  "iob": 0.03631568732000006, 
  "activity": 0.003233862433862433
}