{
  "bolusiob": 0, 
  "iob": -0.17242486125189285, 
  "activity": -0.0019326275132275125
}