{
  "bolusiob": 1.306791566417778, 
  "iob": 1.818708315254071, 
  "activity": 0.018521384356261023
}