{
  "bolusiob": 0, 
  "iob": 0.2886399971394442, 
  "activity": 0.0032235978835978823
}