{
  "bolusiob": 4.1774791862222225, 
  "iob": 5.244726302643333, 
  "activity": 0.028054003527336852
}