{
  "bolusiob": 0, 
  "iob": -0.20313482109046774, 
  "activity": -0.0009147447619047631
}