{
  "bolusiob": 0, 
  "iob": 0.2547029531355556, 
  "activity": 7.842151675485024e-05
}