{
  "bolusiob": 0, 
  "iob": 0.6150842149562372, 
  "activity": 0.008289854003527337
}