{
  "bolusiob": 0, 
  "iob": -0.050818624136666615, 
  "activity": 0.0073725220458553805
}