{
  "bolusiob": 0, 
  "iob": 0.7250801893638852, 
  "activity": 0.006564044126984124
}