{
  "bolusiob": 0, 
  "iob": 0.4623890044882501, 
  "activity": 0.0027005555555555554
}