{
  "bolusiob": 0, 
  "iob": 0.13096943802, 
  "activity": 0.0015461022927689592
}