{
  "bolusiob": 0, 
  "iob": 0.5629601251094444, 
  "activity": 0.003756701940035272
}