{
  "bolusiob": 0, 
  "iob": -0.1281481591627337, 
  "activity": -0.004653068694885361
}