{
  "bolusiob": 0, 
  "iob": -0.16901194192424823, 
  "activity": -0.0037112297178130507
}