{
  "bolusiob": 1.1499188580266666, 
  "iob": 1.144901021445818, 
  "activity": 0.003143201058201058
}