{
  "bolusiob": 0, 
  "iob": 0.6935077803846396, 
  "activity": 0.005938986525573189
}