{
  "bolusiob": 0, 
  "iob": 0.22980715683, 
  "activity": 0.003471869488536155
}