{
  "bolusiob": 0.25894225000000004, 
  "iob": 1.3844061694264447, 
  "activity": 0.02106038800705467
}