{
  "bolusiob": 0, 
  "iob": 0.44912065064343615, 
  "activity": 0.0023462966666666666
}