{
  "bolusiob": 0, 
  "iob": 0.07759864431041505, 
  "activity": 0.001178384797178125
}