{
  "bolusiob": 0, 
  "iob": 0.6825296978490434, 
  "activity": 0.004504110282186949
}