{
  "bolusiob": 0, 
  "iob": 0.1973089850042004, 
  "activity": 0.0045339858024691345
}