{
  "bolusiob": 0, 
  "iob": 0.6085865320034004, 
  "activity": 0.007777647918871251
}