{
  "bolusiob": 0, 
  "iob": 0.20599591620323152, 
  "activity": 0.008350414356261021
}