{
  "bolusiob": 0, 
  "iob": 0.11121521276500004, 
  "activity": 0.0023250264550264545
}