{
  "bolusiob": 0, 
  "iob": -0.00110880365611115, 
  "activity": 0.003661146384479717
}