{
  "bolusiob": 0, 
  "iob": 0.6405102235555286, 
  "activity": 0.008634050899470898
}