{
  "bolusiob": 1.5952282868799998, 
  "iob": 1.8166439958266667, 
  "activity": 0.0063745679012345655
}