{
  "bolusiob": 0, 
  "iob": 0.4882468394264953, 
  "activity": 0.004078783174603174
}