{
  "bolusiob": 0, 
  "iob": 0.03459084175555565, 
  "activity": 0.0044664021164021175
}