{
  "bolusiob": 0.10509162686666662, 
  "iob": 1.3869397315660528, 
  "activity": 0.02481330738977072
}