{
  "bolusiob": 0, 
  "iob": -0.01977304288777932, 
  "activity": 0.005174426543209874
}