{
  "bolusiob": 0, 
  "iob": 0.0001893664466666667, 
  "activity": 8.059964726631385e-05
}