{
  "bolusiob": 0, 
  "iob": -0.15832299581628195, 
  "activity": 0.009702124726631397
}