{
  "bolusiob": 0, 
  "iob": 0.5058533392707989, 
  "activity": 0.009331294320987652
}