{
  "bolusiob": 0, 
  "iob": -0.16456789802120858, 
  "activity": 0.011826207848324511
}