{
  "bolusiob": 0.07292526834666693, 
  "iob": 1.7691093217233334, 
  "activity": 0.04351670194003527
}