{
  "bolusiob": 0.5533843860444443, 
  "iob": 2.6637854173917916, 
  "activity": 0.04618673712522045
}