{
  "bolusiob": 0, 
  "iob": 0.24091560116605085, 
  "activity": 0.003952006613756613
}