{
  "bolusiob": 1.257937151288889, 
  "iob": 2.1588342437742227, 
  "activity": 0.0169605467372134
}