{
  "bolusiob": 0.4911643988533334, 
  "iob": 1.2963191888734324, 
  "activity": 0.011871737425044089
}