{
  "bolusiob": 0.4992040927111111, 
  "iob": 0.1738869398768333, 
  "activity": -0.003907971781305114
}