{
  "bolusiob": 2.636111535786667, 
  "iob": 3.2002154078270832, 
  "activity": 0.013192530864197529
}