{
  "bolusiob": 0, 
  "iob": 0.14170254282394254, 
  "activity": 0.0029403086596119926
}