{
  "bolusiob": 0, 
  "iob": 0.12512696483923613, 
  "activity": 0.0018418959435626105
}