{
  "bolusiob": 2.4025005875022223, 
  "iob": 2.927698507910361, 
  "activity": 0.01393566174603174
}