{
  "bolusiob": 0, 
  "iob": -0.09426715600565115, 
  "activity": 0.0013067899118165782
}