{
  "bolusiob": 1.114157356, 
  "iob": 1.5619006112735487, 
  "activity": 0.007035105820105821
}