{
  "bolusiob": 0.004119818333333303, 
  "iob": 1.0782845413565614, 
  "activity": 0.020088227883597876
}