{
  "bolusiob": 0, 
  "iob": 1.676773746783106, 
  "activity": 0.04312603165784832
}