{
  "bolusiob": 0, 
  "iob": 0.14899069544111113, 
  "activity": 0.0023235626102292768
}