{
  "bolusiob": 1.9890137713777778, 
  "iob": 2.4128841430822225, 
  "activity": 0.014012821869488533
}