{
  "bolusiob": 0.5176614414133335, 
  "iob": 1.6770004954211115, 
  "activity": 0.025375784832451495
}