{
  "bolusiob": 0, 
  "iob": 0.46142205503875, 
  "activity": 0.0038594268077601396
}