{
  "bolusiob": 0, 
  "iob": 0.3591828427212259, 
  "activity": 0.0043583601058201004
}