{
  "bolusiob": 0.849522756266667, 
  "iob": 1.903317052278246, 
  "activity": 0.021464726366843028
}