{
  "bolusiob": 0, 
  "iob": 0.2811196637530665, 
  "activity": 0.004247089682539681
}