{
  "bolusiob": 0, 
  "iob": -0.407475401545, 
  "activity": -0.0020264814814814815
}