{
  "bolusiob": 0, 
  "iob": -0.048094472797777794, 
  "activity": 0.00039472663139329694
}