{
  "bolusiob": 0, 
  "iob": 0.578187125887778, 
  "activity": 0.02324998236331569
}