{
  "bolusiob": 0, 
  "iob": 0.6685414487272536, 
  "activity": 0.005683154532627864
}