{
  "bolusiob": 0.7753024523377778, 
  "iob": 0.43304931462755936, 
  "activity": -0.0008867904938271603
}