{
  "bolusiob": 1.8871447697422221, 
  "iob": 2.4927190942209467, 
  "activity": 0.021216425573192237
}