{
  "bolusiob": 0, 
  "iob": 0.5989851432036672, 
  "activity": 0.004824636366843032
}