{
  "bolusiob": 0, 
  "iob": 0.06760554749919973, 
  "activity": 0.007902733774250435
}