{
  "bolusiob": 0, 
  "iob": 0.3102136528, 
  "activity": 0.010328042328042325
}