{
  "bolusiob": 0, 
  "iob": -0.10372495910222224, 
  "activity": -0.0007140388007054666
}