{
  "bolusiob": 0.5056475326400001, 
  "iob": 2.1054774320633247, 
  "activity": 0.04883922386243386
}