{
  "bolusiob": 0.4712303812133334, 
  "iob": 1.9618416152294436, 
  "activity": 0.024598699841269837
}