{
  "bolusiob": 0, 
  "iob": 0.4567707420092901, 
  "activity": 0.004136199312169311
}