{
  "bolusiob": 0, 
  "iob": 0.2914106877155556, 
  "activity": 0.0022350617283950617
}