{
  "bolusiob": 0, 
  "iob": 0.25880345102398006, 
  "activity": 0.007104744109347441
}