{
  "bolusiob": 0.19980792000000003, 
  "iob": 1.576483066586666, 
  "activity": 0.039593721340387994
}