{
  "bolusiob": 0.16690716738666658, 
  "iob": 1.2133989862364958, 
  "activity": 0.02733633137566136
}