{
  "bolusiob": 0, 
  "iob": 0.05012230046166667, 
  "activity": -0.004982451499118165
}