{
  "bolusiob": 0, 
  "iob": 0.3167347768977773, 
  "activity": 0.027497654320987646
}