{
  "bolusiob": 0, 
  "iob": 0.5933031822200002, 
  "activity": 0.007835502645502644
}