{
  "bolusiob": 1.0862362979555558, 
  "iob": 2.3140120600011107, 
  "activity": 0.02097188712522045
}