{
  "bolusiob": 0, 
  "iob": 0.1145385317095154, 
  "activity": 0.002127398412698412
}