{
  "bolusiob": 1.5766158742755556, 
  "iob": 1.1376220507776669, 
  "activity": -0.005923280423280422
}