{
  "bolusiob": 0, 
  "iob": -0.3387157418630569, 
  "activity": -0.0008310233862433861
}