{
  "bolusiob": 0, 
  "iob": -0.40932580796944457, 
  "activity": -0.002958112874779542
}