{
  "bolusiob": 0, 
  "iob": 0.08510565186565794, 
  "activity": -0.0006843561552028218
}