{
  "bolusiob": 0, 
  "iob": 0.7179056219939224, 
  "activity": 0.00835972645502645
}