{
  "bolusiob": 0, 
  "iob": -0.18745449454833335, 
  "activity": -0.0016930335097001764
}