{
  "bolusiob": 0, 
  "iob": 0.3116202670931944, 
  "activity": 0.00530664021164021
}