{
  "bolusiob": 0, 
  "iob": 0.2616679340486227, 
  "activity": 0.0025608202292768953
}