{
  "bolusiob": 0, 
  "iob": 0.19040730180715715, 
  "activity": -0.0003976187830687829
}