{
  "bolusiob": 0.922023773191111, 
  "iob": 1.749078868276111, 
  "activity": 0.02704025573192239
}