{
  "bolusiob": 0, 
  "iob": -0.389724479958374, 
  "activity": -0.0028391185361552026
}