{
  "bolusiob": 0, 
  "iob": 0.3599661389434371, 
  "activity": 0.003642142892416225
}