{
  "bolusiob": 0.25307432349333314, 
  "iob": 2.1207001394489446, 
  "activity": 0.042236930952380944
}