{
  "bolusiob": 0, 
  "iob": 0.5722573748566341, 
  "activity": 0.007203040793650791
}