{
  "bolusiob": 0, 
  "iob": -0.6509309750348746, 
  "activity": -0.005524224109347442
}