{
  "bolusiob": 0, 
  "iob": 0.15228123728315374, 
  "activity": 0.0011666577601410928
}