{
  "bolusiob": 0, 
  "iob": 0.2068149605207294, 
  "activity": 0.0028698502116402107
}