{
  "bolusiob": 1.4932227912, 
  "iob": 2.653371502692355, 
  "activity": 0.032931234885361545
}