{
  "bolusiob": 1.0649236626444443, 
  "iob": 2.0965451203144445, 
  "activity": 0.021914638447971778
}