{
  "bolusiob": 0, 
  "iob": 0.0006618370799999885, 
  "activity": 0.00015238095238095202
}