{
  "bolusiob": 0, 
  "iob": -9.742218333330666e-06, 
  "activity": 1.737213403880068e-05
}