{
  "bolusiob": 0, 
  "iob": 0.0014905477, 
  "activity": 0.00028306878306878243
}