{
  "bolusiob": 0.7708630222222222, 
  "iob": 1.1590885222222223, 
  "activity": 0.006901234567901234
}