{
  "bolusiob": 0, 
  "iob": 0.2736562358906962, 
  "activity": 0.005136482469135802
}