{
  "bolusiob": 1.27653234688, 
  "iob": 1.190869174179889, 
  "activity": -0.0009511287477954147
}