{
  "bolusiob": 0, 
  "iob": 0.0955615206286667, 
  "activity": -0.0020842592592592575
}