{
  "bolusiob": 1.70326414188, 
  "iob": 2.555388532165556, 
  "activity": 0.017017213403880068
}