{
  "bolusiob": 0, 
  "iob": 0.24136109384406718, 
  "activity": 0.00603206375661376
}