{
  "bolusiob": 0, 
  "iob": 0.3570197385833335, 
  "activity": 0.012027231040564369
}