{
  "bolusiob": 0.8691950079999999, 
  "iob": 1.8501094558695834, 
  "activity": 0.021999426807760136
}