{
  "bolusiob": 0.45416345271111114, 
  "iob": 0.06894825240461105, 
  "activity": -0.002627442680776015
}