{
  "bolusiob": 0, 
  "iob": 0.13802201310833334, 
  "activity": -0.0012253086419753082
}