{
  "bolusiob": 0, 
  "iob": 0.6635104781367517, 
  "activity": 0.009947213721340385
}