{
  "bolusiob": 0, 
  "iob": 0.11456690346000001, 
  "activity": 0.0029453968253968224
}