{
  "bolusiob": 0, 
  "iob": -0.11833683012875001, 
  "activity": -0.0014905731922398588
}