{
  "bolusiob": 0, 
  "iob": 0.07003410270822649, 
  "activity": 0.0014556876543209871
}