{
  "bolusiob": 0.67821781376, 
  "iob": 0.35640723403003594, 
  "activity": -0.003978968201058201
}