{
  "bolusiob": 0, 
  "iob": 0.10264498199958336, 
  "activity": 0.0006637125220458552
}