{
  "bolusiob": 2.2668817635555554, 
  "iob": 2.306711372311889, 
  "activity": 0.01009550264550264
}