{
  "bolusiob": 0.6914471870666667, 
  "iob": 1.3250424566464445, 
  "activity": 0.008998906525573192
}