{
  "bolusiob": 0, 
  "iob": -0.18783220721448568, 
  "activity": -0.003656102663139329
}