{
  "bolusiob": 0.0009310223999999812, 
  "iob": 0.13477464337977785, 
  "activity": 0.012952610229276894
}