{
  "bolusiob": 0, 
  "iob": 0.46375902924880563, 
  "activity": 0.008622804232804229
}