{
  "bolusiob": 0, 
  "iob": 0.8064570166631763, 
  "activity": 0.007486503403880071
}