{
  "bolusiob": 1.7274027207111111, 
  "iob": 2.379532148151749, 
  "activity": 0.01759686562610229
}