{
  "bolusiob": 0, 
  "iob": -0.13253771982819446, 
  "activity": -0.0007986684303350968
}