{
  "bolusiob": 0, 
  "iob": -0.5504052585005419, 
  "activity": -0.0032220813051146366
}