{
  "bolusiob": 0, 
  "iob": -0.46002336933405735, 
  "activity": -0.002245053298059964
}