{
  "bolusiob": 0, 
  "iob": 0.5128362713219892, 
  "activity": 0.004529709171075837
}