{
  "bolusiob": 0, 
  "iob": 0.4107237439443055, 
  "activity": 0.005685758377425043
}