{
  "bolusiob": -5.124900000001986e-05, 
  "iob": 0.7483054719025125, 
  "activity": 0.01788649520282187
}