{
  "bolusiob": 0, 
  "iob": 0.43451931946906247, 
  "activity": 0.0035653218694885356
}