{
  "bolusiob": 1.2534042416355557, 
  "iob": 1.7520870908325556, 
  "activity": 0.006072186948853615
}