{
  "bolusiob": 0, 
  "iob": 0.07707283758111169, 
  "activity": 0.014896807760141082
}