{
  "bolusiob": 0.47658499937777776, 
  "iob": 0.1058227510712778, 
  "activity": -0.0029888183421516753
}