{
  "bolusiob": 0.0071608533333332725, 
  "iob": 0.5065724260366667, 
  "activity": 0.009973774250440916
}