{
  "bolusiob": 0, 
  "iob": 0.15884766748000004, 
  "activity": 0.006444338624338624
}