{
  "bolusiob": 0, 
  "iob": 0.5653394620404167, 
  "activity": 0.006173007054673718
}