{
  "bolusiob": 1.8930163232000004, 
  "iob": 4.718969927098021, 
  "activity": 0.06609179867724865
}