{
  "bolusiob": 0, 
  "iob": 0.2741718535301389, 
  "activity": 0.0016872398589065246
}