{
  "bolusiob": 1.1194405073777778, 
  "iob": 2.0010221513207576, 
  "activity": 0.01827317971781305
}