{
  "bolusiob": 0, 
  "iob": -0.17849414583032197, 
  "activity": 0.0010365253086419746
}