{
  "bolusiob": 0, 
  "iob": 0.07289716605730603, 
  "activity": 0.0038775221164021123
}