{
  "bolusiob": 0.3938437185466667, 
  "iob": 1.6077114539746729, 
  "activity": 0.026172768694885353
}