{
  "bolusiob": 0, 
  "iob": 0.3426807466155952, 
  "activity": 0.005148225943562609
}