{
  "bolusiob": 0, 
  "iob": 0.7651239237224491, 
  "activity": 0.0186841976366843
}