{
  "bolusiob": 0.83140495984, 
  "iob": 1.3021900249133336, 
  "activity": 0.0074006172839506165
}