{
  "bolusiob": 0, 
  "iob": -0.037141057151111226, 
  "activity": 0.0007227336860670174
}