{
  "bolusiob": 0.1791525062933333, 
  "iob": 0.9072351547455555, 
  "activity": 0.008962292768959433
}