{
  "bolusiob": 0, 
  "iob": -0.5046309627111111, 
  "activity": -0.005723580246913579
}