{
  "bolusiob": 0, 
  "iob": 0.08568213421500001, 
  "activity": 0.0017606349206349206
}