{
  "bolusiob": 0.9265679922133334, 
  "iob": 2.5258009558016665, 
  "activity": 0.035351146384479705
}