{
  "bolusiob": 0, 
  "iob": -0.3597368688566668, 
  "activity": -0.0038710758377425033
}