{
  "bolusiob": 0, 
  "iob": 0.09646844958695305, 
  "activity": -0.0019312083068783066
}