{
  "bolusiob": 0.6917244833333335, 
  "iob": 1.4994190510805563, 
  "activity": 0.02569718694885361
}