{
  "bolusiob": 0, 
  "iob": 0.2061118434363218, 
  "activity": 0.003625328835978836
}