{
  "bolusiob": 0, 
  "iob": -0.354777112588284, 
  "activity": -0.008254620723104057
}