{
  "bolusiob": 0, 
  "iob": 0.007406287551757893, 
  "activity": 0.0007498989417989413
}