{
  "bolusiob": 0, 
  "iob": 0.00474217440373343, 
  "activity": -0.00028395074074074076
}