{
  "bolusiob": 0.07775414793333335, 
  "iob": 0.6451128682044445, 
  "activity": 0.009096684303350967
}