{
  "bolusiob": 0, 
  "iob": -0.06129449519777779, 
  "activity": -0.0009242151675485004
}