{
  "bolusiob": 0, 
  "iob": -0.15797918951077777, 
  "activity": -0.001783209876543209
}