{
  "bolusiob": -0.00046032700000006035, 
  "iob": 1.2610978571455556, 
  "activity": 0.025988888888888884
}