{
  "bolusiob": 0.3392110473777778, 
  "iob": 0.8577730227777779, 
  "activity": 0.009457213403880067
}