{
  "bolusiob": 0, 
  "iob": 0.2121660285338002, 
  "activity": 0.003491238271604938
}