{
  "bolusiob": 1.0122454271999999, 
  "iob": 1.6452487770192223, 
  "activity": 0.015866190476190475
}