{
  "bolusiob": 0, 
  "iob": 0.19478702472366669, 
  "activity": 0.006357486772486772
}