{
  "bolusiob": 0, 
  "iob": 0.044793875334166684, 
  "activity": 0.0017576190476190474
}