{
  "bolusiob": 0, 
  "iob": 0.455672855339757, 
  "activity": 0.0031969532627865965
}