{
  "bolusiob": 0, 
  "iob": 0.00031222056333333196, 
  "activity": 0.00010088183421516742
}