{
  "bolusiob": 0, 
  "iob": -0.13656377761, 
  "activity": 0.0008697971781305118
}