{
  "bolusiob": 0.0002904733333333187, 
  "iob": 0.8724334506333332, 
  "activity": 0.02161728395061728
}