{
  "bolusiob": 0, 
  "iob": 0.6711141039494226, 
  "activity": 0.014260441269841268
}