{
  "bolusiob": 0.5893839751111112, 
  "iob": 1.6736919361165468, 
  "activity": 0.025415578218694883
}