{
  "bolusiob": 0, 
  "iob": 0.20628441079234583, 
  "activity": 0.0006668342680776014
}