{
  "bolusiob": 1.8931843996444446, 
  "iob": 2.407742590669963, 
  "activity": 0.013949823897707228
}