{
  "bolusiob": 0, 
  "iob": 0.1451086648122223, 
  "activity": 0.006201093474426801
}