{
  "bolusiob": 2.041910836, 
  "iob": 2.785827237744311, 
  "activity": 0.01600846555555555
}