{
  "bolusiob": 0, 
  "iob": 0.41017665295827765, 
  "activity": 0.0037798676366843035
}