{
  "bolusiob": 0, 
  "iob": 0.15358995721855553, 
  "activity": -0.0018790652557319218
}