{
  "bolusiob": 0.5917952270933333, 
  "iob": 1.7426727821764443, 
  "activity": 0.020238959435626102
}