{
  "bolusiob": 0, 
  "iob": 0.31727718644637853, 
  "activity": 0.0027257762610229264
}