{
  "bolusiob": 0, 
  "iob": 0.2833241629127778, 
  "activity": 0.0028591534391534334
}