{
  "bolusiob": 0, 
  "iob": 0.7411781087800001, 
  "activity": 0.020426084656084652
}