{
  "bolusiob": 0, 
  "iob": 0.19861117165138895, 
  "activity": 0.0036312345679012344
}