{
  "bolusiob": 0.09531738709333316, 
  "iob": 0.7196566530466668, 
  "activity": 0.015241128747795414
}