{
  "bolusiob": 0, 
  "iob": 0.16136466629940904, 
  "activity": 0.008017812927689594
}