{
  "bolusiob": 0.002267249360000001, 
  "iob": 0.24472287432822476, 
  "activity": 0.00948977045855379
}