{
  "bolusiob": 1.9368260575999998, 
  "iob": 2.4621065266116666, 
  "activity": 0.013395379188712522
}