{
  "bolusiob": 0, 
  "iob": 0.6389290549905556, 
  "activity": 0.008154567901234566
}