{
  "bolusiob": 0, 
  "iob": 0.2592953880733589, 
  "activity": 0.00650612451499118
}