{
  "bolusiob": 0.5142708935466668, 
  "iob": 0.9629034769011111, 
  "activity": 0.00810010582010582
}