{
  "bolusiob": 0.48974861311999995, 
  "iob": 1.494234554032, 
  "activity": 0.013231146384479716
}