{
  "bolusiob": 0.4193754599999999, 
  "iob": 1.5472300180111114, 
  "activity": 0.019390846560846556
}