{
  "bolusiob": 2.1047965547733334, 
  "iob": 2.5357323681671113, 
  "activity": 0.006335301587301587
}