{
  "bolusiob": 0, 
  "iob": -0.3371926804604247, 
  "activity": 0.0013854936155202817
}