{
  "bolusiob": 0, 
  "iob": 0.7192161652688889, 
  "activity": 0.00847243386243386
}