{
  "bolusiob": 0, 
  "iob": 0.16953412915366664, 
  "activity": 0.0021810229276895935
}