{
  "bolusiob": 1.168447371128889, 
  "iob": 2.2398771865567335, 
  "activity": 0.04001664890652557
}