{
  "bolusiob": 0.533166495, 
  "iob": 1.8043634771639385, 
  "activity": 0.022142019770723102
}