{
  "bolusiob": 0, 
  "iob": -0.1958368930902594, 
  "activity": -0.0035472698589065254
}