{
  "bolusiob": 0, 
  "iob": 0.2334951518177778, 
  "activity": 0.006154497354497354
}