{
  "bolusiob": 0, 
  "iob": 0.5156872388098027, 
  "activity": 0.0038269313227513226
}