{
  "bolusiob": 0, 
  "iob": -0.37743095950508065, 
  "activity": -0.0013687658024691357
}