{
  "bolusiob": 0, 
  "iob": 0.21723142721415306, 
  "activity": -0.00033419733686067027
}