{
  "bolusiob": 0.749248748088889, 
  "iob": 0.9321512803555556, 
  "activity": 0.004128395061728394
}