{
  "bolusiob": 0, 
  "iob": 0.24537101927611044, 
  "activity": 0.024280670194003512
}