{
  "bolusiob": 0, 
  "iob": 0.10660914051888891, 
  "activity": 0.0023015520282186944
}