{
  "bolusiob": 0, 
  "iob": -0.1952601906663926, 
  "activity": -0.0029207936860670193
}