{
  "bolusiob": 0, 
  "iob": 0.6522572343198294, 
  "activity": 0.005390203209876542
}