{
  "bolusiob": 0, 
  "iob": 0.2261914149290338, 
  "activity": 0.003713092592592592
}