{
  "bolusiob": 0.36934419808000013, 
  "iob": 1.1795506433607832, 
  "activity": 0.014510161022927688
}