{
  "bolusiob": 0, 
  "iob": 0.3126491824683332, 
  "activity": 0.012354585537918869
}