{
  "bolusiob": 0, 
  "iob": 0.2875085315161111, 
  "activity": 0.005749400352733685
}