{
  "bolusiob": 0, 
  "iob": 0.7034158119181112, 
  "activity": 0.00851866825396825
}