{
  "bolusiob": 0, 
  "iob": -0.17880555090110864, 
  "activity": 0.0009088886243386238
}