{
  "bolusiob": 0, 
  "iob": -0.19667597188690003, 
  "activity": 2.277363315696636e-05
}