{
  "bolusiob": 0.10448098815999991, 
  "iob": 0.872425718193622, 
  "activity": 0.020030825132275127
}