{
  "bolusiob": 0, 
  "iob": 0.5732088854480892, 
  "activity": 0.01373155238095238
}