{
  "bolusiob": 0, 
  "iob": 0.5194411658025562, 
  "activity": 0.014864480088183422
}