{
  "bolusiob": 0, 
  "iob": 0.17030320081156952, 
  "activity": 0.004328289611992946
}