{
  "bolusiob": 0, 
  "iob": 0.09891564795111112, 
  "activity": 0.0015856261022927684
}