{
  "bolusiob": 0, 
  "iob": 0.07777686623740848, 
  "activity": -0.002876525485008818
}