{
  "bolusiob": 0, 
  "iob": 0.3168324313348666, 
  "activity": -0.001397018959435626
}