{
  "bolusiob": 2.5503423306, 
  "iob": 4.698491626696667, 
  "activity": 0.0345126984126984
}