{
  "bolusiob": 0, 
  "iob": 0.6782092175007317, 
  "activity": 0.010874956472663136
}