{
  "bolusiob": 0.1132083333333334, 
  "iob": 0.7146641695077778, 
  "activity": 0.011259788359788359
}