{
  "bolusiob": 0, 
  "iob": 0.21794982353150694, 
  "activity": 8.038800705467397e-05
}