{
  "bolusiob": 0, 
  "iob": 0.2670381639663503, 
  "activity": 0.004382407142857141
}