{
  "bolusiob": 0.030984165333333237, 
  "iob": 1.6109853434241774, 
  "activity": 0.0290065082010582
}