{
  "bolusiob": 0, 
  "iob": 0.9802676531672714, 
  "activity": 0.030316719682539673
}