{
  "bolusiob": 0, 
  "iob": 0.05237026821395834, 
  "activity": 0.0008080246913580247
}