{
  "bolusiob": 0, 
  "iob": -0.017704103082777783, 
  "activity": 0.0027320458553791883
}