{
  "bolusiob": 0, 
  "iob": 0.48232274458336016, 
  "activity": 0.005506922486772487
}