{
  "bolusiob": 0, 
  "iob": 0.8436033410090165, 
  "activity": 0.007637685167548502
}