{
  "bolusiob": 0, 
  "iob": 1.6250699498379166, 
  "activity": 0.03471748677248677
}