{
  "bolusiob": 0.5463861714266667, 
  "iob": 1.9875018952733334, 
  "activity": 0.025699823633156964
}