{
  "bolusiob": 1.6153430052133333, 
  "iob": 3.2190801687789095, 
  "activity": 0.03433014093474427
}