{
  "bolusiob": 0.62477705904, 
  "iob": 1.9249242798020338, 
  "activity": 0.023278941604938264
}