{
  "bolusiob": 0.31864025240000005, 
  "iob": 1.948919562266667, 
  "activity": 0.029474074074074066
}