{
  "bolusiob": 0.014804989333333253, 
  "iob": 0.6356838106666668, 
  "activity": 0.013573192239858905
}