{
  "bolusiob": 0, 
  "iob": 0.5517601538158025, 
  "activity": 0.006844738994708993
}