{
  "bolusiob": 1.1649811842844444, 
  "iob": 1.727314137539528, 
  "activity": 0.012886781305114635
}