{
  "bolusiob": 0, 
  "iob": -0.12054702459022218, 
  "activity": -0.002239682539682539
}