{
  "bolusiob": 0, 
  "iob": -0.19624356434911114, 
  "activity": -0.0016013756613756612
}