{
  "bolusiob": 0, 
  "iob": -0.0018501786835554632, 
  "activity": 0.003320917107583773
}