{
  "bolusiob": 1.63005010816, 
  "iob": 2.196050354548111, 
  "activity": 0.01147349206349206
}