{
  "bolusiob": 0, 
  "iob": 0.22201761233275139, 
  "activity": 0.005140281922398589
}