{
  "bolusiob": 0, 
  "iob": 0.26765210225964736, 
  "activity": 0.0073453432451499115
}