{
  "bolusiob": 0.760307936, 
  "iob": 0.8858465657516666, 
  "activity": 0.004126366843033509
}