{
  "bolusiob": 0, 
  "iob": 0.720642915373148, 
  "activity": 0.010576472363315695
}