{
  "bolusiob": 0, 
  "iob": -0.026327102406388886, 
  "activity": -0.0017367548500881835
}