{
  "bolusiob": 1.0324606397155558, 
  "iob": 1.5737741803733332, 
  "activity": 0.008349620811287478
}