{
  "bolusiob": 0, 
  "iob": 0.07884151898508943, 
  "activity": 0.0013794973721340384
}