{
  "bolusiob": 0, 
  "iob": 0.5454298614333262, 
  "activity": 0.004106311710758375
}