{
  "bolusiob": 0.3318131308800001, 
  "iob": 1.2073482379050784, 
  "activity": 0.01705144611992945
}