{
  "bolusiob": 0.6939954050844446, 
  "iob": 0.7705455286044445, 
  "activity": 0.002362469135802469
}