{
  "bolusiob": 0, 
  "iob": 0.18254863958888895, 
  "activity": 0.008612433862433861
}