{
  "bolusiob": 0, 
  "iob": 0.13172601510583337, 
  "activity": 0.0034424162257495586
}