{
  "bolusiob": 0, 
  "iob": 0.5974012742216661, 
  "activity": 0.006523681587301587
}