{
  "bolusiob": 0, 
  "iob": -0.2895996587574482, 
  "activity": -0.008110723015873013
}