{
  "bolusiob": 0, 
  "iob": 0.18344997082144437, 
  "activity": 0.006203412698412697
}