{
  "bolusiob": 0, 
  "iob": 0.3098277035611108, 
  "activity": 0.006377865961199295
}