{
  "bolusiob": 0, 
  "iob": 9.177139999999585e-06, 
  "activity": 2.804232804232811e-05
}