{
  "bolusiob": 0, 
  "iob": -0.06617199562944276, 
  "activity": -0.003734192416225749
}