{
  "bolusiob": 0, 
  "iob": -0.4166903221644445, 
  "activity": -0.005653932980599646
}