{
  "bolusiob": 0, 
  "iob": 0.6717326439553619, 
  "activity": 0.008161476737213404
}