{
  "bolusiob": 2.6344159062533334, 
  "iob": 3.8380414453648832, 
  "activity": 0.028459734920634916
}