{
  "bolusiob": 0.05378755946666669, 
  "iob": 0.6173413669822222, 
  "activity": 0.012065255731922396
}