{
  "bolusiob": 0, 
  "iob": 0.3048033639822222, 
  "activity": 0.0019204938271604939
}