{
  "bolusiob": 1.1522721386666666, 
  "iob": 1.9777000596306948, 
  "activity": 0.011262142857142856
}