{
  "bolusiob": 1.2375586447111113, 
  "iob": 4.133205505224444, 
  "activity": 0.0571511111111111
}