{
  "bolusiob": 0, 
  "iob": -0.1696285529826007, 
  "activity": 0.0024911106172839474
}