{
  "bolusiob": 0.48606890176, 
  "iob": 1.0805910086755555, 
  "activity": 0.010144444444444444
}