{
  "bolusiob": 0, 
  "iob": 0.02167246826755561, 
  "activity": 0.01138063492063492
}