{
  "bolusiob": 0, 
  "iob": -0.6279200503103146, 
  "activity": -0.0016860140211640293
}