{
  "bolusiob": 1.0204775655644447, 
  "iob": 3.7519497648933333, 
  "activity": 0.057104779541446195
}