{
  "bolusiob": 0, 
  "iob": -0.10151358133872435, 
  "activity": -0.0012120988888888887
}