{
  "bolusiob": 0.5558240934399999, 
  "iob": 1.7754281741481635, 
  "activity": 0.025752257125220453
}