{
  "bolusiob": 0, 
  "iob": -0.0822564665627778, 
  "activity": 0.0010581922398589065
}