{
  "bolusiob": 0, 
  "iob": -0.13187471177588886, 
  "activity": -0.003365008818342151
}