{
  "bolusiob": 1.3832449037466668, 
  "iob": 2.5126034661237875, 
  "activity": 0.017393659488536155
}