{
  "bolusiob": 0, 
  "iob": -0.039409853208818804, 
  "activity": 0.0007117194532627867
}