{
  "bolusiob": 1.704175228, 
  "iob": 2.137089975185222, 
  "activity": 0.01201033509700176
}