{
  "bolusiob": 1.0598648964444446, 
  "iob": 1.6405182998917547, 
  "activity": 0.007796757566137565
}