{
  "bolusiob": 0, 
  "iob": -0.11271952516302614, 
  "activity": 0.0010713402469135801
}