{
  "bolusiob": 0, 
  "iob": -0.03930015072980465, 
  "activity": 0.0033685360493827168
}