{
  "bolusiob": 0, 
  "iob": 0.11007698942277774, 
  "activity": 0.003111657848324513
}