{
  "bolusiob": 0.9207106436666668, 
  "iob": 1.911750646582917, 
  "activity": 0.013318333333333333
}