{
  "bolusiob": 0, 
  "iob": 0.07408012684333332, 
  "activity": 0.0025719929453262777
}