{
  "bolusiob": 0.2093321531733333, 
  "iob": 1.3255790903103333, 
  "activity": 0.022919844797178124
}