{
  "bolusiob": 0, 
  "iob": 0.5468870049631069, 
  "activity": 0.015699189082892404
}