{
  "bolusiob": 0.9508858283333333, 
  "iob": 2.7000456170697733, 
  "activity": 0.04043658306878306
}