{
  "bolusiob": 0, 
  "iob": 0.701787228148356, 
  "activity": 0.014756314285714283
}