{
  "bolusiob": 0, 
  "iob": 0.6445939867270453, 
  "activity": 0.012102240229276895
}