{
  "bolusiob": 2.4405913002666666, 
  "iob": 3.317776539625804, 
  "activity": 0.017875934797178136
}