{
  "bolusiob": 0.01594967967999983, 
  "iob": 0.8560805079875448, 
  "activity": 0.02379467107583774
}