{
  "bolusiob": 0, 
  "iob": -0.11813108443282659, 
  "activity": 0.0021340739506172835
}