{
  "bolusiob": 0, 
  "iob": 0.6415294454405562, 
  "activity": 0.012929859276895944
}