{
  "bolusiob": 0, 
  "iob": -0.04925775062288894, 
  "activity": 0.006816931216931217
}