{
  "bolusiob": 0.14018125879999999, 
  "iob": 1.0014810928750877, 
  "activity": 0.015052164567901233
}