{
  "bolusiob": 0, 
  "iob": -0.02124598949051511, 
  "activity": -0.0016314194708994707
}