{
  "bolusiob": 0.5405615823066666, 
  "iob": 1.7015197449642223, 
  "activity": 0.02033499118165784
}