{
  "bolusiob": 0, 
  "iob": 0.14020826383458662, 
  "activity": 3.052922398589082e-05
}