{
  "bolusiob": 0, 
  "iob": 0.3755260269214515, 
  "activity": 0.007887656578483246
}