{
  "bolusiob": 0, 
  "iob": 0.8253361398392223, 
  "activity": 0.02016945326278659
}