{
  "bolusiob": 0, 
  "iob": -0.4202993871041511, 
  "activity": -0.005916287583774249
}