{
  "bolusiob": 0.39212720000000006, 
  "iob": 1.6615904428866666, 
  "activity": 0.020076895943562604
}