{
  "bolusiob": 0, 
  "iob": 0.037071388649722245, 
  "activity": 0.0027134567901234566
}