{
  "bolusiob": 0.025507424000000077, 
  "iob": 1.022223239333333, 
  "activity": 0.02869664902998236
}