{
  "bolusiob": 1.5311095875733334, 
  "iob": 2.8422141974855557, 
  "activity": 0.022863844797178127
}