{
  "bolusiob": 0, 
  "iob": 0.3974356562175646, 
  "activity": 0.005074991340388007
}