{
  "bolusiob": 0.7184284970666668, 
  "iob": 1.7986312782857112, 
  "activity": 0.02032267574955908
}