{
  "bolusiob": 0, 
  "iob": 0.2883917737659029, 
  "activity": 0.008718245149911815
}