{
  "bolusiob": 0, 
  "iob": 0.11214234478368061, 
  "activity": 0.005855185185185185
}