{
  "bolusiob": 0, 
  "iob": 0.9653217133684062, 
  "activity": 0.019328336878306866
}