{
  "bolusiob": 0, 
  "iob": -0.0447201653879936, 
  "activity": 0.0010770431216931215
}