{
  "bolusiob": 0, 
  "iob": 0.7961241303254587, 
  "activity": 0.008160083439153438
}