{
  "bolusiob": 0, 
  "iob": 0.3443769798765098, 
  "activity": 0.005146656349206349
}