{
  "bolusiob": 0, 
  "iob": 0.4847438248672222, 
  "activity": 0.007532257495590829
}