{
  "bolusiob": 1.320123605368889, 
  "iob": 2.0691654600426386, 
  "activity": 0.012309673721340387
}