{
  "bolusiob": 0, 
  "iob": -0.006931810108933522, 
  "activity": 0.0028682188183421467
}