{
  "bolusiob": 0, 
  "iob": 0.7230598647319573, 
  "activity": 0.016625061992945327
}