{
  "bolusiob": 0, 
  "iob": 0.4703120167583701, 
  "activity": 0.008502504250440917
}