{
  "bolusiob": 0, 
  "iob": 0.22117322880500004, 
  "activity": 0.001952116402116402
}