{
  "bolusiob": 0, 
  "iob": 0.12041326910722222, 
  "activity": 0.0023711992945326275
}