{
  "bolusiob": 0, 
  "iob": -0.2978828829891609, 
  "activity": -0.0046606876543209864
}