{
  "bolusiob": 0, 
  "iob": 0.19535912762000002, 
  "activity": 0.006312222222222221
}