{
  "bolusiob": 0, 
  "iob": 0.19548478534782762, 
  "activity": 0.0013613225749559078
}