{
  "bolusiob": 0, 
  "iob": 0.5646956533528263, 
  "activity": 0.00595710971781305
}