{
  "bolusiob": 0, 
  "iob": 0.24032260370989397, 
  "activity": 0.002164197901234568
}