{
  "bolusiob": 0, 
  "iob": 0.5127844681177619, 
  "activity": 0.004122416455026455
}