{
  "bolusiob": 0, 
  "iob": 0.5322036534847907, 
  "activity": 0.011523527460317455
}