{
  "bolusiob": 0, 
  "iob": 0.857748521916507, 
  "activity": 0.01768742477954144
}