{
  "bolusiob": 0.32221588906666676, 
  "iob": 2.3658656522349606, 
  "activity": 0.0529902090828924
}