{
  "bolusiob": 0.4595683295111111, 
  "iob": -0.03799922185611121, 
  "activity": -0.0004461111111111111
}