{
  "bolusiob": 1.8379159134933336, 
  "iob": 2.478744043313778, 
  "activity": 0.009640634920634918
}