{
  "bolusiob": 1.3303590052977776, 
  "iob": 1.4876687755639224, 
  "activity": 0.0025744624338624334
}