{
  "bolusiob": 1.1834622820266667, 
  "iob": 1.21056855453304, 
  "activity": 0.002305846560846561
}