{
  "bolusiob": 0, 
  "iob": 0.0652469093895833, 
  "activity": 0.004376622574955907
}