{
  "bolusiob": 0, 
  "iob": 0.09897421248640874, 
  "activity": 0.00193512328042328
}