{
  "bolusiob": 0, 
  "iob": 0.049581597112037495, 
  "activity": 0.0026974601410934738
}