{
  "bolusiob": 0, 
  "iob": 0.2740236373241783, 
  "activity": 0.006044932892416224
}