{
  "bolusiob": 0, 
  "iob": -0.3362704680393778, 
  "activity": -7.95944797178134e-05
}