{
  "bolusiob": 0, 
  "iob": 0.6129689520083332, 
  "activity": 0.017069400352733684
}