{
  "bolusiob": 0.4788977909333333, 
  "iob": 2.248458481227778, 
  "activity": 0.0315395061728395
}