{
  "bolusiob": 0, 
  "iob": 0.5998225587025605, 
  "activity": 0.005644903738977065
}