{
  "bolusiob": 0, 
  "iob": 0.13027549654143916, 
  "activity": 0.0026355729276895945
}