{
  "bolusiob": 0, 
  "iob": 0.7462821858297777, 
  "activity": 0.016016190476190472
}