{
  "bolusiob": 0.8225471563644445, 
  "iob": 3.1843968022277784, 
  "activity": 0.05673878306878305
}