{
  "bolusiob": 2.175007449315556, 
  "iob": 2.1916874996622226, 
  "activity": 0.0016513580246913578
}