{
  "bolusiob": 1.0047788169600003, 
  "iob": 2.3003882649359984, 
  "activity": 0.02215375645502645
}