{
  "bolusiob": 0, 
  "iob": 0.7325640065102146, 
  "activity": 0.011718483985890654
}