{
  "bolusiob": 0, 
  "iob": 0.1307461088200743, 
  "activity": 0.004074109241622575
}