{
  "bolusiob": 0, 
  "iob": 0.45628298970970294, 
  "activity": 0.007980564744268073
}