{
  "bolusiob": 2.105150924888889, 
  "iob": 3.8250865159966723, 
  "activity": 0.04209583456790124
}