{
  "bolusiob": 0, 
  "iob": 0.23462869821819443, 
  "activity": 0.001729585537918871
}