{
  "bolusiob": 0, 
  "iob": 0.8614901315722647, 
  "activity": 0.007982804902998235
}