{
  "bolusiob": 0, 
  "iob": 0.32116481212378006, 
  "activity": 0.007796260141093473
}