{
  "bolusiob": 0.4580514604088889, 
  "iob": 0.7464572476777778, 
  "activity": 0.005836225749559083
}