{
  "bolusiob": 0, 
  "iob": -0.3189813509932108, 
  "activity": 0.007814053791887123
}