{
  "bolusiob": 0.01820633700000003, 
  "iob": 0.6375405659833333, 
  "activity": 0.014533474426807757
}