{
  "bolusiob": 0, 
  "iob": 0.4968291571126945, 
  "activity": 0.0030740123456790124
}