{
  "bolusiob": 0, 
  "iob": -0.16202644066423585, 
  "activity": 0.004008570899470896
}