{
  "bolusiob": 0, 
  "iob": 0.33549038977196066, 
  "activity": 0.0007151150088183424
}