{
  "bolusiob": 0.09083937226666666, 
  "iob": 0.9226312934246583, 
  "activity": 0.01572043873015873
}