{
  "bolusiob": 0.6909328654622222, 
  "iob": 1.8193549013108892, 
  "activity": 0.02005880070546737
}