{
  "bolusiob": 0, 
  "iob": 0.10210855137111113, 
  "activity": 0.002260511463844797
}