{
  "bolusiob": 0, 
  "iob": -0.39837972608, 
  "activity": -0.0055792416225749555
}