{
  "bolusiob": 0, 
  "iob": 0.3528421225949578, 
  "activity": 0.0033008994885361555
}