{
  "bolusiob": 0, 
  "iob": 0.4170047749398612, 
  "activity": 0.005447222222222222
}