{
  "bolusiob": 0, 
  "iob": 0.09840208076722223, 
  "activity": 0.00018055555555555555
}