{
  "bolusiob": 0.24875226500000003, 
  "iob": -0.02411085984722232, 
  "activity": -0.0006308024691358025
}