{
  "bolusiob": 0.4326681249066668, 
  "iob": 1.9109344093853824, 
  "activity": 0.046714356137566124
}