{
  "bolusiob": 0.09933766325333336, 
  "iob": 0.5217559133088889, 
  "activity": 0.008438800705467372
}