{
  "bolusiob": 0, 
  "iob": 0.5543231031555398, 
  "activity": 0.022652368165784833
}