{
  "bolusiob": 0.3345955355600002, 
  "iob": 1.565203518661528, 
  "activity": 0.020898298059964723
}