{
  "bolusiob": 0.2596332586666669, 
  "iob": 1.5493311050022223, 
  "activity": 0.022167901234567897
}