{
  "bolusiob": 0, 
  "iob": -0.5787047021218789, 
  "activity": -0.005450008941798941
}