{
  "bolusiob": 2.06243036232, 
  "iob": 3.033567431964306, 
  "activity": 0.01800205467372134
}