{
  "bolusiob": 0, 
  "iob": 0.4641382545526868, 
  "activity": 0.008801110846560845
}