{
  "bolusiob": 0, 
  "iob": 0.6362197445449111, 
  "activity": 0.006929582151675484
}