{
  "bolusiob": 2.750155001013333, 
  "iob": 3.8502690961938892, 
  "activity": 0.032451058201058196
}