{
  "bolusiob": 0, 
  "iob": 0.18845981308152776, 
  "activity": 0.004183985890652557
}