{
  "bolusiob": 0, 
  "iob": 0.2318950648444013, 
  "activity": 0.0013817458906525567
}