{
  "bolusiob": 0.2846573005466667, 
  "iob": 1.3131959586088888, 
  "activity": 0.017484691358024686
}