{
  "bolusiob": 0, 
  "iob": 0.10943255248744446, 
  "activity": -0.0011113580246913573
}