{
  "bolusiob": 0, 
  "iob": -0.1752664328568889, 
  "activity": -0.0016005291005291
}