{
  "bolusiob": 0, 
  "iob": 0.48069973401658317, 
  "activity": 0.008370211640211634
}