{
  "bolusiob": 0, 
  "iob": -0.23185371049783776, 
  "activity": -0.003705635467372133
}