{
  "bolusiob": 0, 
  "iob": 0.03045834727417647, 
  "activity": 0.0030428341446208105
}