{
  "bolusiob": 0, 
  "iob": 0.48586052963243065, 
  "activity": 0.0023619576719576723
}