{
  "bolusiob": 2.2223500119999997, 
  "iob": 2.482616493475, 
  "activity": 0.020020026455026457
}