{
  "bolusiob": 0, 
  "iob": 0.0634143046763889, 
  "activity": 0.00223063492063492
}