{
  "bolusiob": 0, 
  "iob": 0.6259904088098928, 
  "activity": 0.007878421675485007
}