{
  "bolusiob": 1.2947168999555556, 
  "iob": 2.4178315612844443, 
  "activity": 0.02005245149911816
}