{
  "bolusiob": 1.5290112432000003, 
  "iob": 2.9698135327600004, 
  "activity": 0.02263650793650793
}