{
  "bolusiob": 1.1580311460977777, 
  "iob": 1.5309640982764467, 
  "activity": 0.005474999999999997
}