{
  "bolusiob": 0.946086289351111, 
  "iob": 0.9547363728644442, 
  "activity": 0.003372028218694881
}