{
  "bolusiob": 0.4281857343333335, 
  "iob": 2.444055604980245, 
  "activity": 0.044551146296296286
}