{
  "bolusiob": 0.021642969519999933, 
  "iob": 0.6313728292598624, 
  "activity": 0.023943324285714284
}