{
  "bolusiob": 0, 
  "iob": -0.22763631748726706, 
  "activity": -0.0016860972839506164
}