{
  "bolusiob": 0.5992101343466667, 
  "iob": 1.197274410863111, 
  "activity": 0.0078091534391534385
}