{
  "bolusiob": 0, 
  "iob": -0.5816855424373243, 
  "activity": -0.00705249541446208
}