{
  "bolusiob": 0, 
  "iob": -0.19610253229418934, 
  "activity": -0.0019503677248677248
}