{
  "bolusiob": 0, 
  "iob": 0.5054864824610181, 
  "activity": 0.008303686172839504
}