{
  "bolusiob": 0, 
  "iob": 0.6314364766547779, 
  "activity": 0.006551393298059965
}