{
  "bolusiob": 0, 
  "iob": 0.6482814948477215, 
  "activity": 0.007837071005291005
}