{
  "bolusiob": 0.9151620200888888, 
  "iob": 1.058219869707361, 
  "activity": 0.004762548500881832
}