{
  "bolusiob": 2.025728522222222, 
  "iob": 2.6096282174881513, 
  "activity": 0.010781066931216929
}