{
  "bolusiob": 0.3791579867999999, 
  "iob": 1.5473547817444442, 
  "activity": 0.025994638447971778
}