{
  "bolusiob": 0, 
  "iob": 0.7082879773999999, 
  "activity": 0.017851851851851848
}