{
  "bolusiob": 2.0595336576000003, 
  "iob": 2.7474931344, 
  "activity": 0.013911111111111108
}