{
  "bolusiob": 0, 
  "iob": -0.15805325541035378, 
  "activity": -0.004080952292768959
}