{
  "bolusiob": 0, 
  "iob": 0.19543987272812502, 
  "activity": 0.0020677865961199297
}