{
  "bolusiob": 0.36320108690666686, 
  "iob": 2.289902626378253, 
  "activity": 0.04169634894179893
}