{
  "bolusiob": 0.026779858453333263, 
  "iob": 0.37837944099555565, 
  "activity": 0.011608500881834214
}