{
  "bolusiob": 0, 
  "iob": -0.09239553649680869, 
  "activity": 0.013920493562610225
}