{
  "bolusiob": 0, 
  "iob": -0.3369202797194445, 
  "activity": -0.0021639329805996474
}