{
  "bolusiob": 0, 
  "iob": 0.20923529413954883, 
  "activity": 0.0002558995943562608
}