{
  "bolusiob": 0, 
  "iob": 0.6594016342643667, 
  "activity": 0.009035663950617282
}