{
  "bolusiob": 0.9902666471822222, 
  "iob": 1.5555660735272223, 
  "activity": 0.008778774250440916
}