{
  "bolusiob": 0, 
  "iob": 0.09057775498277783, 
  "activity": 0.012410044091710756
}