{
  "bolusiob": 0, 
  "iob": -0.0983805546738889, 
  "activity": -0.0013438888888888888
}