{
  "bolusiob": 0, 
  "iob": -0.44077027497699695, 
  "activity": -0.005905229312169309
}