{
  "bolusiob": 0.44344938466666667, 
  "iob": 1.2915083101270428, 
  "activity": 0.014101834320987652
}