{
  "bolusiob": 0, 
  "iob": 0.24638567123202224, 
  "activity": 0.004971084779541447
}