{
  "bolusiob": 0.15104953600000007, 
  "iob": 0.9039828362808314, 
  "activity": 0.021197149118165767
}