{
  "bolusiob": 1.2622085983288889, 
  "iob": 1.4333174329911114, 
  "activity": 0.002044444444444444
}