{
  "bolusiob": 0, 
  "iob": 0.791462547802584, 
  "activity": 0.006357851410934742
}