{
  "bolusiob": 0, 
  "iob": 0.6892110823543663, 
  "activity": 0.008114069329805995
}