{
  "bolusiob": 0.028370716560000144, 
  "iob": 0.5595956371791648, 
  "activity": 0.015892715925925928
}