{
  "bolusiob": 0, 
  "iob": 0.7150877847208448, 
  "activity": 0.006898591992945324
}