{
  "bolusiob": 0, 
  "iob": 0.7685632167254965, 
  "activity": 0.005824863562610229
}