{
  "bolusiob": 1.2502460364622223, 
  "iob": 1.6823525069642666, 
  "activity": 0.005112513227513227
}