{
  "bolusiob": 0, 
  "iob": -0.002723988420231239, 
  "activity": -0.00021626992945326283
}