{
  "bolusiob": 0, 
  "iob": 0.1740731972168073, 
  "activity": 0.005664889594356261
}