{
  "bolusiob": 0.08564049280000008, 
  "iob": 1.0646964641336667, 
  "activity": 0.02174996472663139
}