{
  "bolusiob": 0, 
  "iob": 0.7590665352957702, 
  "activity": 0.011462117142857137
}