{
  "bolusiob": 0, 
  "iob": 1.2217693483333334, 
  "activity": 0.03704853615520281
}