{
  "bolusiob": 0, 
  "iob": 0.42086128982875004, 
  "activity": 0.003320661375661375
}