{
  "bolusiob": 0, 
  "iob": -0.2613209734830611, 
  "activity": -0.001622090105820106
}