{
  "bolusiob": 0, 
  "iob": 0.7347253644808754, 
  "activity": 0.008322153968253965
}