{
  "bolusiob": 0, 
  "iob": -0.5059450404192121, 
  "activity": -0.005431508059964727
}