{
  "bolusiob": 0.19179867146666674, 
  "iob": 0.6062476697044445, 
  "activity": 0.0076876190476190456
}