{
  "bolusiob": 1.28936900144, 
  "iob": 1.7125687680521111, 
  "activity": 0.0038343474426807754
}