{
  "bolusiob": 0, 
  "iob": -0.10160399650020183, 
  "activity": -0.00028025582010582026
}