{
  "bolusiob": 0, 
  "iob": 0.29084259878666674, 
  "activity": 0.008524514991181656
}