{
  "bolusiob": 0, 
  "iob": 0.2495597417572222, 
  "activity": 0.007475449735449731
}