{
  "bolusiob": -0.00022145346666657684, 
  "iob": 0.73452504774, 
  "activity": 0.02243068783068783
}