{
  "bolusiob": 0.0031930710266663944, 
  "iob": 1.070423075799427, 
  "activity": 0.027574161992945323
}