{
  "bolusiob": 0, 
  "iob": 0.7199224370785758, 
  "activity": 0.008587662962962962
}