{
  "bolusiob": 0.6500756621911111, 
  "iob": 1.3422934909650002, 
  "activity": 0.010946807760141094
}