{
  "bolusiob": 0, 
  "iob": 0.163265586865, 
  "activity": 0.002243227513227513
}