{
  "bolusiob": 1.5156050375111112, 
  "iob": 2.1776962821482773, 
  "activity": 0.01615600925925926
}