{
  "bolusiob": 0, 
  "iob": 0.049554362500000004, 
  "activity": 6.48148148148148e-05
}