{
  "bolusiob": 0, 
  "iob": 0.38179651166319445, 
  "activity": 0.005740855379188711
}