{
  "bolusiob": 0, 
  "iob": 0.5737544648408889, 
  "activity": 0.00751574955908289
}