{
  "bolusiob": 0, 
  "iob": 0.18199607730877762, 
  "activity": 0.002324841093474427
}