{
  "bolusiob": 0.19486539189333293, 
  "iob": 2.3036711537406944, 
  "activity": 0.039120326278659606
}