{
  "bolusiob": 0, 
  "iob": 0.09549127487611112, 
  "activity": 0.00032845679012345676
}