{
  "bolusiob": 1.771383858, 
  "iob": 3.4146393960214554, 
  "activity": 0.04135782760141092
}