{
  "bolusiob": 0.9106544456000001, 
  "iob": 1.9038893714750633, 
  "activity": 0.019298538712522045
}