{
  "bolusiob": 0.961865782093333, 
  "iob": 3.6387848118188884, 
  "activity": 0.05707749559082891
}