{
  "bolusiob": 0, 
  "iob": 0.3030527251415378, 
  "activity": 0.006740370211640211
}