{
  "bolusiob": 0.0658565435733333, 
  "iob": 0.3438139206820242, 
  "activity": 0.004492046119929452
}