{
  "bolusiob": 0.5792282480400001, 
  "iob": 1.253603720813623, 
  "activity": 0.013633104162257494
}