{
  "bolusiob": 0, 
  "iob": 0.49762348894277775, 
  "activity": 0.0025197530864197524
}