{
  "bolusiob": 0.7379011394844445, 
  "iob": 0.7822553542044445, 
  "activity": 0.0017758024691358022
}