{
  "bolusiob": 0, 
  "iob": 0.25293253189055553, 
  "activity": 0.0029591887125220455
}