{
  "bolusiob": 0.9575555347555555, 
  "iob": 1.0816958481329166, 
  "activity": 0.004276904761904761
}