{
  "bolusiob": 0, 
  "iob": 0.7049331767666093, 
  "activity": 0.008708156790123454
}