{
  "bolusiob": 0, 
  "iob": 0.765207956039726, 
  "activity": 0.010983916190476192
}