{
  "bolusiob": 0.9929660451200001, 
  "iob": 2.034109961650972, 
  "activity": 0.01703979717813051
}