{
  "bolusiob": 0, 
  "iob": 0.2590243656583196, 
  "activity": 0.002643994955908289
}