{
  "bolusiob": 1.0142049324622222, 
  "iob": 1.5701414123526445, 
  "activity": 0.007957398641975307
}