{
  "bolusiob": 0, 
  "iob": 0.0023850827733333025, 
  "activity": 0.0014511463844797156
}