{
  "bolusiob": 0, 
  "iob": 0.4730624748615181, 
  "activity": 0.01035938245149912
}