{
  "bolusiob": 0, 
  "iob": 0.7015410566008524, 
  "activity": 0.016742151851851846
}