{
  "bolusiob": 0.1546310977199999, 
  "iob": 0.7514389506800001, 
  "activity": 0.010258518518518518
}