{
  "bolusiob": 0, 
  "iob": 0.3588405725078143, 
  "activity": 0.003684030105820105
}