{
  "bolusiob": 0, 
  "iob": -0.12985154453149322, 
  "activity": 0.0008536506701940026
}