{
  "bolusiob": 0, 
  "iob": 0.09982901848289794, 
  "activity": 3.6649135802469125e-05
}