{
  "bolusiob": 0, 
  "iob": -0.20255807903826528, 
  "activity": 0.010545026190476186
}