{
  "bolusiob": 0.19073616631999996, 
  "iob": 0.95092989208, 
  "activity": 0.013139259259259255
}