{
  "bolusiob": 0, 
  "iob": 0.3015412415666081, 
  "activity": 0.005159810758377424
}