{
  "bolusiob": 0, 
  "iob": 0.33846925990670734, 
  "activity": 0.0004237922574955907
}