{
  "bolusiob": 2.3701767102577778, 
  "iob": 2.664890054272311, 
  "activity": 0.0069804410405643735
}