{
  "bolusiob": 0.5149607663999998, 
  "iob": 3.57274736729, 
  "activity": 0.060612169312169305
}