{
  "bolusiob": 0, 
  "iob": 0.10925830247783834, 
  "activity": -0.0007024955731922402
}