{
  "bolusiob": 0.3352706857866667, 
  "iob": 1.6406462856077781, 
  "activity": 0.030001728395061718
}