{
  "bolusiob": 0.015274708133333315, 
  "iob": 0.25830891332842865, 
  "activity": 0.004944668765432097
}