{
  "bolusiob": 0, 
  "iob": 0.7513371297833338, 
  "activity": 0.03489506172839506
}