{
  "bolusiob": 0, 
  "iob": -0.25002144204444443, 
  "activity": -0.00018567901234567896
}