{
  "bolusiob": 0.1500179959999999, 
  "iob": 1.1830610211871746, 
  "activity": 0.0188143939329806
}