{
  "bolusiob": 1.0938226892800003, 
  "iob": 2.3127862318441883, 
  "activity": 0.019650943439153443
}