{
  "bolusiob": 0, 
  "iob": 0.21230407124777778, 
  "activity": -0.0019935802469135803
}