{
  "bolusiob": 0.7928149295111112, 
  "iob": 1.45851287189675, 
  "activity": 0.015985194003527332
}