{
  "bolusiob": 0, 
  "iob": 0.3590323838675555, 
  "activity": 0.004668774250440916
}