{
  "bolusiob": 0, 
  "iob": -0.1760705172335021, 
  "activity": 0.005589417865961193
}