{
  "bolusiob": 0, 
  "iob": 0.2198176581623095, 
  "activity": 0.008776940123456789
}