{
  "bolusiob": 0.11516040156000003, 
  "iob": 1.0924894439824562, 
  "activity": 0.017385890740740737
}