{
  "bolusiob": 2.2059279816533333, 
  "iob": 2.5600297813691664, 
  "activity": 0.0076706966490299785
}