{
  "bolusiob": 0.63608405952, 
  "iob": 1.3996532958253556, 
  "activity": 0.025353871146384474
}