{
  "bolusiob": 0.6963879085466667, 
  "iob": 1.5543745106088889, 
  "activity": 0.013262469135802465
}