{
  "bolusiob": 0, 
  "iob": 0.44909129563555567, 
  "activity": 0.0029742768959435625
}