{
  "bolusiob": 0, 
  "iob": 0.02343469139333333, 
  "activity": 0.0010342151675485007
}