{
  "bolusiob": 1.09839542784, 
  "iob": 1.1249481728756785, 
  "activity": 0.0039709082892416215
}