{
  "bolusiob": 0, 
  "iob": 0.7289980430870024, 
  "activity": 0.0065295157142857135
}