{
  "bolusiob": 0, 
  "iob": 0.6663823048473614, 
  "activity": 0.013737998236331574
}