{
  "bolusiob": 0.44030327174666645, 
  "iob": 1.9508716626607796, 
  "activity": 0.026596569753086417
}