{
  "bolusiob": 0, 
  "iob": -0.12575771270430558, 
  "activity": -0.0014365873015873016
}