{
  "bolusiob": 0, 
  "iob": -0.6451129384468278, 
  "activity": -0.0065893212345679
}