{
  "bolusiob": 0, 
  "iob": 0.03673186259333333, 
  "activity": 0.0012881834215167547
}