{
  "bolusiob": 0.0884334235600001, 
  "iob": 1.236851728334861, 
  "activity": 0.024599673721340386
}