{
  "bolusiob": 0, 
  "iob": 0.7055413795445882, 
  "activity": 0.008044409647266312
}