{
  "bolusiob": 0, 
  "iob": 0.6338981448237556, 
  "activity": 0.020536402469135785
}