{
  "bolusiob": 2.8755053327644444, 
  "iob": 3.1869047472500234, 
  "activity": 0.00833607791887125
}