{
  "bolusiob": 1.2376999998933333, 
  "iob": 2.3965047823822085, 
  "activity": 0.04143181645502646
}