{
  "bolusiob": 0, 
  "iob": 2.1334933333283513e-06, 
  "activity": 1.4109347442681394e-06
}