{
  "bolusiob": 0, 
  "iob": 0.36916629611458773, 
  "activity": 0.004036834338624338
}