{
  "bolusiob": 0, 
  "iob": 0.7217344686303218, 
  "activity": 0.007974568377425046
}