{
  "bolusiob": 0, 
  "iob": 0.6691918702294445, 
  "activity": 0.008386331569664904
}