{
  "bolusiob": 0, 
  "iob": 0.2850581049798238, 
  "activity": 0.0030855381834215163
}