{
  "bolusiob": 0, 
  "iob": 0.10921992070926972, 
  "activity": 0.002688871005291005
}