{
  "bolusiob": 0, 
  "iob": -0.2976050276994445, 
  "activity": -0.0017807054673721347
}