{
  "bolusiob": 0, 
  "iob": 0.4861816700309214, 
  "activity": 0.009837283686067018
}