{
  "bolusiob": 0, 
  "iob": 0.8036774144433692, 
  "activity": 0.027936084761904754
}