{
  "bolusiob": 0, 
  "iob": -0.17746647634964702, 
  "activity": -0.0030453970370370362
}