{
  "bolusiob": 0.11112629909333345, 
  "iob": 0.846387772288889, 
  "activity": 0.010311040564373897
}