{
  "bolusiob": 0, 
  "iob": 0.588363365739548, 
  "activity": 0.007278714691358023
}