{
  "bolusiob": 1.1638178844444445, 
  "iob": 1.9310608825256894, 
  "activity": 0.015000458465608463
}