{
  "bolusiob": 0, 
  "iob": 0.4186997758894216, 
  "activity": 0.004422830599647265
}