{
  "bolusiob": 0, 
  "iob": 0.19455602814722223, 
  "activity": 0.0034317989417989407
}