{
  "bolusiob": 0, 
  "iob": -0.22857166079867627, 
  "activity": 0.0031542147971781276
}