{
  "bolusiob": 0.2963115792000001, 
  "iob": 1.691476956617129, 
  "activity": 0.025934145079365065
}