{
  "bolusiob": 0, 
  "iob": 0.4486078236811459, 
  "activity": 0.0033407627865961196
}