{
  "bolusiob": 0, 
  "iob": -0.03176790087269614, 
  "activity": -0.00209668176366843
}