{
  "bolusiob": 0, 
  "iob": 0.3900913362671485, 
  "activity": 0.0034778837037037044
}