{
  "bolusiob": 0.5537519968, 
  "iob": 1.3951321367403335, 
  "activity": 0.016947354497354496
}