{
  "bolusiob": 0, 
  "iob": 0.5785306292818688, 
  "activity": 0.0053878359611992934
}