{
  "bolusiob": 0, 
  "iob": 0.16371074424470072, 
  "activity": 0.0014267902116402102
}