{
  "bolusiob": 4.197460023004444, 
  "iob": 6.831462232084444, 
  "activity": 0.048259647266313925
}