{
  "bolusiob": 0, 
  "iob": 0.4602832256004167, 
  "activity": 0.00511537037037037
}