{
  "bolusiob": 0, 
  "iob": 0.19143629995479167, 
  "activity": 0.0006889329805996471
}