{
  "bolusiob": 0, 
  "iob": 0.15877253520111112, 
  "activity": 0.002265784832451499
}