{
  "bolusiob": 0.9064932009377779, 
  "iob": 2.031581173966111, 
  "activity": 0.022931922398589055
}