{
  "bolusiob": 0, 
  "iob": 0.11653363338535763, 
  "activity": 0.002784523633156966
}