{
  "bolusiob": 1.0271407447600003, 
  "iob": 1.5089376094478406, 
  "activity": 0.00798768968253968
}