{
  "bolusiob": 0.22715954653333348, 
  "iob": 1.3704286576408888, 
  "activity": 0.024322901234567897
}