{
  "bolusiob": 0, 
  "iob": -0.22062597970089473, 
  "activity": -0.004387283686067018
}