{
  "bolusiob": 0, 
  "iob": -0.04297733671609771, 
  "activity": 0.0002566400881834224
}