{
  "bolusiob": 0, 
  "iob": 0.11097148838888891, 
  "activity": 0.0030256790123456786
}