{
  "bolusiob": 0, 
  "iob": 0.07767405470658516, 
  "activity": 0.0028897441975308633
}