{
  "bolusiob": 0.24650362880000004, 
  "iob": 0.7616348238888888, 
  "activity": 0.012799012345679006
}