{
  "bolusiob": 0, 
  "iob": -0.08662991720466655, 
  "activity": 0.008363756613756615
}