{
  "bolusiob": 0.11161148188000017, 
  "iob": 1.11862195772, 
  "activity": 0.020280740740740735
}