{
  "bolusiob": 0, 
  "iob": 1.1990401236966668, 
  "activity": 0.035518148148148146
}