{
  "bolusiob": 0, 
  "iob": 0.33773340711986144, 
  "activity": 0.019517865961199286
}