{
  "bolusiob": 0, 
  "iob": 0.07301022655333339, 
  "activity": 0.0030815696649029987
}