{
  "bolusiob": 0, 
  "iob": -0.26374267114403954, 
  "activity": -0.0017673541446208106
}