{
  "bolusiob": 0, 
  "iob": 0.052429649213333394, 
  "activity": 0.0020455379188712526
}