{
  "bolusiob": 0, 
  "iob": 0.6206887702719998, 
  "activity": 0.012488924162257489
}