{
  "bolusiob": 0.003479728146666694, 
  "iob": 1.0639786275124614, 
  "activity": 0.022295194109347438
}