{
  "bolusiob": 2.035359970133334, 
  "iob": 3.2199070796372222, 
  "activity": 0.03378761904761904
}