{
  "bolusiob": 0, 
  "iob": 0.37809264722936825, 
  "activity": 0.0012523018518518516
}