{
  "bolusiob": 0, 
  "iob": -0.5081276098144445, 
  "activity": -0.004676243386243385
}