{
  "bolusiob": 4.815342822844444, 
  "iob": 5.299601275968889, 
  "activity": 0.016179999999999993
}