{
  "bolusiob": 0, 
  "iob": 0.09510977487568369, 
  "activity": -0.0015891883597883598
}