{
  "bolusiob": 0.7034765073644444, 
  "iob": 2.0067019114209805, 
  "activity": 0.027953139506172828
}