{
  "bolusiob": 0, 
  "iob": 0.6512448550345076, 
  "activity": 0.006840851992945325
}