{
  "bolusiob": 0, 
  "iob": 0.10687422107500005, 
  "activity": 0.005708201058201057
}