{
  "bolusiob": 0, 
  "iob": 0.5216899578512227, 
  "activity": 0.010642490670194002
}