{
  "bolusiob": 0, 
  "iob": 0.4100175384541165, 
  "activity": 0.00396365971781305
}