{
  "bolusiob": 0.7580161312711112, 
  "iob": 0.3669289884394419, 
  "activity": -0.0014463139682539675
}