{
  "bolusiob": 1.4810203298488893, 
  "iob": 2.221552466862223, 
  "activity": 0.029455555555555558
}