{
  "bolusiob": 3.02948887808, 
  "iob": 3.404306465586667, 
  "activity": 0.014096119929453255
}