{
  "bolusiob": 0, 
  "iob": 0.6189605935276369, 
  "activity": 0.008072275873015872
}