{
  "bolusiob": 0.8775724864, 
  "iob": 1.8133163551444442, 
  "activity": 0.017993280423280418
}