{
  "bolusiob": 0.43034658559999994, 
  "iob": 0.7339697007266667, 
  "activity": 0.006012663139329805
}