{
  "bolusiob": 0, 
  "iob": 0.1847806231656206, 
  "activity": 0.0023099115873015867
}