{
  "bolusiob": 0.9453809578488891, 
  "iob": 1.5366812882683334, 
  "activity": 0.009200626102292766
}