{
  "bolusiob": 0.16958862154666665, 
  "iob": 0.7702380640877777, 
  "activity": 0.010588289241622573
}