{
  "bolusiob": 0, 
  "iob": 0.6870705785655347, 
  "activity": 0.007593827901234567
}