{
  "bolusiob": 0.8823719257600001, 
  "iob": 1.3172612397733334, 
  "activity": 0.006981728395061728
}