{
  "bolusiob": 0, 
  "iob": -0.31364611103277784, 
  "activity": -0.0010717107583774258
}