{
  "bolusiob": 0.4522413898266667, 
  "iob": 1.340724264263435, 
  "activity": 0.012007090035273362
}