{
  "bolusiob": 0, 
  "iob": 0.5837953624590747, 
  "activity": 0.004776005555555555
}