{
  "bolusiob": 0, 
  "iob": -0.3238654548243191, 
  "activity": -0.0064938484303350965
}