{
  "bolusiob": 0, 
  "iob": 0.040871291193226744, 
  "activity": -0.0010198149382716047
}