{
  "bolusiob": 0, 
  "iob": 0.026324110465972123, 
  "activity": 0.006656560846560843
}