{
  "bolusiob": 0, 
  "iob": 0.619255351152778, 
  "activity": 0.008118924162257495
}