{
  "bolusiob": 0, 
  "iob": 0.12254024843497044, 
  "activity": 0.0033039858024691347
}