{
  "bolusiob": 0.1828380842666666, 
  "iob": 1.1931304844397568, 
  "activity": 0.0244982184303351
}