{
  "bolusiob": 0, 
  "iob": 0.9085477687602872, 
  "activity": 0.018898809841269845
}