{
  "bolusiob": 0, 
  "iob": -0.5371193702534531, 
  "activity": -0.006847804056437389
}