{
  "bolusiob": 0, 
  "iob": 0.6063052658103334, 
  "activity": 0.006705467372134038
}