{
  "bolusiob": -7.493333333337128e-05, 
  "iob": 0.2614802835666667, 
  "activity": 0.006912345679012345
}