{
  "bolusiob": 2.063652304213333, 
  "iob": 2.511292551055278, 
  "activity": 0.009378403880070546
}