{
  "bolusiob": 0, 
  "iob": -0.2216530242925161, 
  "activity": 0.0020903924338624333
}