{
  "bolusiob": 0, 
  "iob": 0.4247665156719668, 
  "activity": 0.007461216913580245
}