{
  "bolusiob": 0, 
  "iob": 0.07440860636527777, 
  "activity": 0.002465555555555555
}