{
  "bolusiob": 0, 
  "iob": 0.06256656802166667, 
  "activity": 0.001988800705467372
}