{
  "bolusiob": 0, 
  "iob": -0.09110276052022215, 
  "activity": 0.006422804232804231
}