{
  "bolusiob": 0, 
  "iob": 0.028410052610199858, 
  "activity": 0.0016002731922398583
}