{
  "bolusiob": 0.8757268253866666, 
  "iob": 1.6213197979022222, 
  "activity": 0.011840987654320985
}