{
  "bolusiob": 0, 
  "iob": 0.08186690323111113, 
  "activity": -0.0009532627865961192
}