{
  "bolusiob": 0, 
  "iob": -0.2748550919097066, 
  "activity": -0.0022790653791887124
}