{
  "bolusiob": 0.18847710653333338, 
  "iob": 1.5116073064622224, 
  "activity": 0.028496296296296297
}