{
  "bolusiob": 0.002277130239999803, 
  "iob": 0.39139102875944476, 
  "activity": 0.02094710758377424
}