{
  "bolusiob": 0, 
  "iob": 0.21532082699958333, 
  "activity": 0.0013181746031746034
}