{
  "bolusiob": 0, 
  "iob": 0.20681494957347224, 
  "activity": 0.001296869488536155
}