{
  "bolusiob": 0.4935726903333336, 
  "iob": 1.62282350846625, 
  "activity": 0.023060449735449726
}