{
  "bolusiob": 0, 
  "iob": 0.10109281416723925, 
  "activity": -0.001198712169312169
}