{
  "bolusiob": 0, 
  "iob": 0.024767459351666674, 
  "activity": 0.0009565255731922398
}