{
  "bolusiob": 0, 
  "iob": 0.2364373504688888, 
  "activity": 0.003174532627865959
}