{
  "bolusiob": 0, 
  "iob": 0.272066284, 
  "activity": 0.001422222222222222
}