{
  "bolusiob": 0, 
  "iob": -0.23231891193408308, 
  "activity": -0.0021450884126984126
}