{
  "bolusiob": 0, 
  "iob": 1.6696822557437514, 
  "activity": 0.04503608455026454
}