{
  "bolusiob": 0.2197673002666667, 
  "iob": 1.2425194558987949, 
  "activity": 0.024262609770723104
}