{
  "bolusiob": 0, 
  "iob": 0.5700738853827778, 
  "activity": 0.011560546737213401
}