{
  "bolusiob": 0, 
  "iob": 0.14706822204610343, 
  "activity": 0.0017825836507936502
}