{
  "bolusiob": 0, 
  "iob": 0.386075775732791, 
  "activity": 0.00267052922398589
}