{
  "bolusiob": 0.31376446666666663, 
  "iob": 1.7856273992214406, 
  "activity": 0.027697071869488527
}