{
  "bolusiob": 0.2952824740266665, 
  "iob": 2.053608201281111, 
  "activity": 0.033950229276895935
}