{
  "bolusiob": 0, 
  "iob": -0.4138553634933334, 
  "activity": -0.0022717813051146385
}