{
  "bolusiob": 1.4192755052444446, 
  "iob": 2.7403933728694447, 
  "activity": 0.032583677248677244
}