{
  "bolusiob": 0, 
  "iob": 0.21389859720611107, 
  "activity": 0.007878165784832449
}