{
  "bolusiob": 0, 
  "iob": 0.6463672236792221, 
  "activity": 0.006183227513227514
}