{
  "bolusiob": 0.11417296141333319, 
  "iob": 1.2872058859309723, 
  "activity": 0.02410244268077601
}