{
  "bolusiob": 0.09720983299999979, 
  "iob": 1.5239947967288885, 
  "activity": 0.02989470899470899
}