{
  "bolusiob": 0.2619390000000001, 
  "iob": 1.0666319999999998, 
  "activity": 0.01333333333333333
}