{
  "bolusiob": 1.5606119603200002, 
  "iob": 1.1479693298398888, 
  "activity": -0.005387477954144621
}