{
  "bolusiob": 0, 
  "iob": -0.13388080960169915, 
  "activity": -0.00045989814814814835
}