{
  "bolusiob": 0.11149880746666674, 
  "iob": 1.1264594942475556, 
  "activity": 0.02163261022927689
}