{
  "bolusiob": 0, 
  "iob": 0.26165137783500025, 
  "activity": 0.008363544973544974
}