{
  "bolusiob": 0.054852121186666845, 
  "iob": 1.0144123674633334, 
  "activity": 0.02070564373897707
}