{
  "bolusiob": 0, 
  "iob": 0.5514647369073743, 
  "activity": 0.0046198855555555545
}