{
  "bolusiob": 0, 
  "iob": 0.7176656002016634, 
  "activity": 0.008635997195767195
}