{
  "bolusiob": -0.00017134335999995364, 
  "iob": 1.0399575333978561, 
  "activity": 0.016654391587301583
}