{
  "bolusiob": 0, 
  "iob": 0.10161691407130131, 
  "activity": 0.005778835714285712
}