{
  "bolusiob": 0, 
  "iob": -0.5141702970977777, 
  "activity": -0.005848888888888889
}