{
  "bolusiob": 0, 
  "iob": -0.0969077869627778, 
  "activity": -0.00046772486772486764
}