{
  "bolusiob": 0, 
  "iob": 0.12093026923402778, 
  "activity": 0.0005315608465608462
}