{
  "bolusiob": 0.10201303226666658, 
  "iob": 1.2093910629022224, 
  "activity": 0.022753950617283945
}