{
  "bolusiob": 0.41400575829333336, 
  "iob": 1.5782816461764446, 
  "activity": 0.02061991181657848
}