{
  "bolusiob": 0, 
  "iob": 0.31648455689111116, 
  "activity": 0.006745061728395062
}