{
  "bolusiob": 0, 
  "iob": 0.10509044836888877, 
  "activity": 0.001481305114638445
}