{
  "bolusiob": 0, 
  "iob": 0.8433522546639552, 
  "activity": 0.01583570594356261
}