{
  "bolusiob": 0, 
  "iob": -0.30823059772753636, 
  "activity": -0.002649426984126984
}