{
  "bolusiob": 0, 
  "iob": 0.6574108529403564, 
  "activity": 0.0075079901587301575
}