{
  "bolusiob": 0, 
  "iob": 0.5872672797115026, 
  "activity": 0.009853977654320983
}