{
  "bolusiob": 0, 
  "iob": 0.14109755784138875, 
  "activity": -0.0020970193298059966
}