{
  "bolusiob": 0.1298040384, 
  "iob": 1.9061962413566667, 
  "activity": 0.04986620811287476
}