{
  "bolusiob": 0.6251124599466668, 
  "iob": 1.5595607802475555, 
  "activity": 0.011793298059964725
}