{
  "bolusiob": 0, 
  "iob": 0.2924506259227778, 
  "activity": 0.0024573633156966487
}