{
  "bolusiob": 0, 
  "iob": 0.49128542204076386, 
  "activity": 0.0021470017636684305
}