{
  "bolusiob": 0, 
  "iob": -0.13637936638819445, 
  "activity": -0.0007173985890652557
}