{
  "bolusiob": 0, 
  "iob": 0.20505460926944447, 
  "activity": -0.0004557760141093472
}