{
  "bolusiob": 0, 
  "iob": 0.05650657018972224, 
  "activity": -0.0011312345679012346
}