{
  "bolusiob": 0, 
  "iob": -0.1652100056568889, 
  "activity": -0.0016830687830687826
}