{
  "bolusiob": 0, 
  "iob": -0.05752996548749771, 
  "activity": -0.0011043211111111109
}