{
  "bolusiob": 0.25046247352, 
  "iob": 1.398253867771111, 
  "activity": 0.025687760141093467
}