{
  "bolusiob": 0, 
  "iob": 0.5597778565572219, 
  "activity": 0.007149726631393295
}