{
  "bolusiob": 0, 
  "iob": 0.14902318690985822, 
  "activity": 0.002529082733686067
}