{
  "bolusiob": 0.10289308773333339, 
  "iob": 1.3554674983350001, 
  "activity": 0.0244742504409171
}