{
  "bolusiob": 0, 
  "iob": -0.4977334160790283, 
  "activity": -0.0024459704056437382
}