{
  "bolusiob": 2.486396255911111, 
  "iob": 3.553055098134444, 
  "activity": 0.03304017636684303
}