{
  "bolusiob": 0, 
  "iob": -0.1994627003723284, 
  "activity": 0.0008006940035273366
}