{
  "bolusiob": 0, 
  "iob": -0.5446802107077588, 
  "activity": -0.0056214023633156945
}