{
  "bolusiob": 0.7184084929777778, 
  "iob": 1.5932729039190276, 
  "activity": 0.014879012345679012
}