{
  "bolusiob": 1.3385278582044444, 
  "iob": 1.9972955031031114, 
  "activity": 0.014181823633156964
}