{
  "bolusiob": 0, 
  "iob": 0.042235492119999975, 
  "activity": 0.003448677248677248
}