{
  "bolusiob": 0, 
  "iob": 0.6767684632136668, 
  "activity": 0.017775044091710757
}