{
  "bolusiob": 0, 
  "iob": 0.45690424699653875, 
  "activity": 0.00801958167548501
}