{
  "bolusiob": 0, 
  "iob": 0.18481420317923614, 
  "activity": 0.0021532539682539683
}