{
  "bolusiob": 0, 
  "iob": 0.03778423603428804, 
  "activity": 0.0016538798059964723
}