{
  "bolusiob": 1.2118451755200004, 
  "iob": 2.117955775495417, 
  "activity": 0.0155465873015873
}