{
  "bolusiob": 0, 
  "iob": -0.20345093872937514, 
  "activity": 0.00025946199294532633
}