{
  "bolusiob": 3.1389749938888896, 
  "iob": 4.928210004332222, 
  "activity": 0.033537777777777764
}