{
  "bolusiob": 0, 
  "iob": 0.12830827205624193, 
  "activity": -0.0005709434391534413
}