{
  "bolusiob": 0, 
  "iob": 0.18022142848742062, 
  "activity": 0.002260017407407406
}