{
  "bolusiob": 0, 
  "iob": 0.22623715639311104, 
  "activity": 0.005383994708994708
}