{
  "bolusiob": 0, 
  "iob": -0.07764874966800003, 
  "activity": -0.0012102645502645505
}