{
  "bolusiob": 4.0583433788444445, 
  "iob": 5.129835792524444, 
  "activity": 0.022630617283950608
}