{
  "bolusiob": 0, 
  "iob": 0.13466886517666665, 
  "activity": 0.0023760670194003524
}