{
  "bolusiob": 0, 
  "iob": 0.38965369831615987, 
  "activity": 0.006450264673721337
}