{
  "bolusiob": 0.5734707576666667, 
  "iob": 2.394976480792313, 
  "activity": 0.04038045317460317
}