{
  "bolusiob": 0, 
  "iob": 0.008149105559999998, 
  "activity": 0.0006148148148148148
}