{
  "bolusiob": 0, 
  "iob": -0.20154116292314683, 
  "activity": 0.0030094707936507937
}