{
  "bolusiob": 0.35437211093333343, 
  "iob": 2.123345345717778, 
  "activity": 0.033100881834215154
}