{
  "bolusiob": 0, 
  "iob": 0.09959918131111112, 
  "activity": 0.001509753086419753
}