{
  "bolusiob": 0, 
  "iob": 0.3899923745961112, 
  "activity": 0.014668730158730155
}