{
  "bolusiob": 0, 
  "iob": 0.46850989368631946, 
  "activity": 0.0028993121693121696
}