{
  "bolusiob": 0.5622484210666667, 
  "iob": 1.6976600088777778, 
  "activity": 0.021232098765432094
}