{
  "bolusiob": 2.1544589337777773, 
  "iob": 2.9131458527253287, 
  "activity": 0.0149992340388007
}