{
  "bolusiob": 0.9024630726400001, 
  "iob": 2.5526321184500005, 
  "activity": 0.02742751322751322
}