{
  "bolusiob": 0.2750779025599999, 
  "iob": 0.8461283932128413, 
  "activity": 0.009190106349206348
}