{
  "bolusiob": 0, 
  "iob": 0.034782206966666666, 
  "activity": 0.0011160493827160492
}