{
  "bolusiob": 0, 
  "iob": 0.2902847325362448, 
  "activity": 0.00013100564373897736
}