{
  "bolusiob": 0, 
  "iob": 0.44000999482500003, 
  "activity": 0.00736248677248677
}