{
  "bolusiob": 0, 
  "iob": 0.008398781999111135, 
  "activity": 0.0005252998236331576
}