{
  "bolusiob": 0, 
  "iob": 0.26239217211356325, 
  "activity": 0.0031448328218694876
}