{
  "bolusiob": 0, 
  "iob": 0.7629504362846118, 
  "activity": 0.00845366380952381
}