{
  "bolusiob": 0, 
  "iob": 1.133238926973862, 
  "activity": 0.02405132280423281
}