{
  "bolusiob": 1.97294273152, 
  "iob": 2.959270686993333, 
  "activity": 0.019637037037037033
}