{
  "bolusiob": 0.002334317999999924, 
  "iob": 0.9396967804366666, 
  "activity": 0.028093827160493825
}