{
  "bolusiob": 0, 
  "iob": 0.03196078419333333, 
  "activity": 0.0012035273368606698
}