{
  "bolusiob": 0, 
  "iob": 0.543150957506409, 
  "activity": 0.006695273492063493
}