{
  "bolusiob": 0.31849996490666665, 
  "iob": 0.8367101823363086, 
  "activity": 0.0038736952557319212
}