{
  "bolusiob": 0.4754486121777778, 
  "iob": 0.9564386434444443, 
  "activity": 0.010727513227513225
}