{
  "bolusiob": 0, 
  "iob": -0.038947092081888963, 
  "activity": 0.004159523809523813
}