{
  "bolusiob": 0, 
  "iob": 0.3406489331992223, 
  "activity": 0.001987583774250441
}