{
  "bolusiob": 0, 
  "iob": 0.3112082542944441, 
  "activity": 0.019320246913580225
}