{
  "bolusiob": 0, 
  "iob": -0.5869796988845557, 
  "activity": -0.004781798941798941
}