{
  "bolusiob": 0, 
  "iob": -0.23076507885744446, 
  "activity": -0.0018996649029982358
}