{
  "bolusiob": 0, 
  "iob": 0.10540690487125, 
  "activity": 0.0005879276895943556
}