{
  "bolusiob": 1.6685474839999999, 
  "iob": 2.1864493025977425, 
  "activity": 0.018246710634920633
}