{
  "bolusiob": 0, 
  "iob": 0.09064714677777777, 
  "activity": 0.0013630511463844793
}