{
  "bolusiob": 0.5235510689466667, 
  "iob": 1.7141465964981948, 
  "activity": 0.018828456790123457
}