{
  "bolusiob": 0, 
  "iob": 0.69988215174833, 
  "activity": 0.008542699135802469
}