{
  "bolusiob": 0, 
  "iob": 0.09349507205555557, 
  "activity": 0.0021940035273368607
}