{
  "bolusiob": 0.4584561536400001, 
  "iob": 1.9487312908629182, 
  "activity": 0.027620758112874774
}