{
  "bolusiob": 0, 
  "iob": 0.45370745655444467, 
  "activity": 0.03076416225749558
}