{
  "bolusiob": 0, 
  "iob": -0.24002029347920484, 
  "activity": 0.004583456296296296
}