{
  "bolusiob": 0, 
  "iob": 0.055610086556444484, 
  "activity": 0.001265149911816579
}