{
  "bolusiob": 0, 
  "iob": -0.07933744830680892, 
  "activity": 0.008256172716049379
}