{
  "bolusiob": 0, 
  "iob": 0.06876822996666665, 
  "activity": 0.0015018342151675481
}