{
  "bolusiob": 1.3839241889066667, 
  "iob": 1.8445497999002343, 
  "activity": 0.007470388465608463
}