{
  "bolusiob": 0, 
  "iob": 0.7025950579227777, 
  "activity": 0.008415273368606703
}