{
  "bolusiob": 0.002631367466666701, 
  "iob": 0.4517336885333334, 
  "activity": 0.010045855379188711
}