{
  "bolusiob": 0, 
  "iob": -0.025888883567638916, 
  "activity": -0.0018389858906525571
}