{
  "bolusiob": 0, 
  "iob": 0.7063271859230983, 
  "activity": 0.007583024850088183
}