{
  "bolusiob": 0, 
  "iob": 0.05789845411416376, 
  "activity": -0.0006812258377425042
}