{
  "bolusiob": 0, 
  "iob": -0.46130585718888895, 
  "activity": -0.005426137566137566
}