{
  "bolusiob": 0, 
  "iob": -0.1308805497964622, 
  "activity": 0.00018356248677248437
}