{
  "bolusiob": 0, 
  "iob": -0.14453451367972225, 
  "activity": -0.0008406613756613754
}