{
  "bolusiob": 0.9760673867333334, 
  "iob": 3.8930820250244444, 
  "activity": 0.05065280423280422
}