{
  "bolusiob": 0.06782428253333331, 
  "iob": 0.9634433713559333, 
  "activity": 0.025650097001763666
}