{
  "bolusiob": 0, 
  "iob": -0.4100944770981255, 
  "activity": -0.005594140952380952
}