{
  "bolusiob": 0, 
  "iob": 0.2600813588614445, 
  "activity": 0.0018116402116402112
}