{
  "bolusiob": 0, 
  "iob": 0.723033095223492, 
  "activity": 0.004754387319223986
}