{
  "bolusiob": 0, 
  "iob": 0.2951416403705087, 
  "activity": 0.007016684144620811
}