{
  "bolusiob": 0, 
  "iob": -0.2214148030018889, 
  "activity": -0.0015938095238095232
}