{
  "bolusiob": 0, 
  "iob": 0.18307091610378357, 
  "activity": 0.002930722839506172
}