{
  "bolusiob": 0.04628810026666663, 
  "iob": 1.0937743909683335, 
  "activity": 0.022610141093474423
}