{
  "bolusiob": 0, 
  "iob": -0.15624094638667047, 
  "activity": -0.005286313844797178
}