{
  "bolusiob": 0, 
  "iob": -0.27918474869911114, 
  "activity": -0.0012786419753086416
}