{
  "bolusiob": 2.714320589084444, 
  "iob": 3.242060613778889, 
  "activity": 0.014881305114638445
}