{
  "bolusiob": 0, 
  "iob": 0.06980949397644248, 
  "activity": 0.002145960934744268
}