{
  "bolusiob": 0, 
  "iob": -0.49201015845919116, 
  "activity": -0.005114241746031745
}