{
  "bolusiob": 0, 
  "iob": -0.09430102248611114, 
  "activity": -0.0017915520282186953
}