{
  "bolusiob": 0.26593984511999996, 
  "iob": 1.3395218210306665, 
  "activity": 0.016225185185185186
}