{
  "bolusiob": 0.1779842259866669, 
  "iob": 1.181331622825244, 
  "activity": 0.029765008712522037
}