{
  "bolusiob": 0, 
  "iob": 0.45169629179333337, 
  "activity": 0.007884885361552026
}