{
  "bolusiob": 0, 
  "iob": 0.6245499198819726, 
  "activity": 0.008603320599647262
}