{
  "bolusiob": 1.1104259250000001, 
  "iob": 1.6895845924534594, 
  "activity": 0.011053527248677246
}