{
  "bolusiob": 0, 
  "iob": -0.18789052667300055, 
  "activity": 0.0068593823456790095
}