{
  "bolusiob": 0, 
  "iob": 0.6048728228392284, 
  "activity": 0.008680614832451495
}