{
  "bolusiob": 2.3807312, 
  "iob": 2.3574681104846666, 
  "activity": 0.009632045855379186
}