{
  "bolusiob": 0.9421785413333337, 
  "iob": 1.9309529504874892, 
  "activity": 0.014676243386243374
}