{
  "bolusiob": 0, 
  "iob": 0.10185874600833333, 
  "activity": 0.0016668077601410933
}