{
  "bolusiob": 0, 
  "iob": 0.28516911767513886, 
  "activity": 0.001919268077601411
}