{
  "bolusiob": 0, 
  "iob": 0.07750048188000001, 
  "activity": 0.004507936507936506
}