{
  "bolusiob": 0.33627733333333343, 
  "iob": 0.36865162425361653, 
  "activity": 0.0027349030864197523
}