{
  "bolusiob": 0.022335636666666714, 
  "iob": 0.1400944578301389, 
  "activity": 0.003956463844797176
}