{
  "bolusiob": 0.45260037130666675, 
  "iob": 1.9268509446904398, 
  "activity": 0.026366013738977064
}