{
  "bolusiob": 0, 
  "iob": 0.765858022309674, 
  "activity": 0.006646204444444443
}