{
  "bolusiob": 0, 
  "iob": 0.8438721529932147, 
  "activity": 0.01273943608465608
}