{
  "bolusiob": 0, 
  "iob": 0.029702252993333338, 
  "activity": 0.0011611992945326276
}