{
  "bolusiob": 0, 
  "iob": -0.08695335504441588, 
  "activity": 0.0004101635802469132
}