{
  "bolusiob": 0, 
  "iob": -0.5286868549541782, 
  "activity": -0.005929400264550265
}