{
  "bolusiob": 0, 
  "iob": 0.7768593833076219, 
  "activity": 0.008385049206349205
}