{
  "bolusiob": 0.3850400220444445, 
  "iob": 0.9058499948611112, 
  "activity": 0.009769206349206347
}