{
  "bolusiob": 1.266031112937778, 
  "iob": 3.125696794484734, 
  "activity": 0.03516354206349205
}