{
  "bolusiob": 0, 
  "iob": -0.051098675681666685, 
  "activity": 3.4567901234564207e-06
}