{
  "bolusiob": 0.29986523264, 
  "iob": 1.3237001346195238, 
  "activity": 0.019424013668430322
}