{
  "bolusiob": 0, 
  "iob": 0.04187797521958336, 
  "activity": 0.003927098765432097
}