{
  "bolusiob": 0, 
  "iob": -0.043919859886471, 
  "activity": 4.2354373897707346e-05
}