{
  "bolusiob": 0, 
  "iob": 0.6647930054433961, 
  "activity": 0.0081690328042328
}