{
  "bolusiob": 0, 
  "iob": 0.6288256341219999, 
  "activity": 0.006879735449735449
}