{
  "bolusiob": 0, 
  "iob": 0.070447893015, 
  "activity": 0.0022013227513227505
}