{
  "bolusiob": 0, 
  "iob": 0.38598996383708345, 
  "activity": 0.005694206349206349
}