{
  "bolusiob": 0, 
  "iob": 0.013418403196918914, 
  "activity": 0.00279023795414462
}