{
  "bolusiob": 0, 
  "iob": -0.4394724322426975, 
  "activity": -0.003652365978835979
}