{
  "bolusiob": 0, 
  "iob": -0.0015880884500000525, 
  "activity": 0.002447169312169311
}