{
  "bolusiob": 1.5721374293333334, 
  "iob": 2.403740442268778, 
  "activity": 0.012856966490299819
}