{
  "bolusiob": 0, 
  "iob": -0.06077845166000001, 
  "activity": -0.0016534391534391533
}