{
  "bolusiob": 0, 
  "iob": -0.22407615225555558, 
  "activity": 9.172839506172818e-05
}