{
  "bolusiob": 0.0007763007999999627, 
  "iob": 0.5305554737186292, 
  "activity": 0.016163280229276895
}