{
  "bolusiob": 0, 
  "iob": 0.49986991907312583, 
  "activity": 0.0034721570723104055
}