{
  "bolusiob": 1.15984478784, 
  "iob": 2.093703860239789, 
  "activity": 0.022069294638447975
}