{
  "bolusiob": 0, 
  "iob": -0.08005889423652897, 
  "activity": 0.00024000255731922404
}