{
  "bolusiob": 4.364581156639999, 
  "iob": 5.179129595221731, 
  "activity": 0.015442831058201054
}