{
  "bolusiob": 0.3990992545066668, 
  "iob": 0.42700359330856347, 
  "activity": 0.001023232363315696
}