{
  "bolusiob": 0, 
  "iob": 0.24185643373350732, 
  "activity": 0.004345414832451499
}