{
  "bolusiob": 0, 
  "iob": 0.10741435574372686, 
  "activity": 0.0017789504938271604
}