{
  "bolusiob": 1.1167660851200003, 
  "iob": 1.715511355038667, 
  "activity": 0.007472592592592591
}