{
  "bolusiob": 0, 
  "iob": 0.6131626161419367, 
  "activity": 0.007103324638447972
}