{
  "bolusiob": 0, 
  "iob": -0.09176799103951991, 
  "activity": 0.00042494696649029984
}