{
  "bolusiob": 0.2357542788533334, 
  "iob": 0.7258682287573606, 
  "activity": 0.022224744268077593
}