{
  "bolusiob": 0, 
  "iob": -0.7146442516872223, 
  "activity": -0.0062588271604938255
}