{
  "bolusiob": 0, 
  "iob": -0.15621854524624434, 
  "activity": 0.00227370358024691
}