{
  "bolusiob": 0, 
  "iob": 0.10755190693513882, 
  "activity": 0.001552492927689594
}