{
  "bolusiob": 0, 
  "iob": 0.2757069757577778, 
  "activity": 0.0025574074074074067
}