{
  "bolusiob": 0, 
  "iob": 1.0096418090784143, 
  "activity": 0.016232151763668434
}