{
  "bolusiob": 0, 
  "iob": 0.7532696351189327, 
  "activity": 0.005077858148148149
}