{
  "bolusiob": 0.6628337900000001, 
  "iob": 2.2299553766666667, 
  "activity": 0.025074074074074068
}