{
  "bolusiob": 0, 
  "iob": -0.12143670922741485, 
  "activity": -0.0011638358906525571
}