{
  "bolusiob": 0, 
  "iob": -0.18437636851500006, 
  "activity": -0.0016528218694885364
}