{
  "bolusiob": 0.99055141984, 
  "iob": 3.118585875683967, 
  "activity": 0.04548301567901234
}