{
  "bolusiob": 0, 
  "iob": 0.15810102287944444, 
  "activity": 0.003762733686067018
}