{
  "bolusiob": 0, 
  "iob": 0.2480432191041181, 
  "activity": 0.004502098430335096
}