{
  "bolusiob": 0, 
  "iob": 0.6118594849981382, 
  "activity": 0.00795773950617284
}