{
  "bolusiob": 0.27086366164000003, 
  "iob": 0.95563880516, 
  "activity": 0.011045185185185184
}