{
  "bolusiob": 0, 
  "iob": 0.5120496330859453, 
  "activity": 0.021895392857142853
}