{
  "bolusiob": 0, 
  "iob": 0.17614386233444446, 
  "activity": 0.0008034303350970011
}