{
  "bolusiob": 0, 
  "iob": -0.14478085155727288, 
  "activity": -0.0022509434744268112
}