{
  "bolusiob": 0, 
  "iob": -0.4551694820983334, 
  "activity": -0.0013919135802469141
}