{
  "bolusiob": 1.46469162, 
  "iob": 2.552034176577156, 
  "activity": 0.030917196119929442
}