{
  "bolusiob": 0.7878527896177778, 
  "iob": 0.9093348026672222, 
  "activity": 0.0036575132275132273
}