{
  "bolusiob": 0, 
  "iob": -0.1911031801384722, 
  "activity": -0.000661490299823632
}