{
  "bolusiob": 0.21204217493333327, 
  "iob": 1.9382089165077776, 
  "activity": 0.03531516754850088
}