{
  "bolusiob": 0.7313973576933334, 
  "iob": 2.1181043531733335, 
  "activity": 0.024656261022927686
}