{
  "bolusiob": 0, 
  "iob": 0.8243397774521061, 
  "activity": 0.007272913139329805
}