{
  "bolusiob": 0.5470657675200001, 
  "iob": 1.065169225437778, 
  "activity": 0.00616169312169312
}