{
  "bolusiob": 0.5119095307377778, 
  "iob": 1.5978948628070002, 
  "activity": 0.024909559082892416
}