{
  "bolusiob": 0.8985706937288889, 
  "iob": 1.9790840060942225, 
  "activity": 0.01797753086419752
}