{
  "bolusiob": 0, 
  "iob": 0.30093305186243186, 
  "activity": 0.002702601657848323
}