{
  "bolusiob": 0, 
  "iob": 0.5837509052620001, 
  "activity": 0.007186402116402115
}