{
  "bolusiob": 0, 
  "iob": 0.5900357938216667, 
  "activity": 0.00841063492063492
}