{
  "bolusiob": 0, 
  "iob": 0.1979630898238542, 
  "activity": 0.0005200837742504408
}