{
  "bolusiob": 0, 
  "iob": 0.14040810122413527, 
  "activity": -0.0015314549029982391
}