{
  "bolusiob": 0, 
  "iob": -0.1457869144645971, 
  "activity": -0.002543606613756614
}