{
  "bolusiob": 0.34262977397333333, 
  "iob": 1.2887676438964444, 
  "activity": 0.017249276631393293
}