{
  "bolusiob": 0, 
  "iob": 0.963260098221281, 
  "activity": 0.02063757514991181
}