{
  "bolusiob": 0, 
  "iob": 0.7932370829528239, 
  "activity": 0.0062730897001763665
}