{
  "bolusiob": 0, 
  "iob": 0.8896257825976693, 
  "activity": 0.010264268412698414
}