{
  "bolusiob": 0, 
  "iob": 0.17016584468611803, 
  "activity": 0.0030278950617283946
}