{
  "bolusiob": 0, 
  "iob": 0.1763296281427778, 
  "activity": 0.0021938447971781303
}