{
  "bolusiob": 0.13306436000000044, 
  "iob": 3.4292308634500004, 
  "activity": 0.07298148148148147
}