{
  "bolusiob": 0.03419173759999987, 
  "iob": 1.5510581224350002, 
  "activity": 0.03404153439153439
}