{
  "bolusiob": 0, 
  "iob": 0.2454408817103334, 
  "activity": 0.0025159717813051153
}