{
  "bolusiob": 0, 
  "iob": 0.22840928907833336, 
  "activity": 0.002460008818342151
}