{
  "bolusiob": 0, 
  "iob": 0.03432386982666667, 
  "activity": 0.0012462081128747794
}