{
  "bolusiob": 0, 
  "iob": 0.6804521827744459, 
  "activity": 0.01357801633156966
}