{
  "bolusiob": 0.9838487112000001, 
  "iob": 2.0274366286312313, 
  "activity": 0.020913739347442672
}