{
  "bolusiob": 0, 
  "iob": 0.09941317528000002, 
  "activity": 8.814814814814812e-05
}