{
  "bolusiob": 0, 
  "iob": 0.7515032827934038, 
  "activity": 0.0067576859259259265
}