{
  "bolusiob": 1.3398005216, 
  "iob": 2.1507459900842507, 
  "activity": 0.019787860687830682
}