{
  "bolusiob": 0.3456112456000002, 
  "iob": 1.4825964924097315, 
  "activity": 0.02358349179894179
}