{
  "bolusiob": 0, 
  "iob": 1.1218533180344443, 
  "activity": 0.02326084656084656
}