{
  "bolusiob": 0, 
  "iob": 0.38859147454669785, 
  "activity": 0.0064875533686067
}