{
  "bolusiob": 0, 
  "iob": 0.5890470367306236, 
  "activity": 0.00796000074074074
}