{
  "bolusiob": 0, 
  "iob": 0.4339599403258845, 
  "activity": 0.005819418112874778
}