{
  "bolusiob": 0.04897063277333333, 
  "iob": 1.1947430550948612, 
  "activity": 0.024241719576719573
}