{
  "bolusiob": 0.05161420426666663, 
  "iob": 0.6474861607100001, 
  "activity": 0.009496190476190476
}