{
  "bolusiob": 0, 
  "iob": 0.012860935670293012, 
  "activity": 0.0028031567901234573
}