{
  "bolusiob": 0, 
  "iob": 0.728139419523867, 
  "activity": 0.00740578529100529
}