{
  "bolusiob": 0, 
  "iob": -0.37070231926888886, 
  "activity": -0.005685449735449735
}