{
  "bolusiob": 0, 
  "iob": 0.0038354628066666566, 
  "activity": 0.0004176366843033504
}