{
  "bolusiob": 0, 
  "iob": 0.15470975271333326, 
  "activity": 0.008053262786596111
}