{
  "bolusiob": 0, 
  "iob": 1.1481381484866668, 
  "activity": 0.022307583774250444
}