{
  "bolusiob": 0, 
  "iob": 0.5802033045885049, 
  "activity": 0.0070078278835978836
}