{
  "bolusiob": 0, 
  "iob": 0.2931141417470004, 
  "activity": 0.0006089950617283949
}