{
  "bolusiob": 1.1144310542133333, 
  "iob": 2.6881866949909723, 
  "activity": 0.02540318342151675
}