{
  "bolusiob": 0, 
  "iob": 0.03537675795844443, 
  "activity": 0.0012920017636684307
}