{
  "bolusiob": 0.41018979980000014, 
  "iob": 1.7902903365491207, 
  "activity": 0.02266918037037036
}