{
  "bolusiob": 0, 
  "iob": 0.5680153670116042, 
  "activity": 0.008667303985890652
}