{
  "bolusiob": 0, 
  "iob": 2.11787630195, 
  "activity": 0.05296560846560846
}