{
  "bolusiob": 0, 
  "iob": 0.20483430330957236, 
  "activity": 0.001972028306878306
}