{
  "bolusiob": 0, 
  "iob": 0.47985982437732017, 
  "activity": 0.008273426208112875
}