{
  "bolusiob": 0, 
  "iob": -0.150672003156875, 
  "activity": -0.0014686243386243382
}