{
  "bolusiob": 0, 
  "iob": 0.11401628149291666, 
  "activity": 0.0004878395061728391
}