{
  "bolusiob": 0, 
  "iob": 0.6941282157591961, 
  "activity": 0.013823615890652554
}