{
  "bolusiob": 0.15589130333333334, 
  "iob": 1.4341298923781989, 
  "activity": 0.025498113333333336
}