{
  "bolusiob": 0, 
  "iob": 1.0185831318379166, 
  "activity": 0.027691031746031738
}