{
  "bolusiob": 0, 
  "iob": 0.125437907893111, 
  "activity": 0.0023357142151675483
}