{
  "bolusiob": 0.29174018638666677, 
  "iob": 1.019376863971889, 
  "activity": 0.01814543209876543
}