{
  "bolusiob": 0, 
  "iob": 0.42736035245644444, 
  "activity": 0.004253783068783068
}