{
  "bolusiob": 0, 
  "iob": 0.6383487083509487, 
  "activity": 0.00778339197530864
}