{
  "bolusiob": 0, 
  "iob": 0.5741743925111111, 
  "activity": 0.015048359788359788
}