{
  "bolusiob": 0, 
  "iob": 0.33407000555666666, 
  "activity": 0.010391710758377424
}