{
  "bolusiob": 2.29423346656, 
  "iob": 2.581302950165, 
  "activity": 0.009043650793650793
}