{
  "bolusiob": 0, 
  "iob": 0.31120281024639623, 
  "activity": 0.003265943932980599
}