{
  "bolusiob": 0, 
  "iob": -0.13635019893243192, 
  "activity": 0.00045046710758377205
}