{
  "bolusiob": 4.266855860977778, 
  "iob": 5.176776839688889, 
  "activity": 0.021028148148148136
}