{
  "bolusiob": 0, 
  "iob": -0.4125746995843056, 
  "activity": -0.005616139329805996
}