{
  "bolusiob": 0, 
  "iob": 0.44493944916986156, 
  "activity": 0.003245811675485008
}