{
  "bolusiob": 0, 
  "iob": 0.03569157866388893, 
  "activity": 0.0015084038800705461
}