{
  "bolusiob": 0, 
  "iob": -0.3831823404176767, 
  "activity": 0.0034876593474426807
}