{
  "bolusiob": 0, 
  "iob": 0.3782650629477778, 
  "activity": -2.8395061728394154e-05
}