{
  "bolusiob": 0, 
  "iob": -0.3438948243780889, 
  "activity": -0.0049100618518518515
}