{
  "bolusiob": 0, 
  "iob": 0.16793788606013887, 
  "activity": 0.0012864462081128747
}