{
  "bolusiob": 0.2480311386666667, 
  "iob": 1.602327130783878, 
  "activity": 0.023649771111111106
}