{
  "bolusiob": 1.8103511854577778, 
  "iob": 3.084496833135, 
  "activity": 0.03409823633156966
}