{
  "bolusiob": 0.9590715690666668, 
  "iob": 3.4746324916567217, 
  "activity": 0.05963407380952381
}