{
  "bolusiob": 0.4573827492, 
  "iob": 1.897284113164379, 
  "activity": 0.026277619506172835
}