{
  "bolusiob": 0, 
  "iob": -0.26527843084378216, 
  "activity": -0.002371746155202822
}