{
  "bolusiob": 0.4625114298933333, 
  "iob": 1.9478667818066668, 
  "activity": 0.029773192239858904
}