{
  "bolusiob": 1.4392621414400002, 
  "iob": 2.262884687512633, 
  "activity": 0.015608327160493825
}