{
  "bolusiob": 0.2600833962666669, 
  "iob": 1.3413907863024679, 
  "activity": 0.02403333296296296
}