{
  "bolusiob": 0, 
  "iob": 0.10582237254333321, 
  "activity": 0.0070008818342151636
}