{
  "bolusiob": 3.821060741, 
  "iob": 5.075720347222221, 
  "activity": 0.02437647266313932
}