{
  "bolusiob": 0, 
  "iob": 0.2749039802233335, 
  "activity": 0.011001940035273368
}