{
  "bolusiob": 0, 
  "iob": -0.0007510057238212494, 
  "activity": -0.00019748686067019408
}