{
  "bolusiob": 0, 
  "iob": 0.0272499250133333, 
  "activity": 0.002960141093474427
}