{
  "bolusiob": 0.14267777556000003, 
  "iob": 1.3357826418793055, 
  "activity": 0.02359268959435626
}