{
  "bolusiob": 0, 
  "iob": 0.24316713313213933, 
  "activity": 0.0015085801587301582
}