{
  "bolusiob": 0, 
  "iob": 0.7390522053021931, 
  "activity": 0.01759694904761904
}