{
  "bolusiob": 3.386548667644445, 
  "iob": 4.265199523707049, 
  "activity": 0.01765505299823633
}