{
  "bolusiob": 1.1932848, 
  "iob": 1.6793098842246283, 
  "activity": 0.01192871278659612
}