{
  "bolusiob": 0, 
  "iob": 0.9735275473384405, 
  "activity": 0.020197822134038795
}