{
  "bolusiob": 2.2584198537955555, 
  "iob": 3.649647184693696, 
  "activity": 0.029414673809523804
}