{
  "bolusiob": 0, 
  "iob": 0.025379097890555508, 
  "activity": -0.005213703703703703
}