{
  "bolusiob": 1.4915715100444444, 
  "iob": 2.0308382892155556, 
  "activity": 0.016299065255731916
}