{
  "bolusiob": 0, 
  "iob": -0.25923894290577254, 
  "activity": -0.005434320723104054
}