{
  "bolusiob": 0, 
  "iob": -0.2502360028377778, 
  "activity": -0.004254409171075837
}