{
  "bolusiob": 0.6983478660000002, 
  "iob": 1.1097634591983663, 
  "activity": 0.010882348324514988
}