{
  "bolusiob": 0.1778857461333333, 
  "iob": 1.4811729271766092, 
  "activity": 0.025578377883597878
}