{
  "bolusiob": 0, 
  "iob": 0.11821486401944446, 
  "activity": 0.0017055908289241618
}