{
  "bolusiob": 0, 
  "iob": 0.2591611796136803, 
  "activity": 0.003088147883597883
}