{
  "bolusiob": 0, 
  "iob": 0.014281222620032383, 
  "activity": 0.01536051119929453
}