{
  "bolusiob": 0, 
  "iob": 0.4979570469422223, 
  "activity": 0.007591675485008818
}