{
  "bolusiob": 1.8923899152133332, 
  "iob": 4.457837863704465, 
  "activity": 0.04473209850088183
}