{
  "bolusiob": 0, 
  "iob": 0.06047037488333327, 
  "activity": 0.004342680776014107
}