{
  "bolusiob": 0, 
  "iob": 0.34361860403695216, 
  "activity": 0.0038122840740740724
}