{
  "bolusiob": 0, 
  "iob": 0.2548571878575573, 
  "activity": 0.006088558677248676
}