{
  "bolusiob": 2.65278578128, 
  "iob": 3.197112830211667, 
  "activity": 0.016339506172839496
}