{
  "bolusiob": 0.15932618656000008, 
  "iob": 0.3884335276567762, 
  "activity": 0.002918400335097001
}