{
  "bolusiob": 0, 
  "iob": 0.6510303977411112, 
  "activity": 0.013029858906525565
}