{
  "bolusiob": 0, 
  "iob": 0.35682317670949837, 
  "activity": 0.0013451801587301586
}