{
  "bolusiob": 0, 
  "iob": -0.04471642617969028, 
  "activity": 0.0005701736331569661
}