{
  "bolusiob": 0, 
  "iob": 0.2683424323827752, 
  "activity": 0.005809472716049381
}