{
  "bolusiob": 0.5419074144000005, 
  "iob": 3.6096182944100006, 
  "activity": 0.06038359788359787
}