{
  "bolusiob": 0, 
  "iob": -0.13119366285842474, 
  "activity": -0.002820776049382715
}