{
  "bolusiob": 0, 
  "iob": 0.336801960300452, 
  "activity": 0.003928562716049381
}