{
  "bolusiob": 0.03995541666666675, 
  "iob": 0.7714539581454168, 
  "activity": 0.0163455467372134
}