{
  "bolusiob": 0.49278391216000006, 
  "iob": 1.2305809541066666, 
  "activity": 0.009513368606701938
}