{
  "bolusiob": 0, 
  "iob": 0.24081282604046161, 
  "activity": -0.00028315664902998217
}