{
  "bolusiob": 0, 
  "iob": 0.12437994013569449, 
  "activity": 0.001243694885361552
}