{
  "bolusiob": 0, 
  "iob": 0.14232767432330262, 
  "activity": 0.0012742768077601409
}