{
  "bolusiob": 0.3409133144266667, 
  "iob": 1.4912558101542224, 
  "activity": 0.02318240740740741
}