{
  "bolusiob": 0, 
  "iob": 0.22328917933828474, 
  "activity": 0.017806278395061725
}