{
  "bolusiob": 0, 
  "iob": 0.8027126216564711, 
  "activity": 0.013036129470899467
}