{
  "bolusiob": 0, 
  "iob": 0.11530453127854254, 
  "activity": 0.003300428112874779
}