{
  "bolusiob": 0, 
  "iob": -0.20308796465978587, 
  "activity": -0.0027904674074074073
}