{
  "bolusiob": 0, 
  "iob": -0.3488594926844444, 
  "activity": -0.0015865873015873013
}