{
  "bolusiob": 0, 
  "iob": 0.3161919732900032, 
  "activity": 0.003105343827160494
}