{
  "bolusiob": 0, 
  "iob": 0.16697711524472225, 
  "activity": 0.00370358024691358
}