{
  "bolusiob": 0, 
  "iob": 0.5900308076387502, 
  "activity": 0.005781596119929453
}