{
  "bolusiob": 0.6816021174044445, 
  "iob": 0.4376491808960661, 
  "activity": -0.00016975345679012387
}