{
  "bolusiob": 0.8809452088888888, 
  "iob": 0.9667483688888889, 
  "activity": 0.002790123456790123
}