{
  "bolusiob": 0, 
  "iob": -0.02068190495706229, 
  "activity": 7.859800705467349e-05
}