{
  "bolusiob": 0, 
  "iob": 0.34906226177634214, 
  "activity": 0.005457989541446207
}