{
  "bolusiob": 0.41178664407999993, 
  "iob": 1.030796829917361, 
  "activity": 0.02385232804232803
}