{
  "bolusiob": 0, 
  "iob": 0.22198205078564248, 
  "activity": 0.0022128568783068778
}