{
  "bolusiob": 1.2240544182044446, 
  "iob": 2.3673963636622224, 
  "activity": 0.020463068783068774
}