{
  "bolusiob": 0, 
  "iob": 1.1237405469281112, 
  "activity": 0.024490934744268073
}