{
  "bolusiob": 0.4820757171866668, 
  "iob": 2.108447593932777, 
  "activity": 0.029496234567901233
}