{
  "bolusiob": 0, 
  "iob": 0.0804748773333333, 
  "activity": 0.003908289241622574
}