{
  "bolusiob": 0, 
  "iob": 0.10541163975768396, 
  "activity": 0.0033375621869488536
}