{
  "bolusiob": 0, 
  "iob": 1.0673131270855556, 
  "activity": 0.040735414462081114
}