{
  "bolusiob": 0, 
  "iob": -0.18203974294599512, 
  "activity": -0.002202221869488536
}