{
  "bolusiob": 0, 
  "iob": -0.08073715110995558, 
  "activity": -3.640719576719493e-05
}