{
  "bolusiob": 2.435700412, 
  "iob": 2.6823353468083337, 
  "activity": 0.01985953262786596
}