{
  "bolusiob": 0.4017912365466668, 
  "iob": 1.4006264092755556, 
  "activity": 0.01607728395061728
}