{
  "bolusiob": 0, 
  "iob": 0.24922709121221012, 
  "activity": 0.0033057029100529104
}