{
  "bolusiob": 0, 
  "iob": 0.1828014126534375, 
  "activity": 0.0009404541446208111
}