{
  "bolusiob": 0, 
  "iob": 0.4275426170898611, 
  "activity": 0.005384347442680776
}