{
  "bolusiob": 0.9570571282666669, 
  "iob": 1.8061365728622223, 
  "activity": 0.017506631393298052
}