{
  "bolusiob": 0, 
  "iob": 0.06444209437611037, 
  "activity": -0.0029413929453262788
}