{
  "bolusiob": 0, 
  "iob": 0.05753362295381118, 
  "activity": -0.0001562346913580246
}