{
  "bolusiob": 0, 
  "iob": -0.05319485650244451, 
  "activity": 0.0059159964726631376
}