{
  "bolusiob": 0, 
  "iob": 0.4227377005882172, 
  "activity": 0.0059309526984126955
}