{
  "bolusiob": 1.240641091, 
  "iob": 2.4122513782899553, 
  "activity": 0.0205831393121693
}