{
  "bolusiob": 0.16718167406666667, 
  "iob": 0.6410851343687787, 
  "activity": 0.009012913051146385
}