{
  "bolusiob": 0, 
  "iob": 0.6709634193592224, 
  "activity": 0.006048906525573192
}