{
  "bolusiob": 0.47677853472000004, 
  "iob": 3.24050836368, 
  "activity": 0.0511511111111111
}