{
  "bolusiob": 0, 
  "iob": 0.011001015295777787, 
  "activity": 0.00011345679012345773
}