{
  "bolusiob": 0, 
  "iob": -0.47157776244503763, 
  "activity": -0.006805273192239857
}