{
  "bolusiob": 0, 
  "iob": 0.3735833706347917, 
  "activity": 0.009018492063492064
}