{
  "bolusiob": 1.2812742222222222, 
  "iob": 1.4548373843421085, 
  "activity": 0.004753535890652557
}