{
  "bolusiob": 0, 
  "iob": 0.043765625505, 
  "activity": 0.0012119047619047617
}