{
  "bolusiob": 0, 
  "iob": 0.7518703569400003, 
  "activity": 0.008454373897707231
}