{
  "bolusiob": 1.4745393613466669, 
  "iob": 4.223085230058645, 
  "activity": 0.04725484982363315
}