{
  "bolusiob": 0, 
  "iob": -0.13641225128722223, 
  "activity": -0.0007141358024691357
}