{
  "bolusiob": 0, 
  "iob": 0.38002721780833326, 
  "activity": 0.013561992945326276
}