{
  "bolusiob": 1.0845260477333334, 
  "iob": 2.0485218277877784, 
  "activity": 0.01690074074074073
}