{
  "bolusiob": 0, 
  "iob": 0.21604396664977782, 
  "activity": 0.005245476190476191
}