{
  "bolusiob": 0, 
  "iob": -0.14517537690518323, 
  "activity": -0.0020482060141093464
}