{
  "bolusiob": 0, 
  "iob": 0.7684064773979165, 
  "activity": 0.024140520282186943
}