{
  "bolusiob": 0, 
  "iob": -0.02761332128547403, 
  "activity": 0.002023227425044091
}