{
  "bolusiob": 2.13011719788, 
  "iob": 2.715993378832222, 
  "activity": 0.013186525573192238
}