{
  "bolusiob": 2.3708592382799996, 
  "iob": 4.632323906301111, 
  "activity": 0.03604701940035272
}