{
  "bolusiob": 0, 
  "iob": 0.27286282342638, 
  "activity": 0.00720421500881834
}