{
  "bolusiob": 0, 
  "iob": 0.591882789004246, 
  "activity": 0.005022152416225736
}