{
  "bolusiob": 0, 
  "iob": -0.23680048521408487, 
  "activity": -0.0029725131393298055
}