{
  "bolusiob": 0, 
  "iob": 0.2082477518881111, 
  "activity": 0.0025349523809523804
}