{
  "bolusiob": 0.17829533119999996, 
  "iob": 1.2575442452164445, 
  "activity": 0.021343721340388006
}