{
  "bolusiob": 0, 
  "iob": -0.11892230549316993, 
  "activity": -0.002381169929453262
}