{
  "bolusiob": 0, 
  "iob": -0.3029793500744445, 
  "activity": -0.005422522045855378
}