{
  "bolusiob": 0.0001967853599999625, 
  "iob": 0.20204590165122482, 
  "activity": 0.008537389506172836
}