{
  "bolusiob": 0.06481187103999995, 
  "iob": 0.017834028995177838, 
  "activity": 0.004695555432098764
}