{
  "bolusiob": 0, 
  "iob": 0.6917669884519015, 
  "activity": 0.007082358835978835
}