{
  "bolusiob": 0.005384868266666731, 
  "iob": 0.06963691022860002, 
  "activity": 0.0016738095238095236
}