{
  "bolusiob": 0, 
  "iob": -0.09768558774141813, 
  "activity": -0.001828365608465608
}