{
  "bolusiob": 0, 
  "iob": 0.13145669193611112, 
  "activity": 0.0030941093474426804
}