{
  "bolusiob": 0, 
  "iob": 0.6774304621153167, 
  "activity": 0.008964305925925923
}