{
  "bolusiob": 0, 
  "iob": 0.11219602563161063, 
  "activity": 0.0033766098059964723
}