{
  "bolusiob": 0, 
  "iob": 0.10890054986958334, 
  "activity": 0.000521490299823633
}