{
  "bolusiob": 0, 
  "iob": 0.803620384961195, 
  "activity": 0.0068884889417989426
}