{
  "bolusiob": 0, 
  "iob": 0.3946293140964965, 
  "activity": 0.003949003633156966
}