{
  "bolusiob": 0, 
  "iob": -0.3293312920170224, 
  "activity": 0.0010570720811287483
}