{
  "bolusiob": 0.7709870454044445, 
  "iob": 0.8937872732894445, 
  "activity": 0.00397426807760141
}