{
  "bolusiob": 0.2022009934666666, 
  "iob": 0.7435177789116666, 
  "activity": 0.006759065255731922
}