{
  "bolusiob": 1.3723124531200002, 
  "iob": 1.7830732750386666, 
  "activity": 0.0046048677248677235
}