{
  "bolusiob": 0, 
  "iob": -0.2601189020638542, 
  "activity": 0.0028689329805996464
}