{
  "bolusiob": 0, 
  "iob": 0.31960903739584967, 
  "activity": 0.001495414938271605
}