{
  "bolusiob": 0, 
  "iob": -0.031729298840139766, 
  "activity": 0.0012597881657848322
}