{
  "bolusiob": 0.023006538666666687, 
  "iob": 1.2132590153572458, 
  "activity": 0.02524321005291005
}