{
  "bolusiob": 0, 
  "iob": -0.08492323347737599, 
  "activity": -0.0029142150264550274
}