{
  "bolusiob": 0, 
  "iob": 0.21155995858611112, 
  "activity": 0.0017985185185185187
}