{
  "bolusiob": 1.0611242412622224, 
  "iob": 1.370638199917778, 
  "activity": 0.005259629629629629
}