{
  "bolusiob": 0, 
  "iob": 0.5719563522461474, 
  "activity": 0.017335688148148145
}