{
  "bolusiob": 0, 
  "iob": 0.5104784283443057, 
  "activity": 0.006608033509700176
}