{
  "bolusiob": 0, 
  "iob": 0.3130825088726213, 
  "activity": 0.0024328658730158733
}