{
  "bolusiob": 0.9781267759288887, 
  "iob": 1.8726670746597112, 
  "activity": 0.036478730035273355
}