{
  "bolusiob": 0, 
  "iob": 0.36814710969602865, 
  "activity": 0.008389351657848322
}