{
  "bolusiob": 0.0008598719999999838, 
  "iob": 1.1421822585404764, 
  "activity": 0.02405248694885361
}