{
  "bolusiob": 0, 
  "iob": 0.23801888118383963, 
  "activity": 0.0026072930158730157
}