{
  "bolusiob": 0, 
  "iob": 0.4437061701219093, 
  "activity": 0.004715643650793648
}