{
  "bolusiob": 0, 
  "iob": 0.46727880166183305, 
  "activity": 0.0046834217813051145
}