{
  "bolusiob": 0.6461144353466668, 
  "iob": 1.7900863189426388, 
  "activity": 0.01762380070546737
}