{
  "bolusiob": 0, 
  "iob": 0.07973611009499997, 
  "activity": 0.004037319223985887
}