{
  "bolusiob": 0, 
  "iob": 0.683733041004468, 
  "activity": 0.008300371111111109
}