{
  "bolusiob": 0, 
  "iob": -0.29712658496, 
  "activity": -0.0003585185185185185
}