{
  "bolusiob": 0.82678051328, 
  "iob": 1.1618793764222222, 
  "activity": 0.0025544973544973544
}