{
  "bolusiob": 1.633734314511111, 
  "iob": 4.392940336634321, 
  "activity": 0.06481301560846561
}