{
  "bolusiob": 0, 
  "iob": -0.14680063970633334, 
  "activity": -0.002136701940035273
}