{
  "bolusiob": 0.0024262890666668646, 
  "iob": 1.4013115590125038, 
  "activity": 0.03990977091710756
}