{
  "bolusiob": 0, 
  "iob": -0.29820586718222225, 
  "activity": -0.002198386243386243
}