{
  "bolusiob": 0, 
  "iob": -0.03519985807666666, 
  "activity": -0.005584409171075836
}