{
  "bolusiob": 0, 
  "iob": 0.4770211107144792, 
  "activity": 0.0036701543209876545
}