{
  "bolusiob": 2.327482252266667, 
  "iob": 2.817267543066667, 
  "activity": 0.01168148148148148
}