{
  "bolusiob": 0, 
  "iob": 0.2987594125979561, 
  "activity": 0.0025835715520282185
}