{
  "bolusiob": 2.061920512, 
  "iob": 2.382670564281111, 
  "activity": 0.020194400352733684
}