{
  "bolusiob": 0.2057698316799998, 
  "iob": 2.037268699411444, 
  "activity": 0.04173969991181657
}