{
  "bolusiob": 0, 
  "iob": 0.19784511399, 
  "activity": 0.0032451675485008816
}