{
  "bolusiob": 0, 
  "iob": 0.7807850285355309, 
  "activity": 0.012379965079365073
}