{
  "bolusiob": 0, 
  "iob": 0.32125120526055556, 
  "activity": 0.012849876543209869
}