{
  "bolusiob": 0, 
  "iob": 0.04116939193857633, 
  "activity": 0.004190418871252203
}