{
  "bolusiob": 0.5410005378800001, 
  "iob": 1.48204362172, 
  "activity": 0.014651111111111106
}