{
  "bolusiob": 0, 
  "iob": 0.54599379024875, 
  "activity": 0.006343377425044091
}