{
  "bolusiob": 1.4593901019022224, 
  "iob": 1.8061054274819597, 
  "activity": 0.004208095555555555
}