{
  "bolusiob": 1.50823732768, 
  "iob": 3.266401820754322, 
  "activity": 0.033911556613756604
}