{
  "bolusiob": 0, 
  "iob": 0.33791457942200015, 
  "activity": 0.007319470881834215
}