{
  "bolusiob": 0, 
  "iob": -0.5532472762117371, 
  "activity": -0.004302733597883603
}