{
  "bolusiob": 1.3648964841244442, 
  "iob": 1.6448582493177935, 
  "activity": 0.0019691974074074066
}