{
  "bolusiob": 0, 
  "iob": 0.2095981252741919, 
  "activity": 0.0010497355379188698
}