{
  "bolusiob": 0, 
  "iob": 0.2095970258508889, 
  "activity": 0.0023682539682539673
}