{
  "bolusiob": 1.58068414348, 
  "iob": 2.8338200484333336, 
  "activity": 0.021587037037037033
}