{
  "bolusiob": 0, 
  "iob": 0.3387311565683333, 
  "activity": 0.012836067019400349
}