{
  "bolusiob": 0, 
  "iob": 0.31917083093166665, 
  "activity": 0.0014241358024691356
}