{
  "bolusiob": 0, 
  "iob": 0.6569622374212638, 
  "activity": 0.007800440828924161
}