{
  "bolusiob": 0, 
  "iob": -0.3067100299588752, 
  "activity": -0.002729586014109347
}