{
  "bolusiob": 1.171521386, 
  "iob": 2.9014824110311275, 
  "activity": 0.04058320934744267
}