{
  "bolusiob": 0, 
  "iob": -0.15529663993803494, 
  "activity": -0.0019589860141093467
}