{
  "bolusiob": 0, 
  "iob": 0.22685978776411547, 
  "activity": 0.006697583033509699
}