{
  "bolusiob": 0, 
  "iob": -0.11268008219777784, 
  "activity": -0.005859999999999999
}