{
  "bolusiob": 0, 
  "iob": -0.08267951781666665, 
  "activity": 0.006511781305114638
}