{
  "bolusiob": 0, 
  "iob": 0.1705907954516666, 
  "activity": -0.0008204056437389768
}