{
  "bolusiob": 0, 
  "iob": 0.904724740891741, 
  "activity": 0.015296807865961192
}