{
  "bolusiob": 0, 
  "iob": 0.55875186896875, 
  "activity": 0.006193183421516754
}