{
  "bolusiob": 0, 
  "iob": -0.018071644226666676, 
  "activity": 0.000981322751322751
}