{
  "bolusiob": 0, 
  "iob": 0.29652669220347216, 
  "activity": 0.0016865520282186952
}