{
  "bolusiob": 2.140621097528889, 
  "iob": 2.690635349342222, 
  "activity": 0.016671746031746027
}