{
  "bolusiob": 0, 
  "iob": 0.4254093732965159, 
  "activity": 0.0036343388007054676
}