{
  "bolusiob": 0, 
  "iob": 0.36561467445724466, 
  "activity": 0.0016371958730158728
}