{
  "bolusiob": 0, 
  "iob": 0.2255476232426613, 
  "activity": 0.005063496384479716
}