{
  "bolusiob": 0.5665362240000001, 
  "iob": 1.1824412505005562, 
  "activity": 0.017709576719576715
}