{
  "bolusiob": 0, 
  "iob": 0.5198615282666668, 
  "activity": 0.015372134038800705
}