{
  "bolusiob": 0, 
  "iob": 0.4378838998582431, 
  "activity": 0.0039562170370370355
}