{
  "bolusiob": 0, 
  "iob": 0.6857898658929249, 
  "activity": 0.008154170899470898
}