{
  "bolusiob": 0, 
  "iob": -0.23390008384222225, 
  "activity": -0.002909611992945326
}