{
  "bolusiob": 0, 
  "iob": 0.6451050945419998, 
  "activity": 0.0060931322751322705
}