{
  "bolusiob": 0, 
  "iob": 0.00014273891430569702, 
  "activity": 0.009759365079365073
}