{
  "bolusiob": 0.69409863776, 
  "iob": 2.128879208217299, 
  "activity": 0.02509786641975308
}