{
  "bolusiob": 0, 
  "iob": 0.6931247569131197, 
  "activity": 0.007142239964726629
}