{
  "bolusiob": 0, 
  "iob": 0.7352977218590276, 
  "activity": 0.014452460317460315
}