{
  "bolusiob": 1.5031922834533336, 
  "iob": 2.993380911067711, 
  "activity": 0.034229893915343916
}