{
  "bolusiob": 0, 
  "iob": -0.48812224139111116, 
  "activity": -0.0050526278659612
}