{
  "bolusiob": 0, 
  "iob": -0.1770838548238889, 
  "activity": -0.0013094091710758376
}