{
  "bolusiob": 0, 
  "iob": 0.453332514990718, 
  "activity": 0.010077900970017635
}