{
  "bolusiob": 1.3115405560000002, 
  "iob": 2.413152510819347, 
  "activity": 0.019524691728395056
}