{
  "bolusiob": 0.2114332682666667, 
  "iob": 0.6357018297779651, 
  "activity": 0.008914135890652555
}