{
  "bolusiob": 0, 
  "iob": -0.07626537581424869, 
  "activity": -0.0008368393298059967
}