{
  "bolusiob": 1.266684808248889, 
  "iob": 1.6934662463382668, 
  "activity": 0.0046829894179894185
}