{
  "bolusiob": 0.04149076451999994, 
  "iob": 0.9744618581028006, 
  "activity": 0.025638699735449726
}