{
  "bolusiob": 0, 
  "iob": 0.01952820842180554, 
  "activity": -0.0011956525573192237
}