{
  "bolusiob": 0, 
  "iob": 0.02625712637666671, 
  "activity": -0.002909717813051147
}