{
  "bolusiob": 0, 
  "iob": 0.15588076928566916, 
  "activity": 0.0023700173721340383
}