{
  "bolusiob": 0, 
  "iob": 0.38650247958105555, 
  "activity": 0.002582407407407407
}