{
  "bolusiob": 0, 
  "iob": 0.2753789597922222, 
  "activity": -0.0010738271604938273
}