{
  "bolusiob": 0, 
  "iob": 0.23654538736179279, 
  "activity": 0.0017753908289241623
}