{
  "bolusiob": 0.1312698574666667, 
  "iob": 1.3731005474222222, 
  "activity": 0.02807865961199294
}