{
  "bolusiob": 0, 
  "iob": 0.38493744503223626, 
  "activity": 0.008571503474426805
}