{
  "bolusiob": 3.08398716416, 
  "iob": 3.4023497984, 
  "activity": 0.010317195767195766
}