{
  "bolusiob": 0.4526511227733333, 
  "iob": 1.8017528102622222, 
  "activity": 0.025196790123456787
}