{
  "bolusiob": 0, 
  "iob": -0.33422319432763886, 
  "activity": -0.0057020017636684305
}