{
  "bolusiob": 0, 
  "iob": 0.592260905162, 
  "activity": 0.006790070546737212
}