{
  "bolusiob": 0.7796687520000001, 
  "iob": 1.6187165699436665, 
  "activity": 0.010354656084656085
}