{
  "bolusiob": 0.18104209461333337, 
  "iob": 1.7766214379205556, 
  "activity": 0.036548800705467364
}