{
  "bolusiob": 2.55958313728, 
  "iob": 2.7239929396606404, 
  "activity": 0.0027617461552028213
}