{
  "bolusiob": 0, 
  "iob": 0.18269577737055556, 
  "activity": 0.002199153439153439
}