{
  "bolusiob": 0, 
  "iob": 0.034565218415354704, 
  "activity": 0.0014699291887125218
}