{
  "bolusiob": 0, 
  "iob": -0.28892618738503545, 
  "activity": -0.0021110759611992942
}