{
  "bolusiob": 0.6690379698311112, 
  "iob": 2.5925277855282483, 
  "activity": 0.053783139206349195
}