{
  "bolusiob": 0, 
  "iob": 0.8644315802883336, 
  "activity": 0.029870458553791883
}