{
  "bolusiob": 0, 
  "iob": 0.7201667096622224, 
  "activity": 0.008451781305114637
}