{
  "bolusiob": 0, 
  "iob": 0.8430832590716124, 
  "activity": 0.008179841940035272
}