{
  "bolusiob": 1.8702229754133333, 
  "iob": 3.329162082884167, 
  "activity": 0.025125740740740733
}