{
  "bolusiob": 0, 
  "iob": 0.19374582298052198, 
  "activity": 0.0033449561728395036
}