{
  "bolusiob": 0, 
  "iob": 0.08048005735075134, 
  "activity": -0.0021103880246913583
}