{
  "bolusiob": 0, 
  "iob": 0.332099149598215, 
  "activity": 0.00515515971781305
}