{
  "bolusiob": 0, 
  "iob": 0.6867158270816557, 
  "activity": 0.008647539506172839
}