{
  "bolusiob": 0.6334101273599999, 
  "iob": 2.375958823156667, 
  "activity": 0.029881869488536147
}