{
  "bolusiob": 0, 
  "iob": 0.6357197938883334, 
  "activity": 0.008058342151675484
}