{
  "bolusiob": 0, 
  "iob": 0.3112458363561731, 
  "activity": 0.010308774338624337
}