{
  "bolusiob": 0.49023425209333327, 
  "iob": 1.3460919597743346, 
  "activity": 0.01916032615520282
}