{
  "bolusiob": 0.4429241047733334, 
  "iob": 2.682293001632223, 
  "activity": 0.04830483245149911
}