{
  "bolusiob": 1.749065612266667, 
  "iob": 2.667107383066667, 
  "activity": 0.016125925925925922
}