{
  "bolusiob": 0, 
  "iob": 0.020451430938472313, 
  "activity": 0.0034610670194003532
}