{
  "bolusiob": 0.5355447234933335, 
  "iob": 2.4997442325633856, 
  "activity": 0.040030939506172834
}