{
  "bolusiob": 0, 
  "iob": -0.6952425923627779, 
  "activity": -0.0056103086419753085
}