{
  "bolusiob": 0, 
  "iob": 0.24077590211429717, 
  "activity": -1.7548183421516435e-05
}