{
  "bolusiob": 0, 
  "iob": 0.16352420776487359, 
  "activity": 0.005441231305114637
}