{
  "bolusiob": 0, 
  "iob": 0.24306428025568064, 
  "activity": 0.003532628236331569
}