{
  "bolusiob": 0.16465155818666674, 
  "iob": 1.6475829252493712, 
  "activity": 0.03137064382716049
}