{
  "bolusiob": 0, 
  "iob": -0.0506299228488889, 
  "activity": -0.00010502645502645532
}