{
  "bolusiob": 0, 
  "iob": 0.2283307217996559, 
  "activity": 0.018610784514991187
}