{
  "bolusiob": 0, 
  "iob": 0.7183465351973903, 
  "activity": 0.007626375855379188
}