{
  "bolusiob": 0, 
  "iob": 0.06540528021499989, 
  "activity": 0.0029021516754850056
}