{
  "bolusiob": 0, 
  "iob": 0.6404080352186667, 
  "activity": 0.007252592592592592
}