{
  "bolusiob": 0, 
  "iob": 0.5505016628824319, 
  "activity": 0.005539868095238095
}