{
  "bolusiob": 0, 
  "iob": 0.19428042641499998, 
  "activity": 0.0028904761904761903
}