{
  "bolusiob": 0.27358435242666673, 
  "iob": 1.390944939557556, 
  "activity": 0.023460659611992934
}