{
  "bolusiob": 3.769706666667538e-05, 
  "iob": 1.3188757126172226, 
  "activity": 0.0439331569664903
}