{
  "bolusiob": 0, 
  "iob": 0.4850524297042387, 
  "activity": 0.0035496473015872994
}