{
  "bolusiob": 0, 
  "iob": 0.5600443514870855, 
  "activity": 0.006345027178130503
}