{
  "bolusiob": 1.143973642093333, 
  "iob": 4.002759933356667, 
  "activity": 0.057136613756613754
}