{
  "bolusiob": 0, 
  "iob": -0.018340257193333338, 
  "activity": -0.0008008818342151675
}