{
  "bolusiob": 0, 
  "iob": -0.11767452810833336, 
  "activity": -0.002772045855379189
}