{
  "bolusiob": 0.7270789404444445, 
  "iob": 0.33600834317143374, 
  "activity": -0.004726163968253967
}