{
  "bolusiob": 2.9196724803022223, 
  "iob": 2.860271545920904, 
  "activity": 0.003118082857142857
}