{
  "bolusiob": 0, 
  "iob": 0.15385524283769048, 
  "activity": 0.00012701966490299795
}