{
  "bolusiob": 0, 
  "iob": -0.5674629543130416, 
  "activity": -0.005554726878306877
}