{
  "bolusiob": 0, 
  "iob": -0.12737971714501375, 
  "activity": -0.0011476806878306877
}