{
  "bolusiob": 0, 
  "iob": -0.25450708602533295, 
  "activity": 0.008491461199294528
}