{
  "bolusiob": 0, 
  "iob": -0.48552228606277786, 
  "activity": -0.0011611728395061727
}