{
  "bolusiob": 0, 
  "iob": -0.005115292430274591, 
  "activity": -0.000320855467372134
}