{
  "bolusiob": 0, 
  "iob": 0.2968466889716473, 
  "activity": 0.00774534324514991
}