{
  "bolusiob": 2.90476404732, 
  "iob": 4.886125174002284, 
  "activity": 0.037100140828924155
}