{
  "bolusiob": 0.355173664, 
  "iob": 1.194736337636045, 
  "activity": 0.025068161816578474
}