{
  "bolusiob": 0, 
  "iob": 0.1792621373866667, 
  "activity": 0.006398536155202821
}