{
  "bolusiob": 0, 
  "iob": -0.08846811134117771, 
  "activity": -0.000584321111111111
}