{
  "bolusiob": 0, 
  "iob": -0.5059577606794445, 
  "activity": -0.005452716049382716
}