{
  "bolusiob": 0, 
  "iob": 0.17186377573347206, 
  "activity": 0.004435617283950614
}