{
  "bolusiob": 0, 
  "iob": 0.5300385473304724, 
  "activity": 0.0034455643738977066
}