{
  "bolusiob": 1.7931552942, 
  "iob": 4.389809248730556, 
  "activity": 0.0412911111111111
}