{
  "bolusiob": 1.7878879086400001, 
  "iob": 2.93299174547, 
  "activity": 0.02127354497354497
}