{
  "bolusiob": 0.62952518304, 
  "iob": 1.2301264239133332, 
  "activity": 0.013665590828924157
}