{
  "bolusiob": 0, 
  "iob": 0.6835807577186667, 
  "activity": 0.005919978835978836
}