{
  "bolusiob": 0.23039461013333334, 
  "iob": 0.759250750750139, 
  "activity": 0.009581261022927688
}