{
  "bolusiob": 0.15655255018666664, 
  "iob": 0.5150169593323605, 
  "activity": 0.021238333333333324
}