{
  "bolusiob": 0, 
  "iob": -0.07893041529221775, 
  "activity": -0.00039216943562610484
}