{
  "bolusiob": 0, 
  "iob": -0.19914515383999998, 
  "activity": -0.00014518518518518518
}