{
  "bolusiob": 0.4219249853866669, 
  "iob": 1.992322554509613, 
  "activity": 0.025059770740740738
}