{
  "bolusiob": 0.7818353163911113, 
  "iob": 3.019395229264444, 
  "activity": 0.05636560846560846
}