{
  "bolusiob": -0.00035995538666671044, 
  "iob": 1.045354038140214, 
  "activity": 0.021543395255731918
}