{
  "bolusiob": 0, 
  "iob": 0.8890222535133366, 
  "activity": 0.009093953633156968
}