{
  "bolusiob": 2.265995443911111, 
  "iob": 3.1838576039644444, 
  "activity": 0.017434038800705466
}