{
  "bolusiob": 0, 
  "iob": 0.647671452347213, 
  "activity": 0.008413398924162254
}