{
  "bolusiob": 0.013062451666666641, 
  "iob": 2.0900505440966666, 
  "activity": 0.05164832451499117
}