{
  "bolusiob": 0, 
  "iob": -0.4439507010314492, 
  "activity": -0.005683994444444445
}