{
  "bolusiob": 0.47770710582666664, 
  "iob": 0.7253123281395772, 
  "activity": 0.012134056067019398
}