{
  "bolusiob": 0, 
  "iob": 0.6973884262783333, 
  "activity": 0.021349320987654314
}