{
  "bolusiob": 0, 
  "iob": 1.1575038081573612, 
  "activity": 0.029453500881834207
}