{
  "bolusiob": 0, 
  "iob": 0.10488529017108783, 
  "activity": 0.004982345114638446
}