{
  "bolusiob": 0, 
  "iob": 0.6725611505916698, 
  "activity": 0.007004500264550264
}