{
  "bolusiob": 2.0353745816355553, 
  "iob": 2.6754127664620375, 
  "activity": 0.012864029858906525
}