{
  "bolusiob": 1.946439786, 
  "iob": 3.620025043604583, 
  "activity": 0.04171387442680776
}