{
  "bolusiob": 0.996193754746667, 
  "iob": 2.236751574611685, 
  "activity": 0.019336790246913576
}