{
  "bolusiob": 0, 
  "iob": 0.08031750282656916, 
  "activity": 0.002265220194003527
}