{
  "bolusiob": 0.7140761643199999, 
  "iob": 1.1224600799572222, 
  "activity": 0.004455291005291005
}