{
  "bolusiob": 0.2955206144000002, 
  "iob": 1.4706562521333335, 
  "activity": 0.023140035273368602
}