{
  "bolusiob": 0, 
  "iob": 0.13932245675888882, 
  "activity": 0.021024462081128743
}