{
  "bolusiob": 0, 
  "iob": 0.5408126399000002, 
  "activity": 0.01496164021164021
}