{
  "bolusiob": 0.017306470719999887, 
  "iob": 0.9143119906800001, 
  "activity": 0.01968359788359788
}