{
  "bolusiob": 0, 
  "iob": 0.030147282293333206, 
  "activity": 0.003934744268077596
}