{
  "bolusiob": 0, 
  "iob": -0.19406123688683796, 
  "activity": 0.0022130337742504408
}