{
  "bolusiob": 0, 
  "iob": 0.11796301308902779, 
  "activity": 0.00048628747795414465
}