{
  "bolusiob": 0.40056303536000004, 
  "iob": 1.2018054036025008, 
  "activity": 0.025800242945326263
}