{
  "bolusiob": 0, 
  "iob": -0.444899551805, 
  "activity": -0.005559788359788359
}