{
  "bolusiob": 0, 
  "iob": 0.7532541987222223, 
  "activity": 0.00845543209876543
}