{
  "bolusiob": 0.14093791666666672, 
  "iob": 0.7030986486116667, 
  "activity": 0.007935573192239857
}