{
  "bolusiob": 0.020053159280000066, 
  "iob": 0.04101748362176553, 
  "activity": 0.01638330675485008
}