{
  "bolusiob": 0, 
  "iob": -0.07862296988635137, 
  "activity": -0.0029201055555555548
}