{
  "bolusiob": 0, 
  "iob": 0.023365550139722135, 
  "activity": 0.011445582010582005
}