{
  "bolusiob": 0, 
  "iob": -0.6082137387384448, 
  "activity": -0.0037569664902998207
}