{
  "bolusiob": 1.51933679744, 
  "iob": 2.2637463465893304, 
  "activity": 0.022380526084656075
}