{
  "bolusiob": 0, 
  "iob": 0.19844179530066697, 
  "activity": 0.0033111813932980593
}