{
  "bolusiob": 0.3965262177066667, 
  "iob": 1.4499018754134254, 
  "activity": 0.012962522151675482
}