{
  "bolusiob": 0.34285411736000015, 
  "iob": 1.8001443005622224, 
  "activity": 0.029347089947089944
}