{
  "bolusiob": 0, 
  "iob": 0.8179817424673989, 
  "activity": 0.023714550352733687
}