{
  "bolusiob": 0.4014833200000001, 
  "iob": 1.3097569268102132, 
  "activity": 0.030935043721340386
}