{
  "bolusiob": 0, 
  "iob": 0.35445504950477785, 
  "activity": 0.007496155202821867
}