{
  "bolusiob": 0, 
  "iob": 0.13890987721280645, 
  "activity": -0.000609435432098765
}