{
  "bolusiob": 0, 
  "iob": 0.36214265567314186, 
  "activity": 0.007947001093474427
}