{
  "bolusiob": 0, 
  "iob": 0.45348385041299566, 
  "activity": 0.006096261146384477
}