{
  "bolusiob": 0, 
  "iob": 0.22919270777277778, 
  "activity": 0.0018492945326278657
}