{
  "bolusiob": 0.17421935299999994, 
  "iob": 1.6234682056177774, 
  "activity": 0.02879664902998236
}