{
  "bolusiob": 0.7646033248711112, 
  "iob": 0.43440818950169274, 
  "activity": -0.0007682719753086421
}