{
  "bolusiob": 0.7777561237333335, 
  "iob": 1.919047208671111, 
  "activity": 0.01667111111111111
}