{
  "bolusiob": 1.4964688533333332, 
  "iob": 2.0889088774497777, 
  "activity": 0.014162151675485006
}