{
  "bolusiob": 0.19386344293333346, 
  "iob": 1.349782782477778, 
  "activity": 0.02409559082892416
}