{
  "bolusiob": 0.1170172433066667, 
  "iob": 0.975296440992778, 
  "activity": 0.020602416225749556
}