{
  "bolusiob": 0.83012591744, 
  "iob": 1.757935329678111, 
  "activity": 0.01663701940035273
}