{
  "bolusiob": 0, 
  "iob": 0.4545068188482746, 
  "activity": 0.005579585626102294
}