{
  "bolusiob": 0.04110887146666664, 
  "iob": 0.9295205357181111, 
  "activity": 0.021927805996472656
}