{
  "bolusiob": 0, 
  "iob": 0.6789139409789935, 
  "activity": 0.010483385943562611
}