{
  "bolusiob": 0, 
  "iob": 0.5115294208133334, 
  "activity": 0.0077555908289241625
}