{
  "bolusiob": 0, 
  "iob": 0.5308009112740972, 
  "activity": 0.0025408641975308644
}