{
  "bolusiob": 0, 
  "iob": 0.5978035155264406, 
  "activity": 0.00936318848324514
}