{
  "bolusiob": 0, 
  "iob": 0.10429236706944443, 
  "activity": 0.0030159259259259245
}