{
  "bolusiob": 0, 
  "iob": -0.09141878974944445, 
  "activity": -0.0013953703703703704
}