{
  "bolusiob": 0, 
  "iob": 0.3220303145927778, 
  "activity": 0.0018191534391534365
}