{
  "bolusiob": 0.21009883981333322, 
  "iob": 1.4310806419809723, 
  "activity": 0.022543077601410933
}