{
  "bolusiob": 0, 
  "iob": 1.027427632477, 
  "activity": 0.023959171075837737
}