{
  "bolusiob": 0, 
  "iob": 0.46281818130020025, 
  "activity": 0.007480775996472661
}