{
  "bolusiob": 0, 
  "iob": -0.441370437005, 
  "activity": -0.000803395061728395
}