{
  "bolusiob": 1.2948545393777777, 
  "iob": 1.9436517043622221, 
  "activity": 0.016777795414462074
}