{
  "bolusiob": 0.4917112711111111, 
  "iob": 0.14077817475072218, 
  "activity": -0.0034223633156966475
}