{
  "bolusiob": 0, 
  "iob": 1.0933372917466668, 
  "activity": 0.021398324514991178
}