{
  "bolusiob": 0, 
  "iob": 0.1398097583328206, 
  "activity": 0.0023754318694885353
}