{
  "bolusiob": 0, 
  "iob": 0.11557309810583336, 
  "activity": 0.003230776014109347
}