{
  "bolusiob": 0, 
  "iob": -0.048950594037777774, 
  "activity": -0.00010753086419753086
}