{
  "bolusiob": 0, 
  "iob": 0.5726349349599614, 
  "activity": 0.0051683879365079346
}