{
  "bolusiob": 0, 
  "iob": 0.8270376267296417, 
  "activity": 0.007820741322751321
}