{
  "bolusiob": 0, 
  "iob": 0.3532225266292821, 
  "activity": 0.006286421975308639
}