{
  "bolusiob": 3.413589333325362e-05, 
  "iob": 0.2267342938977779, 
  "activity": 0.007452310405643738
}