{
  "bolusiob": 0, 
  "iob": 0.23050708577588885, 
  "activity": 0.002073985890652557
}