{
  "bolusiob": 1.5880846435555558, 
  "iob": 1.076815300939889, 
  "activity": -0.006451428571428571
}