{
  "bolusiob": 0, 
  "iob": 0.2961697777399926, 
  "activity": 0.004834294444444444
}