{
  "bolusiob": 0, 
  "iob": 0.6537209561486151, 
  "activity": 0.007910164462081126
}