{
  "bolusiob": 0.11745985922666667, 
  "iob": 1.170401388393333, 
  "activity": 0.023941164021164016
}