{
  "bolusiob": 0, 
  "iob": 0.9917866598056648, 
  "activity": 0.020360161075837734
}