{
  "bolusiob": 0, 
  "iob": 0.26229410363369604, 
  "activity": 0.0058857089065255715
}