{
  "bolusiob": 1.0079638546666667, 
  "iob": 2.336021730488889, 
  "activity": 0.023475520282186944
}