{
  "bolusiob": 0, 
  "iob": -0.6280628198265985, 
  "activity": -0.006282535520282188
}