{
  "bolusiob": 0, 
  "iob": 0.00010766193666665869, 
  "activity": 6.102292768959432e-05
}