{
  "bolusiob": 0, 
  "iob": -0.3548649003209794, 
  "activity": -0.008205784744268075
}