{
  "bolusiob": 0, 
  "iob": -0.27396552520726686, 
  "activity": 0.0017061902469135777
}