{
  "bolusiob": 0, 
  "iob": 0.26551966605138705, 
  "activity": 0.0014882161728395058
}