{
  "bolusiob": 1.3177017307022223, 
  "iob": 1.863760088695552, 
  "activity": 0.006220864567901233
}