{
  "bolusiob": 0, 
  "iob": -0.5608489976020092, 
  "activity": 0.0063182891181657805
}