{
  "bolusiob": 0, 
  "iob": 0.0363867196773195, 
  "activity": 0.008977160123456788
}