{
  "bolusiob": 0, 
  "iob": 0.00010153783333333166, 
  "activity": 5.9082892416225784e-05
}