{
  "bolusiob": 1.127818568968889, 
  "iob": 3.1472236797620248, 
  "activity": 0.04438571610229276
}