{
  "bolusiob": 4.461016977293333, 
  "iob": 5.212828951304259, 
  "activity": 0.013731331940035271
}