{
  "bolusiob": 0, 
  "iob": -0.29320431621380083, 
  "activity": -0.005107301410934743
}