{
  "bolusiob": 0.704961337591111, 
  "iob": 2.7476821208733733, 
  "activity": 0.054787707107583766
}