{
  "bolusiob": 0.9149523433244443, 
  "iob": 1.4566755088489118, 
  "activity": 0.008089250652557318
}