{
  "bolusiob": 0, 
  "iob": 0.1918619107963273, 
  "activity": 0.006037376366843032
}