{
  "bolusiob": 0, 
  "iob": 0.00327473024999998, 
  "activity": 0.00045238095238095204
}