{
  "bolusiob": 0, 
  "iob": 0.015655214373075137, 
  "activity": 0.004116631481481482
}