{
  "bolusiob": 0, 
  "iob": 0.3363667410486184, 
  "activity": 0.004765608835978835
}