{
  "bolusiob": 0, 
  "iob": 0.13500630241666656, 
  "activity": 0.006413932980599644
}