{
  "bolusiob": 0.1538306106666667, 
  "iob": 1.2634389143564444, 
  "activity": 0.02235415167548501
}