{
  "bolusiob": 0.04559166976000002, 
  "iob": 0.392807084151111, 
  "activity": 0.011850299823633151
}