{
  "bolusiob": 0, 
  "iob": 0.22086144397402704, 
  "activity": 0.0017067988536155195
}