{
  "bolusiob": 0, 
  "iob": 0.15681406670337958, 
  "activity": 0.004059417636684303
}