{
  "bolusiob": 0, 
  "iob": -0.00304242394704881, 
  "activity": -0.0010930248148148145
}