{
  "bolusiob": 0, 
  "iob": 0.6578162902337954, 
  "activity": 0.008608654074074074
}