{
  "bolusiob": 0, 
  "iob": 0.5795271600015834, 
  "activity": 0.009439841269841267
}