{
  "bolusiob": 0, 
  "iob": 0.12533367012296803, 
  "activity": 0.001754400088183421
}