{
  "bolusiob": 0, 
  "iob": 0.6549705185992784, 
  "activity": 0.008407228677248677
}