{
  "bolusiob": 0, 
  "iob": -0.12861175449700774, 
  "activity": -0.00425326291005291
}