{
  "bolusiob": 0, 
  "iob": 0.008111725154444423, 
  "activity": 0.00297648148148148
}