{
  "bolusiob": 0, 
  "iob": 1.4076516022214047, 
  "activity": 0.04225917097001762
}