{
  "bolusiob": 0, 
  "iob": 0.12251868743778968, 
  "activity": 0.0020444974426807737
}