{
  "bolusiob": 0, 
  "iob": -0.33661768306669587, 
  "activity": -0.0009483014285714285
}