{
  "bolusiob": 0.023940973600000026, 
  "iob": 1.5501091090384356, 
  "activity": 0.04379904772486772
}