{
  "bolusiob": 1.4988201326933333, 
  "iob": 2.8391384291705557, 
  "activity": 0.032940000000000004
}