{
  "bolusiob": 1.0340492168888888, 
  "iob": 1.5809354739655557, 
  "activity": 0.012572733686067017
}