{
  "bolusiob": 0, 
  "iob": 0.2696839075682522, 
  "activity": 0.005017215626102292
}