{
  "bolusiob": 0, 
  "iob": -0.23812072372570683, 
  "activity": 0.015102680652557316
}