{
  "bolusiob": 1.3051692228622223, 
  "iob": 2.564295836235667, 
  "activity": 0.04289495578483245
}