{
  "bolusiob": 1.26693836828, 
  "iob": 4.100827495406666, 
  "activity": 0.04692610229276894
}