{
  "bolusiob": 0, 
  "iob": 0.2963001868688889, 
  "activity": 0.0021253086419753086
}