{
  "bolusiob": 0.06188426591999999, 
  "iob": 0.4726633997533334, 
  "activity": 0.00841410934744268
}