{
  "bolusiob": 0, 
  "iob": -0.5974937468112224, 
  "activity": -0.004304550264550262
}