{
  "bolusiob": 1.9600809382044444, 
  "iob": 3.955791873201543, 
  "activity": 0.03310361543209876
}