{
  "bolusiob": 0.38730314880000005, 
  "iob": 1.8622035772564585, 
  "activity": 0.0324687389770723
}