{
  "bolusiob": 3.05833266688, 
  "iob": 3.432999273586667, 
  "activity": 0.013757495590828917
}