{
  "bolusiob": 0.9046284328311112, 
  "iob": 3.4595647139588883, 
  "activity": 0.05703310405643738
}