{
  "bolusiob": 0, 
  "iob": 0.13668008646215765, 
  "activity": 0.002381560670194003
}