{
  "bolusiob": 0, 
  "iob": 0.5288956928532401, 
  "activity": 0.010737742627865959
}