{
  "bolusiob": 0.4572025716266667, 
  "iob": 1.0553267404622224, 
  "activity": 0.009238024691358024
}