{
  "bolusiob": 0.5086925611733334, 
  "iob": 1.5149638408703965, 
  "activity": 0.011933809629629625
}