{
  "bolusiob": 0.7311014528, 
  "iob": 0.9274230832000001, 
  "activity": 0.004281481481481481
}