{
  "bolusiob": 0, 
  "iob": 0.29143278197789185, 
  "activity": 0.00613185627865961
}