{
  "bolusiob": 1.4494409622755555, 
  "iob": 1.778001112527222, 
  "activity": 0.0077047442680775995
}