{
  "bolusiob": 0.5518201798400001, 
  "iob": 2.311730901276667, 
  "activity": 0.030723562610229266
}