{
  "bolusiob": 0.0227177239466666, 
  "iob": 1.5639047484133335, 
  "activity": 0.04067061728395062
}