{
  "bolusiob": 0, 
  "iob": 0.013694360004027788, 
  "activity": -0.0013929541446208113
}