{
  "bolusiob": 0, 
  "iob": -0.036096731725191816, 
  "activity": 0.001709964638447971
}