{
  "bolusiob": 0.5896302925733337, 
  "iob": 2.537312416533472, 
  "activity": 0.03254494708994709
}