{
  "bolusiob": 0.024119632000000002, 
  "iob": 0.7587500374381907, 
  "activity": 0.01617751578483245
}