{
  "bolusiob": 0, 
  "iob": 0.8671183379739374, 
  "activity": 0.017271578853615518
}