{
  "bolusiob": 0, 
  "iob": 0.49729894959440035, 
  "activity": 0.007090370105820103
}