{
  "bolusiob": 0.4506184154666668, 
  "iob": 2.0984925189927774, 
  "activity": 0.03628038800705466
}