{
  "bolusiob": 0, 
  "iob": -0.12565055670265327, 
  "activity": 0.001487460194003526
}