{
  "bolusiob": 0, 
  "iob": 0.2688996878664541, 
  "activity": 0.0026459879012345673
}