{
  "bolusiob": 0.18505266293333333, 
  "iob": 0.6789473986227594, 
  "activity": 0.014114514620811286
}