{
  "bolusiob": 0, 
  "iob": 0.7448093772946552, 
  "activity": 0.01770645522045855
}