{
  "bolusiob": 0.043895335293333275, 
  "iob": 2.031028713889028, 
  "activity": 0.03822787477954145
}