{
  "bolusiob": 0, 
  "iob": 0.002675837843333341, 
  "activity": 0.002694470899470898
}