{
  "bolusiob": 0, 
  "iob": -0.38003185408300044, 
  "activity": -0.002178518871252204
}