{
  "bolusiob": 0.6384964212000002, 
  "iob": 1.6666814851411627, 
  "activity": 0.02081361532627866
}