{
  "bolusiob": 0, 
  "iob": 0.1919940688905556, 
  "activity": 0.002914814814814815
}