{
  "bolusiob": 0, 
  "iob": 0.18932216498277782, 
  "activity": 0.0021436155202821864
}