{
  "bolusiob": 0, 
  "iob": 0.23960929953651375, 
  "activity": 0.0016701850970017634
}