{
  "bolusiob": 1.214262907377778, 
  "iob": 1.9108878432622225, 
  "activity": 0.016954250440917102
}