{
  "bolusiob": 0.59208864624, 
  "iob": 1.1687318405622222, 
  "activity": 0.0084405291005291
}