{
  "bolusiob": 0.32176227188000006, 
  "iob": 1.6101425371269442, 
  "activity": 0.023046940035273366
}