{
  "bolusiob": 0.06683812906666642, 
  "iob": 1.6698091650833333, 
  "activity": 0.04776506172839505
}