{
  "bolusiob": 4.396826677475556, 
  "iob": 4.761304297727222, 
  "activity": 0.01590559082892416
}