{
  "bolusiob": 0, 
  "iob": -0.5636498743048611, 
  "activity": -0.00805205467372134
}