{
  "bolusiob": 0.0017754287333332508, 
  "iob": 0.2964511631066667, 
  "activity": 0.007191181657848323
}