{
  "bolusiob": 0, 
  "iob": 0.05689324828576181, 
  "activity": 0.004105716843033508
}