{
  "bolusiob": 0, 
  "iob": -0.4414463882136669, 
  "activity": 0.0022914285714285706
}