{
  "bolusiob": 0, 
  "iob": 0.5012437769854804, 
  "activity": 0.014238712892416211
}