{
  "bolusiob": 1.6185783776, 
  "iob": 2.307084452939338, 
  "activity": 0.018387286296296296
}