{
  "bolusiob": 0.8198368750000001, 
  "iob": 1.947659059381613, 
  "activity": 0.03401885324514991
}