{
  "bolusiob": 0, 
  "iob": 0.5724044751708138, 
  "activity": 0.016386861040564374
}