{
  "bolusiob": 0, 
  "iob": 0.5548860623776006, 
  "activity": 0.005403448342151675
}