{
  "bolusiob": 0, 
  "iob": 0.4531013469207718, 
  "activity": 0.003932398765432098
}