{
  "bolusiob": 2.7692415579022223, 
  "iob": 2.832846069818561, 
  "activity": 0.005535004638447972
}