{
  "bolusiob": 0, 
  "iob": 0.08259103846414846, 
  "activity": 0.006151093562610227
}