{
  "bolusiob": 0, 
  "iob": 0.22862920817461077, 
  "activity": 0.0032470549382716033
}