{
  "bolusiob": 0, 
  "iob": 0.6729034052051257, 
  "activity": 0.01578483262786596
}