{
  "bolusiob": 0, 
  "iob": 0.043418144786666585, 
  "activity": 0.0017774603174603163
}