{
  "bolusiob": 0, 
  "iob": 0.019497753804964595, 
  "activity": 0.014739232557319218
}