{
  "bolusiob": 0.6345348705244442, 
  "iob": 2.4902369120599555, 
  "activity": 0.0527841974074074
}