{
  "bolusiob": 0, 
  "iob": 4.7521326666666314e-05, 
  "activity": 3.8271604938271405e-05
}