{
  "bolusiob": 0, 
  "iob": 0.13939642564611113, 
  "activity": 0.0025540211640211635
}