{
  "bolusiob": 0, 
  "iob": -0.13843329965300002, 
  "activity": -0.0019890476190476186
}