{
  "bolusiob": 2.477435068017778, 
  "iob": 2.6493573608177776, 
  "activity": 0.0062642680776014105
}