{
  "bolusiob": 0, 
  "iob": 0.6590587572505525, 
  "activity": 0.003733369453262786
}