{
  "bolusiob": 0, 
  "iob": -0.33163367854727466, 
  "activity": -0.0019647886243386245
}