{
  "bolusiob": 0, 
  "iob": 0.718648040403215, 
  "activity": 0.006185953068783068
}