{
  "bolusiob": 0, 
  "iob": -0.37882959009666667, 
  "activity": -0.005551481481481481
}