{
  "bolusiob": 2.9445969432355557, 
  "iob": 3.3415935847272222, 
  "activity": 0.014810052910052902
}