{
  "bolusiob": 0, 
  "iob": 0.509894955965889, 
  "activity": 0.010497858906525565
}