{
  "bolusiob": 0, 
  "iob": 0.3228953273199799, 
  "activity": 0.0030157494708994708
}