{
  "bolusiob": 0, 
  "iob": -0.10523780160222221, 
  "activity": 0.003977089947089947
}