{
  "bolusiob": 0, 
  "iob": -0.012916188625555602, 
  "activity": 0.008274250440917105
}