{
  "bolusiob": 0, 
  "iob": 0.11070118374689054, 
  "activity": -0.0007109259082892415
}