{
  "bolusiob": 0, 
  "iob": 0.12521104159835758, 
  "activity": 4.9867848324510325e-05
}