{
  "bolusiob": 0, 
  "iob": 0.12707068386541237, 
  "activity": 0.00491319197530864
}