{
  "bolusiob": 0, 
  "iob": -0.07933040927972229, 
  "activity": 0.010210679012345675
}