{
  "bolusiob": 1.0940395538266667, 
  "iob": 2.477458622484445, 
  "activity": 0.022244691358024687
}