{
  "bolusiob": 2.1757291364266664, 
  "iob": 4.556074038646111, 
  "activity": 0.037759717813051125
}