{
  "bolusiob": 1.241700739448889, 
  "iob": 2.041129946777639, 
  "activity": 0.01292401234567901
}