{
  "bolusiob": 0.5478093530000001, 
  "iob": 1.7610326204466666, 
  "activity": 0.018034038800705463
}