{
  "bolusiob": 0.20185519616000003, 
  "iob": 0.2836702307081208, 
  "activity": 0.0037192064373897694
}