{
  "bolusiob": 0.16539421002666668, 
  "iob": 1.235198308556887, 
  "activity": 0.027379611728395058
}