{
  "bolusiob": 0, 
  "iob": -0.16754018750812977, 
  "activity": 0.01321481455026455
}