{
  "bolusiob": 0, 
  "iob": -0.04635942793666663, 
  "activity": 0.0008575485008818333
}