{
  "bolusiob": 0, 
  "iob": 0.7605319412648014, 
  "activity": 0.01721823659611993
}