{
  "bolusiob": 0.13180330117333344, 
  "iob": 0.8675043666144444, 
  "activity": 0.009901410934744264
}