{
  "bolusiob": 1.1854904310044445, 
  "iob": 1.9197378687292224, 
  "activity": 0.015023368606701934
}