{
  "bolusiob": 0, 
  "iob": 0.16211444946497797, 
  "activity": -0.0007107141798941799
}