{
  "bolusiob": 0.04778799093333336, 
  "iob": 1.249248514611746, 
  "activity": 0.023420820564373897
}