{
  "bolusiob": 0, 
  "iob": 0.32857223375587985, 
  "activity": 0.005872980723104054
}