{
  "bolusiob": 1.7771128700444443, 
  "iob": 2.1896877253955553, 
  "activity": 0.015389171075837739
}