{
  "bolusiob": 0, 
  "iob": 0.18292775355233074, 
  "activity": -0.001025652433862434
}