{
  "bolusiob": 0, 
  "iob": -0.09858973822282088, 
  "activity": 0.00012126082892416217
}