{
  "bolusiob": 0.5115181802266666, 
  "iob": 1.3655526520065013, 
  "activity": 0.011464021252204581
}