{
  "bolusiob": 0.537952510808889, 
  "iob": 0.7811253142894445, 
  "activity": 0.005342698412698412
}