{
  "bolusiob": 0, 
  "iob": 0.529476254209719, 
  "activity": 0.0078492591005291
}