{
  "bolusiob": 1.23675682816, 
  "iob": 2.5778516623288885, 
  "activity": 0.02227760141093474
}