{
  "bolusiob": 1.7773145310755556, 
  "iob": 2.8981500438822225, 
  "activity": 0.020609259259259254
}