{
  "bolusiob": 0, 
  "iob": 0.10779770986243126, 
  "activity": 0.0017162787654320976
}