{
  "bolusiob": 0, 
  "iob": 0.6537304711286668, 
  "activity": 0.00626900529100529
}