{
  "bolusiob": 0, 
  "iob": 0.17292430945125004, 
  "activity": 0.0007123544973544971
}