{
  "bolusiob": 0.3830455150133334, 
  "iob": 1.608191478187639, 
  "activity": 0.02033491181657848
}