{
  "bolusiob": 0, 
  "iob": 0.21045201059111113, 
  "activity": 0.0020487125220458547
}