{
  "bolusiob": 0, 
  "iob": 0.5337366956722224, 
  "activity": 0.014570123456790119
}