{
  "bolusiob": 0, 
  "iob": 0.14924904964339755, 
  "activity": 0.00011883617283950616
}