{
  "bolusiob": 0, 
  "iob": -0.05108384288652779, 
  "activity": -0.001635970017636684
}