{
  "bolusiob": 0, 
  "iob": 0.1169461624411112, 
  "activity": 0.00853074074074074
}