{
  "bolusiob": 0, 
  "iob": 0.12396123377499997, 
  "activity": 0.0006254938271604928
}