{
  "bolusiob": 0, 
  "iob": 0.27555638537755556, 
  "activity": 0.00730721340388007
}