{
  "bolusiob": 0.022569208639999963, 
  "iob": 0.25164467873027074, 
  "activity": 0.004707751410934744
}