{
  "bolusiob": 0, 
  "iob": 0.021467936973333344, 
  "activity": 0.0009908289241622572
}