{
  "bolusiob": 0, 
  "iob": 0.5220287236842559, 
  "activity": 0.004440820282186948
}