{
  "bolusiob": 0, 
  "iob": 0.4344400191309723, 
  "activity": 0.005621490299823633
}