{
  "bolusiob": 0, 
  "iob": 0.6603500916022075, 
  "activity": 0.00691517045855379
}