{
  "bolusiob": -0.0004454735999996351, 
  "iob": 1.7635917933672958, 
  "activity": 0.04420447962962962
}