{
  "bolusiob": 0, 
  "iob": -0.04941308651863588, 
  "activity": -0.002365079223985893
}