{
  "bolusiob": 0, 
  "iob": 0.03926570342666667, 
  "activity": 0.001330864197530864
}