{
  "bolusiob": 0, 
  "iob": 0.7311260905401837, 
  "activity": 0.00867774529100529
}