{
  "bolusiob": 0, 
  "iob": 0.0007965018933333346, 
  "activity": 0.00020035273368606687
}