{
  "bolusiob": 0, 
  "iob": -0.23934444458255555, 
  "activity": -0.0025873192239858904
}