{
  "bolusiob": 0, 
  "iob": 0.12186489785333338, 
  "activity": 0.004276014109347441
}