{
  "bolusiob": 0, 
  "iob": 0.49923235844932146, 
  "activity": 0.009306913315696646
}