{
  "bolusiob": 0, 
  "iob": 0.12579447050494436, 
  "activity": -0.00014589934744267997
}