{
  "bolusiob": 0.22235041966666674, 
  "iob": 1.430662303004027, 
  "activity": 0.02454958553791886
}