{
  "bolusiob": 0, 
  "iob": 0.5897869652158599, 
  "activity": 0.0024244716225749557
}