{
  "bolusiob": 0, 
  "iob": 0.5927177780766798, 
  "activity": 0.004452275255731921
}