{
  "bolusiob": 0.06710188554666667, 
  "iob": 0.6540068006077778, 
  "activity": 0.011975943562610229
}