{
  "bolusiob": 0, 
  "iob": -0.06995554900958566, 
  "activity": -0.00013139317460317488
}