{
  "bolusiob": 0.6412484650266665, 
  "iob": 1.4119109548676352, 
  "activity": 0.010407724955908283
}