{
  "bolusiob": 1.5219857304888889, 
  "iob": 2.5197116874538885, 
  "activity": 0.01913261022927689
}