{
  "bolusiob": 0, 
  "iob": 0.7552349243981943, 
  "activity": 0.009760013421516752
}