{
  "bolusiob": 0, 
  "iob": 0.030013246068769754, 
  "activity": -0.0035986240740740728
}