{
  "bolusiob": 1.4138704796444443, 
  "iob": 1.9358589152434722, 
  "activity": 0.0072043474426807756
}