{
  "bolusiob": 0.4653772764000002, 
  "iob": 1.9485755161466667, 
  "activity": 0.028866878306878296
}