{
  "bolusiob": 0, 
  "iob": 0.4387097368676391, 
  "activity": 0.005299744268077601
}