{
  "bolusiob": 3.086243829635556, 
  "iob": 2.8794421686682377, 
  "activity": -0.0016094797530864188
}