{
  "bolusiob": 0, 
  "iob": 0.6718349436687001, 
  "activity": 0.009770776649029983
}