{
  "bolusiob": 0, 
  "iob": -0.5766219899484448, 
  "activity": -0.005196514991181658
}