{
  "bolusiob": 0, 
  "iob": -0.2026540620852222, 
  "activity": -0.001601164021164021
}