{
  "bolusiob": 0.0007763253333334497, 
  "iob": 1.3760043391333334, 
  "activity": 0.038107372134038794
}