{
  "bolusiob": 0.3673114598399999, 
  "iob": 0.893073849688558, 
  "activity": 0.00841775828924162
}