{
  "bolusiob": 0, 
  "iob": 0.11204726335533333, 
  "activity": 0.0012404232804232801
}