{
  "bolusiob": 0, 
  "iob": 0.986827008813111, 
  "activity": 0.02288673721340388
}