{
  "bolusiob": 0.7200108508800002, 
  "iob": 2.284565624262222, 
  "activity": 0.026783086419753084
}