{
  "bolusiob": 0, 
  "iob": -0.17196931445688893, 
  "activity": -0.0016280423280423282
}