{
  "bolusiob": 0, 
  "iob": 0.15070198965444448, 
  "activity": 0.0036737918871252192
}