{
  "bolusiob": 0, 
  "iob": -0.3670831265081842, 
  "activity": -0.005788391093474426
}