{
  "bolusiob": 0, 
  "iob": -0.0051181596965555395, 
  "activity": 0.0008632804232804232
}