{
  "bolusiob": 0, 
  "iob": -0.508648036522889, 
  "activity": -0.007263534391534393
}