{
  "bolusiob": 0, 
  "iob": -0.43778359288033336, 
  "activity": 0.002900952380952381
}