{
  "bolusiob": 0, 
  "iob": -0.12110111570862708, 
  "activity": -0.003550088095238095
}