{
  "bolusiob": 0.9463367909600002, 
  "iob": 1.8315193816355555, 
  "activity": 0.028997777777777775
}