{
  "bolusiob": 0, 
  "iob": 0.7980829676473, 
  "activity": 0.01462165409171075
}