{
  "bolusiob": 0, 
  "iob": 0.49987156500059704, 
  "activity": 0.007460206613756612
}