{
  "bolusiob": 2.5573334783999995, 
  "iob": 2.9497522781770833, 
  "activity": 0.01135022045855379
}