{
  "bolusiob": 0, 
  "iob": 0.642421569661352, 
  "activity": 0.007607778518518518
}