{
  "bolusiob": 1.2339365566799998, 
  "iob": 2.7382447630022217, 
  "activity": 0.034879999999999994
}