{
  "bolusiob": 0, 
  "iob": 0.08651565870379757, 
  "activity": 0.003150259188712522
}