{
  "bolusiob": 0, 
  "iob": 1.4307365867327773, 
  "activity": 0.039937107583774244
}