{
  "bolusiob": 0, 
  "iob": 0.5760939093851061, 
  "activity": 0.0060974271781305085
}