{
  "bolusiob": 0, 
  "iob": -0.28700734342029954, 
  "activity": -0.0018685093474426805
}