{
  "bolusiob": 0, 
  "iob": 0.22697256759592066, 
  "activity": 0.0012839509876543206
}