{
  "bolusiob": 0, 
  "iob": 0.07134994241499998, 
  "activity": 0.004343121693121693
}