{
  "bolusiob": 0, 
  "iob": -0.0631586756371777, 
  "activity": -0.0010287655555555556
}