{
  "bolusiob": 0, 
  "iob": 0.7342355457990878, 
  "activity": 0.007662345784832452
}