{
  "bolusiob": 0, 
  "iob": -0.24374194150174058, 
  "activity": 0.00043334216931216886
}