{
  "bolusiob": 0, 
  "iob": 0.09986615036421348, 
  "activity": 0.014151481358024688
}