{
  "bolusiob": 0, 
  "iob": -0.054419560138333274, 
  "activity": 0.0045993121693121706
}