{
  "bolusiob": 0, 
  "iob": 0.21859198945758934, 
  "activity": 0.0035892830687830678
}