{
  "bolusiob": 0.05196782975999996, 
  "iob": 1.1470919272240858, 
  "activity": 0.018754368730158726
}