{
  "bolusiob": 0.016136283400000062, 
  "iob": 0.07830589182740003, 
  "activity": 0.0019157495590828933
}