{
  "bolusiob": 0, 
  "iob": -0.14571696705555556, 
  "activity": -0.0003030864197530864
}