{
  "bolusiob": 0, 
  "iob": -0.29614474716, 
  "activity": -0.0004437037037037037
}