{
  "bolusiob": 0, 
  "iob": 0.3479858188161111, 
  "activity": 0.003196208112874778
}