{
  "bolusiob": 1.3246126995200003, 
  "iob": 2.7379082629933333, 
  "activity": 0.02297037037037036
}