{
  "bolusiob": 0, 
  "iob": 0.19001040284307916, 
  "activity": 0.002102116137566137
}