{
  "bolusiob": 0, 
  "iob": -0.10857215915954596, 
  "activity": -0.0027125484126984127
}