{
  "bolusiob": 0, 
  "iob": 0.7034575314451066, 
  "activity": 0.008213899999999998
}