{
  "bolusiob": 0, 
  "iob": 0.02383997824749919, 
  "activity": 0.00021156481481481514
}