{
  "bolusiob": 1.4886716896, 
  "iob": 2.230225972839405, 
  "activity": 0.01912441151675484
}