{
  "bolusiob": 0, 
  "iob": 0.1983006704528743, 
  "activity": 0.0013439680776014106
}