{
  "bolusiob": 0, 
  "iob": -0.11811343050097223, 
  "activity": -0.000996331569664903
}