{
  "bolusiob": 0, 
  "iob": 0.5366389642775338, 
  "activity": 0.009732420123456783
}