{
  "bolusiob": 0.8366829363200001, 
  "iob": 1.07226744195, 
  "activity": 0.006346878306878306
}