{
  "bolusiob": 1.6982291936, 
  "iob": 2.136948891025826, 
  "activity": 0.011158871164021162
}