{
  "bolusiob": 0.9666901324799995, 
  "iob": 2.5261922485164585, 
  "activity": 0.033537522045855375
}