{
  "bolusiob": 0, 
  "iob": -0.5081213991161111, 
  "activity": -0.0051640740740740735
}