{
  "bolusiob": 2.3752452012088887, 
  "iob": 3.093335484415556, 
  "activity": 0.017334391534391536
}