{
  "bolusiob": 0, 
  "iob": -0.0038126329275045834, 
  "activity": -0.0002695327160493827
}