{
  "bolusiob": 0, 
  "iob": 0.57023738811, 
  "activity": 0.009354109347442682
}