{
  "bolusiob": 2.0274598439822222, 
  "iob": 2.150726198328889, 
  "activity": 0.004910617283950617
}