{
  "bolusiob": 1.9562407793777778, 
  "iob": 2.4293119607111113, 
  "activity": 0.018024691358024685
}