{
  "bolusiob": 0.008190297266666646, 
  "iob": 1.9264211035166667, 
  "activity": 0.0502347795414462
}