{
  "bolusiob": 0, 
  "iob": 0.6275088348794778, 
  "activity": 0.00856546800705467
}