{
  "bolusiob": 0, 
  "iob": 0.0619061275492014, 
  "activity": -0.0010591181657848324
}