{
  "bolusiob": 1.0627263561599998, 
  "iob": 1.314706528456082, 
  "activity": 0.009382575220458551
}