{
  "bolusiob": 0, 
  "iob": 0.0753166648864444, 
  "activity": 0.011768465608465605
}