{
  "bolusiob": 0, 
  "iob": -0.039533201505555955, 
  "activity": 0.007940705467372128
}