{
  "bolusiob": 0, 
  "iob": 0.5069547093133334, 
  "activity": 0.00926797178130511
}