{
  "bolusiob": 0, 
  "iob": 0.26907734163370756, 
  "activity": 1.3310846560846932e-05
}