{
  "bolusiob": 0, 
  "iob": 0.22402772676222224, 
  "activity": 0.001574320987654321
}