{
  "bolusiob": 0, 
  "iob": 0.3191794963572222, 
  "activity": 0.0015293474426807758
}