{
  "bolusiob": 0.02694736234666663, 
  "iob": 1.3007480549860413, 
  "activity": 0.037132415837742495
}