{
  "bolusiob": 0, 
  "iob": 0.40266211269828844, 
  "activity": 0.006079652186948853
}