{
  "bolusiob": 0.3958019237200001, 
  "iob": 1.3011324697847748, 
  "activity": 0.01635761895943563
}