{
  "bolusiob": 0, 
  "iob": 0.03225663540853779, 
  "activity": 0.001824039029982363
}