{
  "bolusiob": 0, 
  "iob": 0.5728591247508115, 
  "activity": 0.0044627995767195765
}