{
  "bolusiob": 0.7996624141466665, 
  "iob": 2.383223256244445, 
  "activity": 0.026226913580246914
}