{
  "bolusiob": 0, 
  "iob": -0.31556159426888897, 
  "activity": -0.004611446208112874
}