{
  "bolusiob": 0, 
  "iob": 0.5710079186020073, 
  "activity": 0.008366386878306877
}