{
  "bolusiob": 0, 
  "iob": -0.3062083870656669, 
  "activity": -0.0029404001058201063
}