{
  "bolusiob": 2.5290823296, 
  "iob": 3.0561197211266666, 
  "activity": 0.020245149911816578
}