{
  "bolusiob": 0, 
  "iob": 0.46756044495325, 
  "activity": 0.007836507936507937
}