{
  "bolusiob": 0.03774596085333329, 
  "iob": 1.4221045595533286, 
  "activity": 0.03819631366843033
}