{
  "bolusiob": 1.4889493507555556, 
  "iob": 3.575036347342137, 
  "activity": 0.038690054938271594
}