{
  "bolusiob": 0, 
  "iob": -0.6301901520109702, 
  "activity": 0.0039120810758377375
}