{
  "bolusiob": 0.8575295200266667, 
  "iob": 1.819017161084444, 
  "activity": 0.028905925925925918
}