{
  "bolusiob": 1.077052142097778, 
  "iob": 3.849027512711111, 
  "activity": 0.0571158201058201
}