{
  "bolusiob": 0.25517653234666676, 
  "iob": 2.2138380453344446, 
  "activity": 0.045138289241622574
}