{
  "bolusiob": 0, 
  "iob": -0.19975851653800328, 
  "activity": -0.004531181781305114
}