{
  "bolusiob": 0, 
  "iob": 0.5224559475475555, 
  "activity": 0.0035936860670194005
}