{
  "bolusiob": 0, 
  "iob": 0.03474634883793319, 
  "activity": 0.0017272573192239858
}