{
  "bolusiob": 0.7122224225466668, 
  "iob": 1.8262505686093053, 
  "activity": 0.01701427689594356
}