{
  "bolusiob": 2.0323334570666667, 
  "iob": 2.84648896334, 
  "activity": 0.02129982363315696
}