{
  "bolusiob": 0, 
  "iob": 0.45360290220332333, 
  "activity": 0.008458430176366842
}