{
  "bolusiob": 0.57624942336, 
  "iob": 0.9934222981283334, 
  "activity": 0.005769717813051145
}