{
  "bolusiob": 0, 
  "iob": 0.2791661725994813, 
  "activity": 0.0013985007407407405
}