{
  "bolusiob": 0, 
  "iob": 0.04983290844444444, 
  "activity": 3.45679012345679e-05
}