{
  "bolusiob": 0, 
  "iob": 0.028303010089741364, 
  "activity": 0.0012896822751322745
}