{
  "bolusiob": 0, 
  "iob": 0.0645331027545443, 
  "activity": 0.0013791797178130509
}