{
  "bolusiob": 0, 
  "iob": 0.49602562939653966, 
  "activity": 0.0046328044620811285
}