{
  "bolusiob": 0, 
  "iob": -0.048211349717777775, 
  "activity": -0.00014530864197530863
}