{
  "bolusiob": 0.6753948498266666, 
  "iob": 2.220546713151111, 
  "activity": 0.02683728395061728
}