{
  "bolusiob": 0, 
  "iob": -0.16875429963111113, 
  "activity": -0.003008077601410934
}