{
  "bolusiob": 3.36402408704, 
  "iob": 3.5198202179200004, 
  "activity": 0.00863664021164021
}