{
  "bolusiob": 0, 
  "iob": 0.2692660234608414, 
  "activity": 0.004408377160493826
}