{
  "bolusiob": 1.9029490786133332, 
  "iob": 2.4599564014424997, 
  "activity": 0.010909779541446204
}