{
  "bolusiob": 0, 
  "iob": 0.46439841688324995, 
  "activity": 0.00824534391534391
}