{
  "bolusiob": 0, 
  "iob": 0.3773546733744571, 
  "activity": 0.004353447883597884
}