{
  "bolusiob": 0, 
  "iob": 0.5352988649489999, 
  "activity": 0.0037726103527336856
}