{
  "bolusiob": 0, 
  "iob": 0.7492565530013129, 
  "activity": 0.025066878571428572
}