{
  "bolusiob": 0, 
  "iob": 0.730130836371645, 
  "activity": 0.015199594708994705
}