{
  "bolusiob": 0, 
  "iob": 0.03367476016277776, 
  "activity": -0.0009414991181657848
}