{
  "bolusiob": 0, 
  "iob": 0.05504842134833332, 
  "activity": 0.0017604056437389767
}