{
  "bolusiob": 0, 
  "iob": 0.1403589333964266, 
  "activity": -0.00016185172839506152
}