{
  "bolusiob": 0, 
  "iob": 0.5319264308377778, 
  "activity": 0.003157248677248677
}