{
  "bolusiob": 0, 
  "iob": 0.13230872327625, 
  "activity": 0.004672354497354496
}