{
  "bolusiob": 0, 
  "iob": -0.2634653559266582, 
  "activity": -0.003207486613756614
}