{
  "bolusiob": 0.33186643296, 
  "iob": 1.7423497673057093, 
  "activity": 0.02601947135802469
}