{
  "bolusiob": 0, 
  "iob": -0.023951273245222206, 
  "activity": 0.009352222222222218
}