{
  "bolusiob": 0.6912620221600003, 
  "iob": 2.7039338352222013, 
  "activity": 0.03877906243386242
}