{
  "bolusiob": 0, 
  "iob": 0.20448093323912475, 
  "activity": 0.002783756349206349
}