{
  "bolusiob": 0, 
  "iob": 0.3783067483630167, 
  "activity": 0.0034554762962962964
}