{
  "bolusiob": 0, 
  "iob": 0.35363226396222225, 
  "activity": 0.010719664902998234
}