{
  "bolusiob": 0, 
  "iob": -0.08488541343955752, 
  "activity": 0.0006470896825396821
}