{
  "bolusiob": 0, 
  "iob": 0.5963709644622712, 
  "activity": 0.0038088366666666667
}