{
  "bolusiob": 0, 
  "iob": -0.09653754288024156, 
  "activity": 0.0009938836860670193
}