{
  "bolusiob": 0.3422642014666667, 
  "iob": 1.4945946502975553, 
  "activity": 0.020811181657848322
}