{
  "bolusiob": 0.06579321337333341, 
  "iob": 1.1864870288570832, 
  "activity": 0.02465953262786596
}