{
  "bolusiob": 0.10910806793333336, 
  "iob": 0.6905959455377777, 
  "activity": 0.008731604938271603
}