{
  "bolusiob": 0.01992686813333333, 
  "iob": 0.9647821227000001, 
  "activity": 0.025783068783068776
}