{
  "bolusiob": 0, 
  "iob": 0.2689817294655534, 
  "activity": 0.0017532921516754847
}