{
  "bolusiob": 0, 
  "iob": -0.06444343373098488, 
  "activity": -0.002367566049382715
}