{
  "bolusiob": 1.7536315243733331, 
  "iob": 2.4568637760604446, 
  "activity": 0.01067206349206349
}