{
  "bolusiob": 0.9672165393066666, 
  "iob": 1.8249588071860499, 
  "activity": 0.021017442786596115
}