{
  "bolusiob": 0, 
  "iob": 0.22485767264011658, 
  "activity": 0.0036032755731922393
}