{
  "bolusiob": 0, 
  "iob": 0.05307112904041382, 
  "activity": -0.001816833932980599
}