{
  "bolusiob": 0, 
  "iob": 0.7022186619692056, 
  "activity": 0.007908019576719575
}