{
  "bolusiob": 0, 
  "iob": -0.38054137029000196, 
  "activity": -0.0005429455908289245
}