{
  "bolusiob": 0, 
  "iob": 0.2570895228088069, 
  "activity": 0.009153804409171074
}