{
  "bolusiob": 0, 
  "iob": -0.07371612301777783, 
  "activity": -0.001147089947089947
}