{
  "bolusiob": 0, 
  "iob": 0.23243131913569418, 
  "activity": 0.0017943298059964726
}