{
  "bolusiob": 0, 
  "iob": 0.37713729118755557, 
  "activity": 0.003745125220458554
}