{
  "bolusiob": 0.6709001264400002, 
  "iob": 1.673502294749778, 
  "activity": 0.01739818342151675
}