{
  "bolusiob": 0, 
  "iob": 0.045940771949777755, 
  "activity": 0.002408130511463844
}