{
  "bolusiob": 1.8269551979377778, 
  "iob": 2.790083546328889, 
  "activity": 0.01805537918871252
}