{
  "bolusiob": 0, 
  "iob": 0.14747838062742374, 
  "activity": 0.001194735361552028
}