{
  "bolusiob": 0, 
  "iob": 0.3755904931683334, 
  "activity": 0.007499065255731921
}