{
  "bolusiob": 3.17726589056, 
  "iob": 4.903483378881111, 
  "activity": 0.029350758377425033
}