{
  "bolusiob": 2.233493057253333, 
  "iob": 4.039079775381268, 
  "activity": 0.0425212565255732
}