{
  "bolusiob": 0, 
  "iob": 0.26960771700833347, 
  "activity": 0.011513844797178131
}