{
  "bolusiob": 0, 
  "iob": 0.4458597842215278, 
  "activity": 0.00556600529100529
}