{
  "bolusiob": 0, 
  "iob": 0.5423458683765834, 
  "activity": 0.009208412698412695
}