{
  "bolusiob": 0, 
  "iob": -0.6886989725961112, 
  "activity": -0.0031500617283950613
}