{
  "bolusiob": 0, 
  "iob": 0.58395355174611, 
  "activity": 0.006835987777777778
}