{
  "bolusiob": 0, 
  "iob": 0.37603117109113077, 
  "activity": 0.004109991181657848
}