{
  "bolusiob": 1.7383465267555558, 
  "iob": 2.9309934777076387, 
  "activity": 0.02044933862433862
}