{
  "bolusiob": 0, 
  "iob": -0.009178242558503323, 
  "activity": -0.0012641231922398577
}