{
  "bolusiob": 0, 
  "iob": 0.8355869830135105, 
  "activity": 0.016898845167548495
}