{
  "bolusiob": 1.8999320015999999, 
  "iob": 3.1055844149727876, 
  "activity": 0.02211479708994709
}