{
  "bolusiob": 0, 
  "iob": 0.026321032047881956, 
  "activity": 0.003718328924162257
}