{
  "bolusiob": 0, 
  "iob": 0.22053129855902154, 
  "activity": 0.004795767107583774
}