{
  "bolusiob": 0.17569115200000013, 
  "iob": 1.117266269718476, 
  "activity": 0.019203518430335093
}