{
  "bolusiob": 0, 
  "iob": 0.3555828692104227, 
  "activity": 0.0029481837742504407
}