{
  "bolusiob": 0.02024050260000032, 
  "iob": 1.9871700703333508, 
  "activity": 0.04626477945326278
}