{
  "bolusiob": 0.35321974, 
  "iob": -0.030234189180555558, 
  "activity": -0.0005567283950617285
}