{
  "bolusiob": 0.4524298574933335, 
  "iob": 1.6196650781764441, 
  "activity": 0.020524673721340387
}