{
  "bolusiob": 0, 
  "iob": -0.06914842375988445, 
  "activity": 0.010334109241622574
}