{
  "bolusiob": 0, 
  "iob": 0.12437464002152795, 
  "activity": 0.015379576719576729
}