{
  "bolusiob": 0, 
  "iob": 0.26561537844635336, 
  "activity": 0.006822927530864196
}