{
  "bolusiob": 0, 
  "iob": 0.08722337003908348, 
  "activity": 0.0063649906878306866
}