{
  "bolusiob": 0, 
  "iob": 0.24391726682666667, 
  "activity": 0.0020918518518518517
}