{
  "bolusiob": 0, 
  "iob": 0.09981906117608905, 
  "activity": 3.862444444444444e-05
}