{
  "bolusiob": 0, 
  "iob": 0.04423255195534669, 
  "activity": 0.01666718659611992
}