{
  "bolusiob": 0.10921213860000012, 
  "iob": 2.317940178327613, 
  "activity": 0.049418798059964714
}