{
  "bolusiob": 0, 
  "iob": 0.6292814124103312, 
  "activity": 0.0028192335449735446
}