{
  "bolusiob": 0.985880054222222, 
  "iob": 1.1033141487351388, 
  "activity": 0.003878015873015871
}