{
  "bolusiob": 0, 
  "iob": 0.3691125866422745, 
  "activity": 0.0031935145679012327
}