{
  "bolusiob": 0, 
  "iob": -0.28676125970666666, 
  "activity": -0.001235132275132275
}