{
  "bolusiob": 0, 
  "iob": 0.44806871393333325, 
  "activity": 0.014310405643738974
}