{
  "bolusiob": 0, 
  "iob": 0.9817665982886872, 
  "activity": 0.0208467924691358
}