{
  "bolusiob": 0, 
  "iob": -0.04996037851777778, 
  "activity": -1.1975308641975307e-05
}