{
  "bolusiob": 0, 
  "iob": 0.3163703512152445, 
  "activity": 0.007536525414462081
}