{
  "bolusiob": 0, 
  "iob": 0.6992863489103944, 
  "activity": 0.006583071499118166
}