{
  "bolusiob": 0.017881420333333176, 
  "iob": 1.2308306251890404, 
  "activity": 0.03606624299823632
}