{
  "bolusiob": 0, 
  "iob": -0.14161764318313705, 
  "activity": -0.003554938183421516
}