{
  "bolusiob": 0, 
  "iob": -0.6231113599807844, 
  "activity": -0.006544835679012345
}