{
  "bolusiob": 0, 
  "iob": 0.5926203152994584, 
  "activity": 0.01833044128747795
}