{
  "bolusiob": 0, 
  "iob": 0.17597957514962062, 
  "activity": 0.0022125570899470906
}