{
  "bolusiob": 0.06245021653333338, 
  "iob": 1.2834078752362401, 
  "activity": 0.025118765890652553
}