{
  "bolusiob": 0, 
  "iob": 0.8490603948786747, 
  "activity": 0.014228898271604935
}