{
  "bolusiob": 0, 
  "iob": 0.6492751969530315, 
  "activity": 0.008045578518518517
}