{
  "bolusiob": 0, 
  "iob": 0.7135456751589889, 
  "activity": 0.008782421410934743
}