{
  "bolusiob": 0, 
  "iob": 0.38512801843411215, 
  "activity": 0.0039055821340387986
}