{
  "bolusiob": 0, 
  "iob": 0.6003297712605555, 
  "activity": 0.014646798941798933
}