{
  "bolusiob": 0, 
  "iob": 0.337115444020414, 
  "activity": 0.0005715171252204587
}