{
  "bolusiob": 0, 
  "iob": -0.018145417245089758, 
  "activity": 0.0015004759259259258
}