{
  "bolusiob": 0, 
  "iob": 0.4621817726080903, 
  "activity": 0.0030512742504409164
}