{
  "bolusiob": 0, 
  "iob": 0.29285900601452, 
  "activity": 0.006172768800705467
}