{
  "bolusiob": 0.6334808610000001, 
  "iob": 1.5244359622581884, 
  "activity": 0.0108825926984127
}