{
  "bolusiob": 0.052382098573333286, 
  "iob": 1.3402364211802025, 
  "activity": 0.029584479276895937
}