{
  "bolusiob": 0.021242740480000053, 
  "iob": 0.8378384901100001, 
  "activity": 0.019856613756613753
}