{
  "bolusiob": -0.0003416600000001324, 
  "iob": 0.3610821691707027, 
  "activity": 0.019680775749559083
}