{
  "bolusiob": 0, 
  "iob": -0.11131785862347293, 
  "activity": -0.0022318906172839508
}