{
  "bolusiob": 0, 
  "iob": -0.3093282752022222, 
  "activity": -0.0020074514991181656
}