{
  "bolusiob": 1.6328075929377779, 
  "iob": 3.335728845277565, 
  "activity": 0.03328465555555555
}