{
  "bolusiob": 0, 
  "iob": -0.2485541806977778, 
  "activity": -0.00277095238095238
}