{
  "bolusiob": 1.4327594702044444, 
  "iob": 1.9094623102890844, 
  "activity": 0.01845397694885361
}