{
  "bolusiob": 0, 
  "iob": -0.14878940129333335, 
  "activity": 0.0006197883597883569
}