{
  "bolusiob": 0, 
  "iob": 0.05360835739400675, 
  "activity": -0.0014439597001763668
}