{
  "bolusiob": 0, 
  "iob": 0.6335525437592222, 
  "activity": 0.006252081128747795
}