{
  "bolusiob": 0, 
  "iob": 0.4062569883683333, 
  "activity": 0.014002733686067016
}