{
  "bolusiob": 0, 
  "iob": 2.373298333335772e-06, 
  "activity": -3.615520282186993e-06
}