{
  "bolusiob": 0.39495919936, 
  "iob": 1.3765834041688887, 
  "activity": 0.02825333333333333
}