{
  "bolusiob": 0, 
  "iob": 0.1812440627024391, 
  "activity": 0.004541745573192239
}