{
  "bolusiob": 0, 
  "iob": 0.11504925826291666, 
  "activity": 0.00048117283950617224
}