{
  "bolusiob": 0.7198216685511111, 
  "iob": 0.37227003276034865, 
  "activity": -0.001054356296296296
}