{
  "bolusiob": 0, 
  "iob": 0.11897976598458332, 
  "activity": 0.0004957936507936499
}