{
  "bolusiob": 0, 
  "iob": 0.18704352184533335, 
  "activity": 0.005540626102292768
}