{
  "bolusiob": 0, 
  "iob": -0.06691162868355555, 
  "activity": 0.007343544973544976
}