{
  "bolusiob": 0, 
  "iob": 0.04992617825111111, 
  "activity": 1.9382716049382716e-05
}