{
  "bolusiob": 0, 
  "iob": 0.24813994620833357, 
  "activity": 0.011069400352733686
}