{
  "bolusiob": 0, 
  "iob": 0.7676364652801457, 
  "activity": 0.005909741128747795
}