{
  "bolusiob": 0, 
  "iob": -7.249018333338464e-06, 
  "activity": 6.7901234567901115e-06
}