{
  "bolusiob": 0, 
  "iob": -0.14344073006688335, 
  "activity": -0.0027010405643738975
}