{
  "bolusiob": 0, 
  "iob": 0.05957934467719197, 
  "activity": 0.0012073076719576715
}