{
  "bolusiob": 0, 
  "iob": 0.18418609997700003, 
  "activity": 0.006868015873015872
}