{
  "bolusiob": 0, 
  "iob": 0.20954183529125003, 
  "activity": 0.001416287477954145
}