{
  "bolusiob": 0, 
  "iob": -0.44586659359500014, 
  "activity": -0.0018439417989417986
}