{
  "bolusiob": 0, 
  "iob": -0.1629860712515278, 
  "activity": -0.0010505820105820103
}