{
  "bolusiob": 0, 
  "iob": -0.006771066809504584, 
  "activity": -0.0003753528218694887
}