{
  "bolusiob": 0, 
  "iob": -0.039005763628333336, 
  "activity": -0.0004393650793650795
}