{
  "bolusiob": 0, 
  "iob": 0.11823776601333341, 
  "activity": 0.006540564373897703
}