{
  "bolusiob": 1.1074330572133335, 
  "iob": 3.969843069553695, 
  "activity": 0.04983686040564373
}