{
  "bolusiob": 0, 
  "iob": 0.6222842144833486, 
  "activity": 0.008660717566137564
}