{
  "bolusiob": 0.02364226380000012, 
  "iob": 0.7532013934500001, 
  "activity": 0.015865079365079363
}