{
  "bolusiob": 0, 
  "iob": 0.3343045872325823, 
  "activity": 0.0041636948148148145
}