{
  "bolusiob": 0, 
  "iob": 0.5747068652950105, 
  "activity": 0.00831776024691358
}