{
  "bolusiob": 0, 
  "iob": 0.20778063183982098, 
  "activity": 0.0030530120987654315
}