{
  "bolusiob": 0, 
  "iob": 0.3599756742805933, 
  "activity": 0.004583835996472662
}