{
  "bolusiob": 0, 
  "iob": -0.2090870250107778, 
  "activity": -0.0015969135802469134
}