{
  "bolusiob": 0, 
  "iob": 0.6225634457853335, 
  "activity": 0.007532645502645502
}