{
  "bolusiob": 3.2392117724444445, 
  "iob": 4.409884780282887, 
  "activity": 0.030272822045855373
}