{
  "bolusiob": 1.2454580504533332, 
  "iob": 2.5136646379940664, 
  "activity": 0.03680853580246912
}