{
  "bolusiob": 1.5478393856000001, 
  "iob": 2.0582559883266667, 
  "activity": 0.01614562610229276
}