{
  "bolusiob": 0.709902472, 
  "iob": 1.8329778289690275, 
  "activity": 0.015519920634920633
}