{
  "bolusiob": 0, 
  "iob": -0.3198629286131021, 
  "activity": -0.004904876666666665
}