{
  "bolusiob": 0, 
  "iob": 0.7004025084022223, 
  "activity": 0.008481816578483242
}