{
  "bolusiob": 0, 
  "iob": 0.11253751245718373, 
  "activity": 0.0006909699118165787
}