{
  "bolusiob": 1.9043298462222225, 
  "iob": 2.117899708222222, 
  "activity": 0.006545679012345678
}