{
  "bolusiob": 0, 
  "iob": -0.14519574084851528, 
  "activity": 0.003926454902998235
}