{
  "bolusiob": 0, 
  "iob": 0.1459494632127778, 
  "activity": 8.54320987654322e-05
}