{
  "bolusiob": 0.5275414288, 
  "iob": 1.5207419363085772, 
  "activity": 0.03201767158730157
}