{
  "bolusiob": 0.8232879224533335, 
  "iob": 1.8211130158918627, 
  "activity": 0.019601657742504403
}