{
  "bolusiob": 0, 
  "iob": -0.32274010876222226, 
  "activity": -0.002677186948853615
}