{
  "bolusiob": 3.147021671537778, 
  "iob": 3.4427960937555553, 
  "activity": 0.00879596119929453
}