{
  "bolusiob": 0, 
  "iob": -0.2201784816886795, 
  "activity": -0.0024100797354497353
}