{
  "bolusiob": 0, 
  "iob": 0.056708463705611216, 
  "activity": -0.00019512358024691346
}