{
  "bolusiob": 0, 
  "iob": 0.893069428451393, 
  "activity": 0.027834303544973536
}