{
  "bolusiob": 1.8005390067199998, 
  "iob": 1.87367232257, 
  "activity": 0.0038149206349206333
}