{
  "bolusiob": 0, 
  "iob": 0.07190224056666669, 
  "activity": 0.0015151675485008816
}