{
  "bolusiob": 0, 
  "iob": 0.07979782608655747, 
  "activity": 0.0015186740388007049
}