{
  "bolusiob": 0, 
  "iob": 0.13942396117666667, 
  "activity": 0.0023739506172839506
}