{
  "bolusiob": 0, 
  "iob": 0.2769766014894973, 
  "activity": 0.0026312083597883587
}