{
  "bolusiob": 0, 
  "iob": 0.45462782929612877, 
  "activity": 0.0033606350440917106
}