{
  "bolusiob": 1.1547828558933335, 
  "iob": 2.018690332808889, 
  "activity": 0.029146666666666658
}