{
  "bolusiob": 0.026239400000000048, 
  "iob": 0.46287527620845464, 
  "activity": 0.005201225837742504
}