{
  "bolusiob": 0.42561874600000005, 
  "iob": 2.2470091765678575, 
  "activity": 0.03960253686067019
}