{
  "bolusiob": 0, 
  "iob": 0.1111686638546929, 
  "activity": 0.009549118253968251
}