{
  "bolusiob": 0, 
  "iob": 0.14614603015655767, 
  "activity": 0.002500079188712522
}