{
  "bolusiob": 0.04286452352000019, 
  "iob": 1.4296595956800002, 
  "activity": 0.028956208112874776
}