{
  "bolusiob": 0.06148195593333333, 
  "iob": 0.5919565396855558, 
  "activity": 0.012330617283950613
}