{
  "bolusiob": 0, 
  "iob": -0.42436317368055576, 
  "activity": -0.004965714285714285
}