{
  "bolusiob": 0, 
  "iob": 0.46640297096555566, 
  "activity": 0.013377037037037033
}