{
  "bolusiob": 0, 
  "iob": -0.0062687855162312164, 
  "activity": 0.004684691252204584
}