{
  "bolusiob": 0, 
  "iob": 0.48096571583430564, 
  "activity": 0.0048846472663139325
}