{
  "bolusiob": 0.6306599948977778, 
  "iob": 1.0035339057144446, 
  "activity": 0.007494920634920635
}