{
  "bolusiob": 0, 
  "iob": 0.4115669892740042, 
  "activity": 0.002911860987654321
}