{
  "bolusiob": 0.09897497092000013, 
  "iob": 0.9149204172924902, 
  "activity": 0.02066942089947089
}