{
  "bolusiob": 0, 
  "iob": 0.16460553685217488, 
  "activity": 0.0076246910934744255
}