{
  "bolusiob": 0, 
  "iob": 0.40597820135274476, 
  "activity": 0.005167662962962961
}