{
  "bolusiob": 2.056185085848889, 
  "iob": 2.3839726665380403, 
  "activity": 0.0139698939329806
}