{
  "bolusiob": 0.4416289626666668, 
  "iob": 1.0092902440511113, 
  "activity": 0.010530493827160493
}