{
  "bolusiob": 0, 
  "iob": 0.6180405331131602, 
  "activity": 0.010265451622574953
}