{
  "bolusiob": 0, 
  "iob": 0.47535154156465287, 
  "activity": 0.002706931216931216
}