{
  "bolusiob": 0, 
  "iob": 0.38147065762711213, 
  "activity": 0.003964594268077601
}