{
  "bolusiob": 0.6143690725200003, 
  "iob": 1.839185859995417, 
  "activity": 0.020102142857142853
}