{
  "bolusiob": 0, 
  "iob": -0.018132638049999886, 
  "activity": -0.0017621164021164057
}