{
  "bolusiob": 0, 
  "iob": 0.37049157981097225, 
  "activity": 0.005745017636684302
}