{
  "bolusiob": 0, 
  "iob": 0.6208113718925556, 
  "activity": 0.006319805996472662
}