{
  "bolusiob": 0, 
  "iob": 0.38258025003888896, 
  "activity": 0.007218236331569665
}