{
  "bolusiob": 0.05259642466666667, 
  "iob": 0.8416594362052533, 
  "activity": 0.016353615696649025
}