{
  "bolusiob": 0, 
  "iob": 0.7778433809566667, 
  "activity": 0.03738596119929453
}