{
  "bolusiob": 0, 
  "iob": -0.08506469802888886, 
  "activity": 0.004829576719576719
}