{
  "bolusiob": 0, 
  "iob": 0.26422571718798293, 
  "activity": 0.0026459879012345677
}