{
  "bolusiob": 0.7359783567777778, 
  "iob": 1.012843901843333, 
  "activity": 0.004553333333333331
}