{
  "bolusiob": 0, 
  "iob": 0.5644538951458546, 
  "activity": 0.004936957936507935
}