{
  "bolusiob": 0, 
  "iob": 0.21925988810025032, 
  "activity": -0.00027350943562610215
}