{
  "bolusiob": 0, 
  "iob": 0.011751340664444443, 
  "activity": -0.00041694885361552
}