{
  "bolusiob": 0.3186449575466667, 
  "iob": 0.8728545355677777, 
  "activity": 0.009306455026455026
}