{
  "bolusiob": 0.014699595093333252, 
  "iob": 1.0046800468933335, 
  "activity": 0.03112543209876542
}