{
  "bolusiob": 0, 
  "iob": -0.4317621321952135, 
  "activity": -0.0009052029453262793
}