{
  "bolusiob": 0, 
  "iob": 0.29939947401179107, 
  "activity": 0.002491922522045856
}