{
  "bolusiob": 0, 
  "iob": 0.1797295852888889, 
  "activity": 0.003048218694885361
}