{
  "bolusiob": 2.8420641852755555, 
  "iob": 3.9478144651251714, 
  "activity": 0.027299593827160486
}