{
  "bolusiob": 0.004300185266666645, 
  "iob": 0.6005066729477779, 
  "activity": 0.011203421516754849
}