{
  "bolusiob": 0, 
  "iob": 0.41432596004024796, 
  "activity": 0.004855867901234567
}