{
  "bolusiob": 0, 
  "iob": 0.3227873531518074, 
  "activity": 0.0014569185537918867
}