{
  "bolusiob": 0, 
  "iob": -0.00020964863999998196, 
  "activity": -0.00012910052910052882
}