{
  "bolusiob": 0, 
  "iob": -0.05511571484277778, 
  "activity": -0.0012351234567901232
}