{
  "bolusiob": 0, 
  "iob": -0.4812540351383334, 
  "activity": -0.005318994708994708
}