{
  "bolusiob": 0.2778813696, 
  "iob": 1.5921641183999997, 
  "activity": 0.02107407407407408
}