{
  "bolusiob": 0, 
  "iob": 0.08451007526019419, 
  "activity": 0.0019172662610229272
}