{
  "bolusiob": 0.18724633333333338, 
  "iob": 0.7255740348611114, 
  "activity": 0.008539647266313928
}