{
  "bolusiob": 0, 
  "iob": -0.09447543569028875, 
  "activity": 0.003378218571428571
}