{
  "bolusiob": 0, 
  "iob": 1.0308433167908153, 
  "activity": 0.019173871358024692
}