{
  "bolusiob": 0, 
  "iob": 0.659803721522222, 
  "activity": 0.017602998236331564
}