{
  "bolusiob": 0, 
  "iob": -0.061191926209444455, 
  "activity": -0.001162283950617284
}