{
  "bolusiob": 3.0455553820444443, 
  "iob": 3.3818146066088888, 
  "activity": 0.010999559082892414
}