{
  "bolusiob": 0, 
  "iob": 0.10995322466291667, 
  "activity": 0.00050889770723104
}