{
  "bolusiob": 0, 
  "iob": 0.5575760756611109, 
  "activity": 0.015773950617283945
}