{
  "bolusiob": 0.18079260576000006, 
  "iob": 0.39465637800958864, 
  "activity": 0.0026588689065255716
}