{
  "bolusiob": 0, 
  "iob": 0.05339178806083334, 
  "activity": 0.00199095238095238
}