{
  "bolusiob": 0.7110994531333332, 
  "iob": 1.433314647917565, 
  "activity": 0.009900493915343912
}