{
  "bolusiob": 0, 
  "iob": 0.04162580157471762, 
  "activity": 0.0018240827160493818
}