{
  "bolusiob": 0.3406855518266668, 
  "iob": 1.6474292916020021, 
  "activity": 0.026661631640211635
}