{
  "bolusiob": 0.4040482196266667, 
  "iob": 0.6939116946844446, 
  "activity": 0.004726913580246913
}