{
  "bolusiob": 2.0263072275911114, 
  "iob": 2.563823607704311, 
  "activity": 0.011138818465608463
}