{
  "bolusiob": 0, 
  "iob": 0.08488221483333334, 
  "activity": -0.0041065961199294515
}