{
  "bolusiob": 0.2654008139066667, 
  "iob": 1.5709484012263935, 
  "activity": 0.026449532874779535
}