{
  "bolusiob": 0, 
  "iob": 0.24443614989004714, 
  "activity": 0.005013844708994707
}