{
  "bolusiob": 0, 
  "iob": 0.7286150193029078, 
  "activity": 0.013840875467372137
}