{
  "bolusiob": 0, 
  "iob": 0.17657875296879935, 
  "activity": 0.004247266225749559
}