{
  "bolusiob": 0, 
  "iob": -0.055794165947354986, 
  "activity": -0.0020096117283950627
}