{
  "bolusiob": 0, 
  "iob": 0.28295691405748324, 
  "activity": 0.004652865873015872
}