{
  "bolusiob": 0.7235911130400001, 
  "iob": 1.3213097468911108, 
  "activity": 0.017627601410934734
}