{
  "bolusiob": 0, 
  "iob": 0.45502512511500004, 
  "activity": 0.007414550264550263
}