{
  "bolusiob": 0.03140018559999991, 
  "iob": 1.2705428714466664, 
  "activity": 0.03050269841269841
}