{
  "bolusiob": 0, 
  "iob": 0.02049020544000002, 
  "activity": 0.002615873015873013
}