{
  "bolusiob": 0, 
  "iob": -0.6982610197116667, 
  "activity": -0.004334629629629629
}