{
  "bolusiob": 0, 
  "iob": 0.16738220611273172, 
  "activity": 0.0021164371604938267
}