{
  "bolusiob": 0.2149659282666666, 
  "iob": 2.1063349395626165, 
  "activity": 0.05139039303350969
}