{
  "bolusiob": 0, 
  "iob": 0.5217112886188915, 
  "activity": 0.011562787160493831
}