{
  "bolusiob": 0, 
  "iob": 0.12288431141069446, 
  "activity": 0.0005854409171075832
}