{
  "bolusiob": 0, 
  "iob": 0.058902353735000024, 
  "activity": 0.001881216931216931
}