{
  "bolusiob": 1.4421202938800002, 
  "iob": 2.783690269393334, 
  "activity": 0.022320370370370365
}