{
  "bolusiob": 0, 
  "iob": 0.2398113398909328, 
  "activity": 0.0034099850088183414
}