{
  "bolusiob": 0, 
  "iob": 0.6302723354050537, 
  "activity": 0.008107483280423279
}