{
  "bolusiob": 0, 
  "iob": -0.11399240288683342, 
  "activity": -0.0035884635449735447
}