{
  "bolusiob": 0, 
  "iob": 0.020542820197966043, 
  "activity": -0.0017384212345679013
}