{
  "bolusiob": 0, 
  "iob": 0.6019603773339303, 
  "activity": 0.00801132349206349
}