{
  "bolusiob": 0, 
  "iob": 0.8043289715966885, 
  "activity": 0.010524182416225747
}