{
  "bolusiob": 0, 
  "iob": 0.5585004679996453, 
  "activity": 0.017437495961199288
}