{
  "bolusiob": 0.17165376072000013, 
  "iob": 1.8121162732512004, 
  "activity": 0.028963527513227505
}