{
  "bolusiob": 0, 
  "iob": 0.4597235644886807, 
  "activity": 0.009232548500881834
}