{
  "bolusiob": 0, 
  "iob": 0.1653556848027778, 
  "activity": 0.002855149911816578
}