{
  "bolusiob": 0, 
  "iob": 0.23324002007114802, 
  "activity": 0.0022494000881834214
}