{
  "bolusiob": 0.1227937525333333, 
  "iob": 0.48185241856222216, 
  "activity": 0.01296333333333333
}