{
  "bolusiob": 0, 
  "iob": -0.150403029193, 
  "activity": -0.0018885890652557314
}