{
  "bolusiob": 0, 
  "iob": 0.91116106938718, 
  "activity": 0.009905903597883597
}