{
  "bolusiob": 0, 
  "iob": 0.5220782551671599, 
  "activity": 0.006745732045855377
}