{
  "bolusiob": 0, 
  "iob": 0.25870002168888895, 
  "activity": 0.0028676543209876547
}