{
  "bolusiob": 0, 
  "iob": 0.6588450884058762, 
  "activity": 0.01042599095238095
}