{
  "bolusiob": 1.2780808736000002, 
  "iob": 2.8559435894374365, 
  "activity": 0.026166684215167553
}