{
  "bolusiob": 0, 
  "iob": 0.2821580858739196, 
  "activity": 0.007552415555555554
}