{
  "bolusiob": 0.34644770133333336, 
  "iob": 1.505375618260694, 
  "activity": 0.023731031746031736
}