{
  "bolusiob": 0, 
  "iob": 0.09091438826625, 
  "activity": 0.0010094620811287476
}