{
  "bolusiob": 0, 
  "iob": 0.15790240676691342, 
  "activity": 1.512333333333325e-05
}