{
  "bolusiob": 0, 
  "iob": 0.6157501856434794, 
  "activity": 0.007875388112874781
}