{
  "bolusiob": 0.757915390911111, 
  "iob": 2.0797921578324683, 
  "activity": 0.03152419488536155
}