{
  "bolusiob": 0, 
  "iob": -0.3775179431644445, 
  "activity": -0.005422451499118165
}