{
  "bolusiob": 0, 
  "iob": 0.5240402810253617, 
  "activity": 0.013916958042328035
}