{
  "bolusiob": 0, 
  "iob": 0.4105576075410555, 
  "activity": 0.001919074074074074
}