{
  "bolusiob": 0, 
  "iob": 0.22462930766849248, 
  "activity": 0.003136172574955908
}