{
  "bolusiob": 0, 
  "iob": -0.2310873390305556, 
  "activity": -0.0016198412698412699
}