{
  "bolusiob": 0, 
  "iob": 0.6158861539953401, 
  "activity": 0.0032782811640211635
}