{
  "bolusiob": 2.3106969247288887, 
  "iob": 2.5896191244311924, 
  "activity": 0.020388076966490292
}