{
  "bolusiob": 0, 
  "iob": 0.008385078284670638, 
  "activity": -0.000933254091710758
}