{
  "bolusiob": 0, 
  "iob": -0.1340128361977778, 
  "activity": -0.0014775925925925924
}