{
  "bolusiob": 0, 
  "iob": -0.49386942668200007, 
  "activity": 0.0016764726631393258
}