{
  "bolusiob": 0.6209770825422223, 
  "iob": 0.8505712878705555, 
  "activity": 0.017252451499118165
}