{
  "bolusiob": 0, 
  "iob": 0.6918341529914344, 
  "activity": 0.0042585547266313925
}