{
  "bolusiob": 0.09482690920000003, 
  "iob": 1.333377828152997, 
  "activity": 0.02525134084656084
}