{
  "bolusiob": 0, 
  "iob": 0.08345515058333335, 
  "activity": 0.0036698236331569674
}