{
  "bolusiob": 0, 
  "iob": 0.549494791756631, 
  "activity": 0.008517319911816573
}