{
  "bolusiob": 0, 
  "iob": 0.3108437759316667, 
  "activity": 0.0016808024691358022
}