{
  "bolusiob": 0.7169229523555556, 
  "iob": 1.2267540454333332, 
  "activity": 0.006327283950617282
}