{
  "bolusiob": 0, 
  "iob": 1.1518564406261114, 
  "activity": 0.036028536155202816
}