{
  "bolusiob": 0, 
  "iob": -0.07230499625388889, 
  "activity": -0.001016111111111111
}