{
  "bolusiob": 1.4714120341333334, 
  "iob": 2.017936309778667, 
  "activity": 0.014103562610229275
}