{
  "bolusiob": 0, 
  "iob": 0.2598691205151258, 
  "activity": -0.0017543736331569664
}