{
  "bolusiob": 0, 
  "iob": 0.48107953157658334, 
  "activity": 0.00876481481481481
}