{
  "bolusiob": 0, 
  "iob": -0.004914638005634681, 
  "activity": -0.0006119926807760137
}