{
  "bolusiob": 0.8129472575777779, 
  "iob": 2.2373738477102014, 
  "activity": 0.033920692680776014
}