{
  "bolusiob": 0, 
  "iob": 0.6449915707731111, 
  "activity": 0.00646679012345679
}