{
  "bolusiob": 0, 
  "iob": -0.2599515159691538, 
  "activity": -0.003039241534391534
}