{
  "bolusiob": 0, 
  "iob": -0.08148757228017328, 
  "activity": -0.000732963086419753
}