{
  "bolusiob": 2.1187562829155557, 
  "iob": 2.1756214613955556, 
  "activity": 0.0032538271604938265
}