{
  "bolusiob": 0, 
  "iob": 0.6992661955203333, 
  "activity": 0.014266225749559077
}