{
  "bolusiob": 0, 
  "iob": 0.1374907891455847, 
  "activity": 0.003269400088183421
}