{
  "bolusiob": 1.0162416570311112, 
  "iob": 1.4817958950978614, 
  "activity": 0.014405652557319223
}