{
  "bolusiob": 0, 
  "iob": 0.11093749901458333, 
  "activity": 0.0005054585537918867
}