{
  "bolusiob": 1.5416216675555556, 
  "iob": 1.156787569091, 
  "activity": -0.004877601410934744
}