{
  "bolusiob": -6.647616000002853e-05, 
  "iob": 0.3713884624360624, 
  "activity": 0.020448721111111113
}