{
  "bolusiob": 0.8497334472533337, 
  "iob": 2.703151127860366, 
  "activity": 0.043414690564373894
}