{
  "bolusiob": 0, 
  "iob": 0.5848234922031111, 
  "activity": 0.007634902998236332
}