{
  "bolusiob": 0, 
  "iob": -0.13985302571555572, 
  "activity": -0.0006129100529100554
}