{
  "bolusiob": 0, 
  "iob": -0.13410992655520831, 
  "activity": -0.0017800881834215167
}