{
  "bolusiob": 0.6523086478222223, 
  "iob": 1.4315691989564199, 
  "activity": 0.014007072416225745
}