{
  "bolusiob": 0, 
  "iob": 0.7693516741683334, 
  "activity": 0.01905458553791887
}