{
  "bolusiob": 0, 
  "iob": 0.5744510055321214, 
  "activity": 0.004854418253968252
}