{
  "bolusiob": 0, 
  "iob": 0.20208545523736124, 
  "activity": 0.007347486772486769
}