{
  "bolusiob": 0, 
  "iob": 0.5326786858747604, 
  "activity": 0.005099944691358024
}