{
  "bolusiob": 0, 
  "iob": -0.4166641420063926, 
  "activity": -0.0030800792768959436
}