{
  "bolusiob": 1.8931838833777777, 
  "iob": 2.2809829918822224, 
  "activity": 0.01484139329805996
}