{
  "bolusiob": 0.42433390604444443, 
  "iob": 0.08044158773794446, 
  "activity": -0.0022994003527336856
}