{
  "bolusiob": 0, 
  "iob": -0.0789784439868889, 
  "activity": 0.006901111111111108
}