{
  "bolusiob": 0, 
  "iob": -0.015808005439999995, 
  "activity": -0.0010465608465608461
}