{
  "bolusiob": 3.0776804146666663, 
  "iob": 4.255768960154476, 
  "activity": 0.03134382733686067
}