{
  "bolusiob": 0, 
  "iob": 0.5082188587800001, 
  "activity": 0.008854003527336859
}