{
  "bolusiob": 0, 
  "iob": -0.08565248159555569, 
  "activity": 0.0027649735449735407
}