{
  "bolusiob": 4.003125616924444, 
  "iob": 3.7105867672551893, 
  "activity": 0.0028773694885361532
}