{
  "bolusiob": 0, 
  "iob": 0.39066989917782585, 
  "activity": 0.007960392874779539
}