{
  "bolusiob": 0, 
  "iob": -0.44533881238277784, 
  "activity": -0.0023989506172839505
}