{
  "bolusiob": 1.2939778025333333, 
  "iob": 3.363463929603348, 
  "activity": 0.04163575398589064
}