{
  "bolusiob": 5.547072771217778, 
  "iob": 7.2996073988044445, 
  "activity": 0.03787347442680776
}