{
  "bolusiob": 0, 
  "iob": 0.5109832756055414, 
  "activity": 0.004482672063492062
}