{
  "bolusiob": 0, 
  "iob": -0.04955659942892203, 
  "activity": 0.001687816261022927
}