{
  "bolusiob": 0, 
  "iob": 0.4501585608683269, 
  "activity": 0.010863804532627863
}