{
  "bolusiob": 0, 
  "iob": 0.30991779904829964, 
  "activity": 0.007801924585537917
}