{
  "bolusiob": 0, 
  "iob": 0.37945161727000004, 
  "activity": 0.009710052910052908
}