{
  "bolusiob": 0, 
  "iob": 0.13428981708291668, 
  "activity": 0.0011589153439153436
}