{
  "bolusiob": 0, 
  "iob": -0.24787800543, 
  "activity": -0.0009935449735449734
}