{
  "bolusiob": 0, 
  "iob": 0.06914182254214957, 
  "activity": 0.0028598761904761907
}