{
  "bolusiob": 0.15521625833333344, 
  "iob": 1.4277405215755554, 
  "activity": 0.024238271604938265
}