{
  "bolusiob": 0, 
  "iob": -0.16558113307805972, 
  "activity": 0.002331798747795414
}