{
  "bolusiob": 0, 
  "iob": 0.13457343340472222, 
  "activity": 0.003735097001763668
}