{
  "bolusiob": 0, 
  "iob": -0.15736655710930555, 
  "activity": -0.001109559082892416
}