{
  "bolusiob": 0, 
  "iob": -0.2508235917243459, 
  "activity": -0.0018551059964726628
}