{
  "bolusiob": 0.01359280779999994, 
  "iob": 0.6571139846528355, 
  "activity": 0.017271640105820104
}