{
  "bolusiob": 0.43174454, 
  "iob": -0.03561671851388888, 
  "activity": -0.0004826543209876544
}