{
  "bolusiob": 0, 
  "iob": 0.056123669258749974, 
  "activity": 0.013372592592592583
}