{
  "bolusiob": 0, 
  "iob": 0.7156925290337018, 
  "activity": 0.015837301904761895
}