{
  "bolusiob": 0, 
  "iob": -0.2832439136400903, 
  "activity": -0.005308694620811286
}