{
  "bolusiob": 0, 
  "iob": 0.5297594279200014, 
  "activity": 0.007103562874779537
}