{
  "bolusiob": 0, 
  "iob": 0.22556358432999984, 
  "activity": 0.010010052910052906
}