{
  "bolusiob": 0, 
  "iob": 0.13746080140492625, 
  "activity": 0.0038576892416225745
}