{
  "bolusiob": 1.2636373249066668, 
  "iob": 2.1627229499105556, 
  "activity": 0.022512239858906522
}