{
  "bolusiob": 0, 
  "iob": 0.01812903973999999, 
  "activity": 0.0009121693121693117
}