{
  "bolusiob": 0, 
  "iob": 0.14369476351569427, 
  "activity": 0.0053488095238095204
}