{
  "bolusiob": 0.4801325466666668, 
  "iob": 1.6083114429370002, 
  "activity": 0.02201791005291005
}