{
  "bolusiob": 0, 
  "iob": 0.558058581416667, 
  "activity": 0.03407296296296295
}