{
  "bolusiob": 0, 
  "iob": -0.06807108976347995, 
  "activity": -0.0009581482716049382
}