{
  "bolusiob": 0, 
  "iob": 0.12321507876960874, 
  "activity": 0.002227186772486772
}