{
  "bolusiob": 2.30623961088, 
  "iob": 2.6483998982552075, 
  "activity": 0.006017998553791887
}