{
  "bolusiob": 0, 
  "iob": 0.08817516943000002, 
  "activity": 0.002664550264550264
}