{
  "bolusiob": 0, 
  "iob": 0.3482883787212165, 
  "activity": 0.004275502910052908
}