{
  "bolusiob": 2.7255029802666666, 
  "iob": 3.003744188239861, 
  "activity": 0.009394029982363314
}