{
  "bolusiob": 0, 
  "iob": 0.5770659641999714, 
  "activity": 0.0100598960670194
}