{
  "bolusiob": 0, 
  "iob": 0.48445495079629036, 
  "activity": 0.005091173104056436
}