{
  "bolusiob": 0.015388924999999998, 
  "iob": 1.1670190652712498, 
  "activity": 0.022335335097001762
}