{
  "bolusiob": 0, 
  "iob": -0.051511211023020434, 
  "activity": -0.0018617812169312172
}