{
  "bolusiob": 3.1181632642844446, 
  "iob": 3.422765044006667, 
  "activity": 0.009580546737213402
}