{
  "bolusiob": 0, 
  "iob": 0.4139790114344495, 
  "activity": 0.0052110585714285704
}