{
  "bolusiob": 0, 
  "iob": 0.18149996772332247, 
  "activity": 0.0032783771604938277
}