{
  "bolusiob": 0.04127124693333334, 
  "iob": 0.4163362826444445, 
  "activity": 0.008493474426807757
}