{
  "bolusiob": 0.2874129944, 
  "iob": 0.8126317730000002, 
  "activity": 0.009154426807760137
}