{
  "bolusiob": 0.9189232274400001, 
  "iob": 1.92288621002375, 
  "activity": 0.015285723104056436
}