{
  "bolusiob": 0.009895356826666825, 
  "iob": 0.43741286153277764, 
  "activity": 0.02226878306878306
}