{
  "bolusiob": 0, 
  "iob": 0.5777426344516666, 
  "activity": 0.0077672134038800685
}