{
  "bolusiob": 0, 
  "iob": 0.10325213753555557, 
  "activity": 0.0016712874779541446
}