{
  "bolusiob": 0, 
  "iob": 0.26932839362152416, 
  "activity": -0.00013607186948853605
}