{
  "bolusiob": 0, 
  "iob": -0.22630607391833335, 
  "activity": -0.005270105820105819
}