{
  "bolusiob": 0, 
  "iob": 0.00015305936000000188, 
  "activity": 5.5026455026455e-05
}