{
  "bolusiob": 0, 
  "iob": 0.1683017669033125, 
  "activity": -0.00019523809523809554
}