{
  "bolusiob": 0, 
  "iob": 0.547529583552099, 
  "activity": 0.00782961194003527
}