{
  "bolusiob": 4.639104000001559e-05, 
  "iob": 0.7807484354355158, 
  "activity": 0.018295648641975307
}