{
  "bolusiob": 0.5591317392, 
  "iob": 2.005088197898107, 
  "activity": 0.025862187407407405
}