{
  "bolusiob": 0, 
  "iob": 0.5029480304856145, 
  "activity": 0.0053719047442680745
}