{
  "bolusiob": 0.9929558974222222, 
  "iob": 0.9975383010222222, 
  "activity": 0.0005604938271604937
}