{
  "bolusiob": 0.15059560533333338, 
  "iob": 1.9395200038100004, 
  "activity": 0.04501432098765431
}