{
  "bolusiob": 0, 
  "iob": 0.43444674074122236, 
  "activity": 0.004817592698412698
}