{
  "bolusiob": 0, 
  "iob": -0.05360563654340024, 
  "activity": -4.6058024691357816e-05
}