{
  "bolusiob": 0, 
  "iob": 0.7464165267850482, 
  "activity": 0.016288536472663134
}