{
  "bolusiob": 0, 
  "iob": 0.43243579766833334, 
  "activity": 0.014428659611992944
}