{
  "bolusiob": 0, 
  "iob": -0.19313142013072776, 
  "activity": -0.0018921606525573189
}