{
  "bolusiob": 0, 
  "iob": 0.4700537043229679, 
  "activity": 0.008396454867724867
}