{
  "bolusiob": 0, 
  "iob": -0.10737889121778309, 
  "activity": 0.002478359523809523
}