{
  "bolusiob": 0, 
  "iob": 0.3616452789198444, 
  "activity": 0.002452063615520282
}