{
  "bolusiob": 0, 
  "iob": -0.011333354065146656, 
  "activity": 0.002476243509700177
}