{
  "bolusiob": 0.39286430976000003, 
  "iob": 1.4700006630215385, 
  "activity": 0.019707483174603177
}