{
  "bolusiob": 4.590833134986667, 
  "iob": 5.508588308921944, 
  "activity": 0.021065885379188708
}