{
  "bolusiob": 0.39520596369333316, 
  "iob": 1.8547731959133333, 
  "activity": 0.026719435626102288
}