{
  "bolusiob": 0, 
  "iob": -0.3336645598825165, 
  "activity": 0.00013038774250440882
}