{
  "bolusiob": 0, 
  "iob": 0.1377698829190734, 
  "activity": 0.002618633033509699
}