{
  "bolusiob": 0, 
  "iob": 0.5654223085038312, 
  "activity": 0.0092453622398589
}