{
  "bolusiob": 0.3021698735999999, 
  "iob": 2.8740145050819814, 
  "activity": 0.05489865052910052
}