{
  "bolusiob": 1.6015682179022224, 
  "iob": 2.1026319716494073, 
  "activity": 0.020925978747795417
}