{
  "bolusiob": 0.7137582322311115, 
  "iob": 2.899439299828245, 
  "activity": 0.04660476181657847
}