{
  "bolusiob": 0, 
  "iob": -0.34971159791720197, 
  "activity": -0.006160952557319222
}