{
  "bolusiob": 0, 
  "iob": 0.18765807151397595, 
  "activity": 0.0032106196296296297
}