{
  "bolusiob": 1.0975642215333332, 
  "iob": 2.1159646394719998, 
  "activity": 0.016165149911816577
}