{
  "bolusiob": 0, 
  "iob": -0.3434433698774888, 
  "activity": -0.0049629542680776
}