{
  "bolusiob": 0, 
  "iob": 0.37606651061743346, 
  "activity": 0.002571896172839506
}