{
  "bolusiob": 0, 
  "iob": 0.0651738084134902, 
  "activity": 0.003837971587301586
}