{
  "bolusiob": 0.9073994645111111, 
  "iob": 1.5397509468284167, 
  "activity": 0.01551385361552028
}