{
  "bolusiob": 0.7840396121600001, 
  "iob": 0.4314676626795994, 
  "activity": -0.0010043213580246914
}