{
  "bolusiob": 0.01166076034666661, 
  "iob": 0.013120354182689885, 
  "activity": 0.01529695754850087
}