{
  "bolusiob": 0, 
  "iob": 0.23963267375251363, 
  "activity": 0.004375149576719576
}