{
  "bolusiob": 0, 
  "iob": 0.22180851930229736, 
  "activity": 0.002625705714285714
}