{
  "bolusiob": 0, 
  "iob": 0.10806603874088891, 
  "activity": 0.002309541446208112
}