{
  "bolusiob": 0, 
  "iob": 0.41449019981673896, 
  "activity": 0.003648721463844796
}