{
  "bolusiob": 0, 
  "iob": -0.009567088762511104, 
  "activity": 0.0008774603174603177
}