{
  "bolusiob": 2.01349819152, 
  "iob": 1.775641899198298, 
  "activity": 0.002584338500881833
}