{
  "bolusiob": 0.009991370639999797, 
  "iob": 0.5578314354566266, 
  "activity": 0.015107477830687832
}