{
  "bolusiob": 0, 
  "iob": 0.08312928224333328, 
  "activity": 0.001294223985890651
}