{
  "bolusiob": 0, 
  "iob": -0.4110211374272337, 
  "activity": -0.005891631428571428
}