{
  "bolusiob": 0, 
  "iob": 0.0009208333449999995, 
  "activity": 0.00018439153439153423
}