{
  "bolusiob": 0, 
  "iob": 1.994092707, 
  "activity": 0.047761904761904755
}