{
  "bolusiob": 0.6372313581511111, 
  "iob": 0.7556063088711111, 
  "activity": 0.0029609876543209876
}