{
  "bolusiob": 0, 
  "iob": 0.6381054656514638, 
  "activity": 0.010344897477954142
}