{
  "bolusiob": 0, 
  "iob": 0.11554662162644452, 
  "activity": 0.006512698412698406
}