{
  "bolusiob": 0, 
  "iob": 0.1595919707977778, 
  "activity": 0.0023464197530864194
}