{
  "bolusiob": 0.6377270528933333, 
  "iob": 1.7782271874264448, 
  "activity": 0.02015562610229277
}