{
  "bolusiob": 0, 
  "iob": 0.4236627731535915, 
  "activity": 0.008232592698412696
}