{
  "bolusiob": 0, 
  "iob": 0.041131908069444396, 
  "activity": -0.005169241622574957
}