{
  "bolusiob": 0, 
  "iob": -0.08501566178916668, 
  "activity": -0.0018750440917107583
}