{
  "bolusiob": 0, 
  "iob": 0.3174870338564413, 
  "activity": 0.0003579567901234572
}