{
  "bolusiob": 0, 
  "iob": 0.33202870501736115, 
  "activity": 0.011650749559082888
}