{
  "bolusiob": 1.9779055247999997, 
  "iob": 4.4729837539105555, 
  "activity": 0.03955365079365079
}