{
  "bolusiob": 0, 
  "iob": -0.47377705129166675, 
  "activity": -0.005914232804232803
}