{
  "bolusiob": 0, 
  "iob": 1.170303021297, 
  "activity": 0.025002398589065254
}