{
  "bolusiob": 0.1337434633333333, 
  "iob": 1.3834397090609991, 
  "activity": 0.02541134084656085
}