{
  "bolusiob": 0, 
  "iob": -0.07274895823299998, 
  "activity": 0.005009541446208112
}