{
  "bolusiob": 2.3636365166800006, 
  "iob": 4.678453996553515, 
  "activity": 0.04114014082892415
}