{
  "bolusiob": 0, 
  "iob": 0.6795994508745313, 
  "activity": 0.005575658941798941
}