{
  "bolusiob": 0, 
  "iob": 0.5907060141927778, 
  "activity": 0.008235608465608465
}