{
  "bolusiob": 0.6232057745599995, 
  "iob": 3.559868613686666, 
  "activity": 0.0561359435626102
}