{
  "bolusiob": 0, 
  "iob": -0.1483530536099274, 
  "activity": 0.0010336683421516748
}