{
  "bolusiob": 0.32185870613333334, 
  "iob": 0.8739371671177778, 
  "activity": 0.012662028218694882
}