{
  "bolusiob": 0, 
  "iob": 0.2900675398916667, 
  "activity": 0.002201049382716049
}