{
  "bolusiob": 0, 
  "iob": 0.6401267714182567, 
  "activity": 0.007264418112874779
}