{
  "bolusiob": 0, 
  "iob": 0.5002369866391856, 
  "activity": 0.007777019241622575
}