{
  "bolusiob": 0, 
  "iob": 0.6409887139942222, 
  "activity": 0.005105925925925924
}