{
  "bolusiob": 0, 
  "iob": 0.14227166547111111, 
  "activity": -0.0009108641975308638
}