{
  "bolusiob": 0.3287875343999995, 
  "iob": 3.2812920128900003, 
  "activity": 0.06238994708994708
}