{
  "bolusiob": 0, 
  "iob": 0.34740679939047225, 
  "activity": 0.0018364109347442671
}