{
  "bolusiob": 0, 
  "iob": 0.6815070835073558, 
  "activity": 0.007649101816578481
}