{
  "bolusiob": 0.6924984050666668, 
  "iob": 1.8072577041342561, 
  "activity": 0.022040123192239854
}