{
  "bolusiob": 0.36355684287999995, 
  "iob": 0.9785249511912498, 
  "activity": 0.023468059964726624
}