{
  "bolusiob": 0.6300291656000001, 
  "iob": 1.7652693861037314, 
  "activity": 0.022287036772486765
}