{
  "bolusiob": 0, 
  "iob": 0.21280536193809804, 
  "activity": 0.003063985626102292
}