{
  "bolusiob": 0, 
  "iob": 0.1578748124858889, 
  "activity": 0.006535511463844796
}