{
  "bolusiob": 1.5683843296000002, 
  "iob": 2.982592337890581, 
  "activity": 0.024210476102292766
}