{
  "bolusiob": 0, 
  "iob": 0.33983235382666666, 
  "activity": 0.007275343915343912
}