{
  "bolusiob": 0, 
  "iob": -0.4826458927000491, 
  "activity": -0.00552022938271605
}