{
  "bolusiob": 0, 
  "iob": -0.2074394132485561, 
  "activity": 0.003513826666666668
}