{
  "bolusiob": 0, 
  "iob": 0.2503558131080598, 
  "activity": 0.0032777250617283945
}