{
  "bolusiob": 0, 
  "iob": -0.1429680405094445, 
  "activity": -2.8571428571458617e-06
}