{
  "bolusiob": 2.4944903000000003, 
  "iob": 2.4084911061925, 
  "activity": 0.008355784832451498
}