{
  "bolusiob": 0, 
  "iob": -0.05866457547078712, 
  "activity": -0.0045460224691358025
}