{
  "bolusiob": 0, 
  "iob": 0.8956018741856944, 
  "activity": 0.017336728395061715
}