{
  "bolusiob": 0, 
  "iob": 0.211634517446551, 
  "activity": 0.007177812945326278
}