{
  "bolusiob": 0, 
  "iob": 0.11679138259571266, 
  "activity": 0.0002235099647266314
}