{
  "bolusiob": 0.5887929962666669, 
  "iob": 1.568979027413065, 
  "activity": 0.018478447883597884
}