{
  "bolusiob": 0.939142688, 
  "iob": 1.3549598829277343, 
  "activity": 0.00792183458553792
}