{
  "bolusiob": 0.8469867522133339, 
  "iob": 3.1790651675816366, 
  "activity": 0.04122796305114637
}