{
  "bolusiob": 0, 
  "iob": -0.22497369467855557, 
  "activity": -0.001611446208112875
}