{
  "bolusiob": 0, 
  "iob": 0.7783416958480166, 
  "activity": 0.013325988342151672
}