{
  "bolusiob": 0, 
  "iob": 0.25331303536236116, 
  "activity": 0.0015443650793650794
}