{
  "bolusiob": 0, 
  "iob": 0.7046624000129125, 
  "activity": 0.02419026481481481
}