{
  "bolusiob": 0, 
  "iob": 0.5055999498414888, 
  "activity": 0.006655837865961197
}