{
  "bolusiob": 1.6266844486400005, 
  "iob": 3.7177500962766667, 
  "activity": 0.0424284656084656
}