{
  "bolusiob": 0, 
  "iob": -0.14285281391077778, 
  "activity": -0.0019882363315696645
}