{
  "bolusiob": 0, 
  "iob": 0.5622206245867799, 
  "activity": 0.003393475061728395
}