{
  "bolusiob": 0, 
  "iob": 0.775263429748111, 
  "activity": 0.01688017636684302
}