{
  "bolusiob": 0, 
  "iob": 0.25374532620589296, 
  "activity": 0.002629056684303351
}