{
  "bolusiob": 0, 
  "iob": 0.39726176630116605, 
  "activity": 0.004652469047619048
}