{
  "bolusiob": 0, 
  "iob": 0.38729997701037633, 
  "activity": 0.004584188818342151
}