{
  "bolusiob": 0, 
  "iob": 0.05647629966184928, 
  "activity": -0.0006492152557319227
}