{
  "bolusiob": 0, 
  "iob": 0.751884138361786, 
  "activity": 0.007799012821869487
}