{
  "bolusiob": 0, 
  "iob": -0.364852023118338, 
  "activity": -0.005815758112874778
}