{
  "bolusiob": 0.4888060111822222, 
  "iob": 0.5661333793218791, 
  "activity": 0.011855361446208109
}