{
  "bolusiob": 0, 
  "iob": 0.04636367556222225, 
  "activity": 0.0029281834215167542
}