{
  "bolusiob": 0.45972039902666667, 
  "iob": 1.3730654665837592, 
  "activity": 0.016236437125220455
}