{
  "bolusiob": 0, 
  "iob": 0.4386827569177378, 
  "activity": 0.007163456913580248
}