{
  "bolusiob": 0, 
  "iob": -0.14927008976, 
  "activity": -0.00011901234567901232
}