{
  "bolusiob": 0, 
  "iob": -0.0791559362133333, 
  "activity": 0.0024670899470899473
}