{
  "bolusiob": 0, 
  "iob": 0.0059404274031062965, 
  "activity": 0.003720370458553792
}