{
  "bolusiob": 0, 
  "iob": 0.5394381575010913, 
  "activity": 0.006778777795414462
}