{
  "bolusiob": 0, 
  "iob": -0.34052243114732694, 
  "activity": -0.0007092773544973546
}