{
  "bolusiob": 0, 
  "iob": 0.48618810863600564, 
  "activity": 0.00775395045855379
}