{
  "bolusiob": 0, 
  "iob": -0.10264537154411112, 
  "activity": -0.0022008853615520275
}