{
  "bolusiob": 0, 
  "iob": 0.0016238721933333256, 
  "activity": 0.0002511463844797177
}