{
  "bolusiob": 0, 
  "iob": -0.41751553802499997, 
  "activity": -0.0016964814814814815
}