{
  "bolusiob": 0, 
  "iob": 0.42866722655, 
  "activity": 0.010329100529100528
}