{
  "bolusiob": 0, 
  "iob": 0.3523491628370833, 
  "activity": 0.005598968253968254
}