{
  "bolusiob": 0.75224946944, 
  "iob": 1.9041758997495801, 
  "activity": 0.02483143322751322
}