{
  "bolusiob": 1.153890777848889, 
  "iob": 2.2021757097593113, 
  "activity": 0.01571068818342151
}