{
  "bolusiob": 0, 
  "iob": -0.3914397451644445, 
  "activity": -0.0057749206349206345
}