{
  "bolusiob": 0, 
  "iob": 0.7550352383849795, 
  "activity": 0.01709747821869488
}