{
  "bolusiob": 0.2392903333333334, 
  "iob": 0.823864995227778, 
  "activity": 0.00992574955908289
}