{
  "bolusiob": 0, 
  "iob": 1.0038540681807477, 
  "activity": 0.021090485202821863
}