{
  "bolusiob": 0, 
  "iob": 0.2806863408284722, 
  "activity": 0.001992283950617284
}