{
  "bolusiob": 0, 
  "iob": -0.149162433, 
  "activity": -0.00013333333333333334
}