{
  "bolusiob": 1.34598258108, 
  "iob": 2.808235690468889, 
  "activity": 0.03472338624338624
}