{
  "bolusiob": 0, 
  "iob": 0.4581640797900004, 
  "activity": 0.016034179894179892
}