{
  "bolusiob": 0, 
  "iob": 0.2511945089689067, 
  "activity": 0.0016317788712522045
}