{
  "bolusiob": 0, 
  "iob": 0.5969798664460279, 
  "activity": 0.00954650793650794
}