{
  "bolusiob": 0, 
  "iob": -0.20035384659968908, 
  "activity": 0.0010661374603174575
}