{
  "bolusiob": 0, 
  "iob": -0.029474933024444455, 
  "activity": -0.0010971075837742505
}