{
  "bolusiob": 0, 
  "iob": 0.9466477987235139, 
  "activity": 0.019332672275132266
}