{
  "bolusiob": 0, 
  "iob": 0.6085001735733336, 
  "activity": 0.018434215167548493
}