{
  "bolusiob": 0, 
  "iob": 0.38266380406666667, 
  "activity": 0.013266313932980597
}