{
  "bolusiob": 0, 
  "iob": -0.2945782105912649, 
  "activity": -0.007800176278659612
}