{
  "bolusiob": 2.09805496192, 
  "iob": 2.9995430437933335, 
  "activity": 0.018970370370370363
}