{
  "bolusiob": 0.060193131199999916, 
  "iob": 0.8344277461333333, 
  "activity": 0.016651851851851848
}