{
  "bolusiob": 0, 
  "iob": 0.2657949252222222, 
  "activity": 0.006771569664902996
}