{
  "bolusiob": 0, 
  "iob": 0.27990447823967113, 
  "activity": 0.006928200899470899
}