{
  "bolusiob": 0, 
  "iob": 0.21683920816404462, 
  "activity": 0.0035149912874779536
}