{
  "bolusiob": 0, 
  "iob": 0.16456873180600612, 
  "activity": 0.0021590299999999997
}