{
  "bolusiob": 0, 
  "iob": 0.10236204438499999, 
  "activity": 0.0026613403880070543
}