{
  "bolusiob": 0, 
  "iob": 0.6218500783348191, 
  "activity": 0.00330947164021164
}