{
  "bolusiob": 0, 
  "iob": 0.21199277192756952, 
  "activity": 0.0023182804232804236
}