{
  "bolusiob": 0.007915763786666653, 
  "iob": 0.5688400108833335, 
  "activity": 0.013797707231040564
}