{
  "bolusiob": 0, 
  "iob": -0.0853113200365278, 
  "activity": -0.0019164991181657846
}