{
  "bolusiob": 0, 
  "iob": -0.15012918372833334, 
  "activity": -0.0006823015873015871
}