{
  "bolusiob": 0.0939228090666667, 
  "iob": 0.2655716668820832, 
  "activity": 0.0027089156084656087
}