{
  "bolusiob": 0, 
  "iob": -0.16032766648875002, 
  "activity": -0.0048583333333333326
}