{
  "bolusiob": 1.6238755296000003, 
  "iob": 1.8411119453373785, 
  "activity": 0.008528315961199292
}