{
  "bolusiob": 0, 
  "iob": -0.05081070575388893, 
  "activity": -0.005431657848324515
}