{
  "bolusiob": 0.5399108340000001, 
  "iob": 0.9997654927315304, 
  "activity": 0.01161646014109347
}