{
  "bolusiob": 0, 
  "iob": 0.09979991719293255, 
  "activity": -0.003361657495590829
}