{
  "bolusiob": 0, 
  "iob": 0.15356244112611112, 
  "activity": 0.0022967372134038797
}