{
  "bolusiob": 0.08392546380000007, 
  "iob": 0.9318259704966666, 
  "activity": 0.019101234567901228
}