{
  "bolusiob": 0, 
  "iob": 0.1542894552520977, 
  "activity": 0.022611851728395055
}