{
  "bolusiob": 3.0382813719511113, 
  "iob": 4.495278269144237, 
  "activity": 0.034307786596119924
}