{
  "bolusiob": 0.2392950984533334, 
  "iob": 0.6380733677644445, 
  "activity": 0.0072868430335097
}