{
  "bolusiob": 0, 
  "iob": 0.6676074339631168, 
  "activity": 0.008244180634920634
}