{
  "bolusiob": 0.7908618204444445, 
  "iob": 0.42966911067114605, 
  "activity": -0.0011208645679012348
}