{
  "bolusiob": 0.4115863925333334, 
  "iob": 0.9385025510377778, 
  "activity": 0.012483932980599646
}