{
  "bolusiob": 0, 
  "iob": -0.0650676176109238, 
  "activity": -0.0017676279894179889
}