{
  "bolusiob": 0.006690225066666278, 
  "iob": 0.9119642429333332, 
  "activity": 0.020183421516754847
}