{
  "bolusiob": 0, 
  "iob": 0.5346597593677034, 
  "activity": 0.007830648800705468
}