{
  "bolusiob": 0, 
  "iob": 0.10525145392754481, 
  "activity": -0.0008396645502645505
}