{
  "bolusiob": 0, 
  "iob": 0.22790388046317603, 
  "activity": 0.0017291533509700176
}