{
  "bolusiob": 0.04872724053333344, 
  "iob": 1.2333732585857071, 
  "activity": 0.025061623033509697
}