{
  "bolusiob": 0, 
  "iob": 0.8887627297398041, 
  "activity": 0.013821093774250438
}