{
  "bolusiob": 0.005139418479999946, 
  "iob": -0.06435811364436768, 
  "activity": 0.01412902104056437
}