{
  "bolusiob": 0, 
  "iob": 1.4602710453379164, 
  "activity": 0.032960873015873006
}