{
  "bolusiob": 0, 
  "iob": 0.24400860713111117, 
  "activity": 0.002038042328042327
}