{
  "bolusiob": 1.9238970733866667, 
  "iob": 1.7072057957582445, 
  "activity": 0.003674338500881833
}