{
  "bolusiob": 0, 
  "iob": 0.2542452041066667, 
  "activity": 0.0018725925925925924
}