{
  "bolusiob": 2.78540916096, 
  "iob": 4.77998726342111, 
  "activity": 0.03253622574955907
}