{
  "bolusiob": 0, 
  "iob": 0.4331555952114444, 
  "activity": 0.00758700176366843
}