{
  "bolusiob": 0, 
  "iob": 0.8053653221713493, 
  "activity": 0.006125420158730159
}