{
  "bolusiob": 0, 
  "iob": 0.49011160618107175, 
  "activity": 0.012103280793650783
}