{
  "bolusiob": 0.7360924022044445, 
  "iob": 0.4364840134823106, 
  "activity": -0.0005203707407407411
}