{
  "bolusiob": 0, 
  "iob": 0.25061375135470854, 
  "activity": 0.005530901287477952
}