{
  "bolusiob": 0, 
  "iob": 0.8735110954260487, 
  "activity": 0.009835444938271603
}