{
  "bolusiob": 0, 
  "iob": 0.4329884182530177, 
  "activity": 0.007195632469135802
}