{
  "bolusiob": 1.6635702198044446, 
  "iob": 2.431509490162111, 
  "activity": 0.011763915343915342
}