{
  "bolusiob": 0, 
  "iob": 0.3131541186105445, 
  "activity": 0.006057699576719576
}