{
  "bolusiob": 0.0015956371199997823, 
  "iob": 0.5822599379164004, 
  "activity": 0.022208156966490297
}