{
  "bolusiob": 0.4229866377777778, 
  "iob": 0.9551827294444446, 
  "activity": 0.010079153439153436
}