{
  "bolusiob": 0, 
  "iob": 0.6625743592625785, 
  "activity": 0.008423885308641972
}