{
  "bolusiob": 0, 
  "iob": 0.36815754722700006, 
  "activity": 0.007535661375661376
}