{
  "bolusiob": 0.367537793, 
  "iob": 1.9466505841699602, 
  "activity": 0.02961172813051146
}