{
  "bolusiob": 0, 
  "iob": 0.7170881196014003, 
  "activity": 0.0070227564726631385
}