{
  "bolusiob": 0, 
  "iob": -0.2842858408590889, 
  "activity": -0.0021701588536155196
}