{
  "bolusiob": 0, 
  "iob": 0.3166217727566668, 
  "activity": 0.011772663139329804
}