{
  "bolusiob": 0.34725906893333336, 
  "iob": 1.2168710901342743, 
  "activity": 0.014175978941798938
}