{
  "bolusiob": 0.2794557067466666, 
  "iob": 1.903190871561422, 
  "activity": 0.02704589075837742
}