{
  "bolusiob": 0, 
  "iob": 0.4816152304371367, 
  "activity": 0.005034144603174602
}