{
  "bolusiob": 0, 
  "iob": -0.06554989175662224, 
  "activity": 0.008059276895943561
}