{
  "bolusiob": 0, 
  "iob": 0.09179758589481805, 
  "activity": 0.002388535890652557
}