{
  "bolusiob": 0, 
  "iob": 0.3465632297006877, 
  "activity": 0.0027184390652557323
}