{
  "bolusiob": 1.1972977635200002, 
  "iob": 2.2489381964052773, 
  "activity": 0.01566845679012345
}