{
  "bolusiob": 0, 
  "iob": -0.01526257550762306, 
  "activity": 0.0015787828042328042
}