{
  "bolusiob": 0, 
  "iob": 0.06424651728555557, 
  "activity": -0.0046816931216931215
}