{
  "bolusiob": 0, 
  "iob": 0.4668107896054123, 
  "activity": 0.007789752927689593
}