{
  "bolusiob": 0, 
  "iob": -0.3285063721919943, 
  "activity": -0.004394118095238094
}