{
  "bolusiob": 0, 
  "iob": 0.6055248034742057, 
  "activity": 0.007900215485008816
}