{
  "bolusiob": 0.7208380461511111, 
  "iob": 0.43707126484755043, 
  "activity": -0.0004107411111111117
}