{
  "bolusiob": 1.6935767042844445, 
  "iob": 1.5595203112679286, 
  "activity": 0.00043254825396825424
}