{
  "bolusiob": 0, 
  "iob": 0.37864536701055557, 
  "activity": 0.007099894179894178
}