{
  "bolusiob": 0, 
  "iob": 0.493008569262909, 
  "activity": 0.005117848306878302
}