{
  "bolusiob": 0.4936434241733335, 
  "iob": 1.6598305740664445, 
  "activity": 0.02043181657848324
}