{
  "bolusiob": 0, 
  "iob": -0.14740902501763892, 
  "activity": -0.0014524779541446205
}