{
  "bolusiob": 0, 
  "iob": 0.4089649961, 
  "activity": 0.010867195767195765
}