{
  "bolusiob": 0, 
  "iob": 0.16706690373570143, 
  "activity": -0.0006586769841269834
}