{
  "bolusiob": 0, 
  "iob": 0.6898670355508263, 
  "activity": 0.007833165996472661
}