{
  "bolusiob": 0, 
  "iob": 0.20215767418277783, 
  "activity": 0.0020928218694885358
}