{
  "bolusiob": 0, 
  "iob": 0.6939590307117428, 
  "activity": 0.007587244991181655
}