{
  "bolusiob": 0, 
  "iob": 0.05773066343228246, 
  "activity": -0.0025497402998236325
}