{
  "bolusiob": 0, 
  "iob": 0.19582306003305558, 
  "activity": 0.00041314814814814816
}