{
  "bolusiob": 0, 
  "iob": 0.8729969004941937, 
  "activity": 0.008824175467372136
}