{
  "bolusiob": 0, 
  "iob": 0.8061141834270907, 
  "activity": 0.0060529838800705464
}