{
  "bolusiob": 0, 
  "iob": -0.2698457802363021, 
  "activity": -0.0018448502116402109
}