{
  "bolusiob": 0, 
  "iob": -0.20149018324375, 
  "activity": -0.0011998059964726633
}