{
  "bolusiob": 0, 
  "iob": 0.6679608028022272, 
  "activity": 0.012519894550264548
}