{
  "bolusiob": 0.22614058880000001, 
  "iob": 1.1281156454516668, 
  "activity": 0.01813839506172839
}