{
  "bolusiob": 0, 
  "iob": 0.505432793503788, 
  "activity": 0.007693862380952378
}