{
  "bolusiob": 0, 
  "iob": 0.10242738641537785, 
  "activity": 0.002494671164021164
}