{
  "bolusiob": 0, 
  "iob": 0.7127452431794365, 
  "activity": 0.007411005396825397
}