{
  "bolusiob": 0, 
  "iob": 0.2064693203977778, 
  "activity": 0.002074850088183421
}