{
  "bolusiob": 0, 
  "iob": 0.3741531310646963, 
  "activity": 0.005059614303350969
}