{
  "bolusiob": 0, 
  "iob": -0.0730461550455066, 
  "activity": -0.0008811112345679011
}