{
  "bolusiob": 0, 
  "iob": 0.04938102044444445, 
  "activity": 7.901234567901233e-05
}