{
  "bolusiob": 0, 
  "iob": 0.11705414017236108, 
  "activity": 0.00048226631393298016
}