{
  "bolusiob": 0, 
  "iob": 0.7414912362941506, 
  "activity": 0.01614629661375661
}