{
  "bolusiob": 2.0984090275555554, 
  "iob": 2.1449535399362496, 
  "activity": 0.003783730158730156
}