{
  "bolusiob": 0, 
  "iob": -0.190213475385, 
  "activity": -0.001270035273368606
}