{
  "bolusiob": 0, 
  "iob": 0.2943900047794442, 
  "activity": 0.0035702645502645467
}