{
  "bolusiob": 0.75277098752, 
  "iob": 2.0643584701352773, 
  "activity": 0.019365493827160487
}