{
  "bolusiob": 0, 
  "iob": 0.2347495541971702, 
  "activity": 0.0013817458906525571
}