{
  "bolusiob": 0, 
  "iob": 0.1980440504001571, 
  "activity": 0.00024409197530864192
}