{
  "bolusiob": 0, 
  "iob": 0.6062430750265465, 
  "activity": 0.005573668677248676
}