{
  "bolusiob": 0, 
  "iob": 0.11965562068277762, 
  "activity": 0.011759303350970014
}