{
  "bolusiob": 0, 
  "iob": 0.5851995699004999, 
  "activity": 0.002600820828924162
}