{
  "bolusiob": 0, 
  "iob": -0.21286391659243137, 
  "activity": 0.0007810055555555531
}