{
  "bolusiob": 0.7611262181511111, 
  "iob": 1.9673261678844445, 
  "activity": 0.02277760141093474
}