{
  "bolusiob": 0.21914924976000005, 
  "iob": 1.2782326887401674, 
  "activity": 0.019159997442680772
}