{
  "bolusiob": 0, 
  "iob": -0.0006601221104166541, 
  "activity": 0.004065670194003529
}