{
  "bolusiob": 3.3964031382799997, 
  "iob": 4.9662009791649995, 
  "activity": 0.02762684303350969
}