{
  "bolusiob": 0, 
  "iob": 0.15702491210742653, 
  "activity": 0.0020624777777777776
}