{
  "bolusiob": 2.8053949095644444, 
  "iob": 3.1351149646588197, 
  "activity": 0.010196687583774247
}