{
  "bolusiob": 0.07393934498666667, 
  "iob": 1.0599336029933333, 
  "activity": 0.022561904761904755
}