{
  "bolusiob": 0, 
  "iob": 0.010846221000000078, 
  "activity": 0.0019999999999999983
}