{
  "bolusiob": 0, 
  "iob": 0.9291118794605555, 
  "activity": 0.03096589065255731
}