{
  "bolusiob": 0, 
  "iob": 0.2790984834787765, 
  "activity": 0.002933474338624339
}