{
  "bolusiob": 0, 
  "iob": 0.8334262611274194, 
  "activity": 0.015137540246913576
}