{
  "bolusiob": 0.44967780906666666, 
  "iob": 2.630789099944587, 
  "activity": 0.0546045451499118
}