{
  "bolusiob": 1.0285988348533335, 
  "iob": 2.018188738628111, 
  "activity": 0.018302345679012347
}