{
  "bolusiob": 0, 
  "iob": 0.27960585079153405, 
  "activity": 0.002664506419753086
}