{
  "bolusiob": 0, 
  "iob": -0.06480553881239937, 
  "activity": 0.0014259167901234568
}