{
  "bolusiob": 0.2631524104533334, 
  "iob": 0.6522056579511112, 
  "activity": 0.0071018694885361545
}