{
  "bolusiob": 0, 
  "iob": -0.6324339724308716, 
  "activity": -0.0008352027336860674
}