{
  "bolusiob": 0, 
  "iob": -0.4323446983511944, 
  "activity": -0.005491543333333333
}