{
  "bolusiob": 0, 
  "iob": 0.30873653686635383, 
  "activity": 0.003240158518518517
}