{
  "bolusiob": 0, 
  "iob": 0.2065933104220291, 
  "activity": 0.004649651587301585
}