{
  "bolusiob": 0, 
  "iob": -0.11056685977375, 
  "activity": -0.0015489682539682535
}