{
  "bolusiob": 0, 
  "iob": -0.1480134781920205, 
  "activity": 0.0009060177248677247
}