{
  "bolusiob": 0, 
  "iob": 0.23582712008108486, 
  "activity": 0.0018118076719576726
}