{
  "bolusiob": 6.588333228817778, 
  "iob": 7.647973468982221, 
  "activity": 0.026906419753086417
}