{
  "bolusiob": 0.2926756069600002, 
  "iob": 1.2630999517250003, 
  "activity": 0.02804862433862433
}