{
  "bolusiob": 0.82842894336, 
  "iob": 1.0458898321283334, 
  "activity": 0.0036744797178130508
}