{
  "bolusiob": 0, 
  "iob": 0.41118070525888895, 
  "activity": 0.007279294532627864
}