{
  "bolusiob": 0, 
  "iob": 0.1968032409204167, 
  "activity": 0.004293721340388006
}