{
  "bolusiob": 0, 
  "iob": 0.6477250311366494, 
  "activity": 0.008221519576719577
}