{
  "bolusiob": 0, 
  "iob": 0.20188728974401693, 
  "activity": 0.0010254938800705472
}