{
  "bolusiob": 1.18730120704, 
  "iob": 1.6465621209794445, 
  "activity": 0.006337857142857142
}