{
  "bolusiob": 0, 
  "iob": 0.34188366678611115, 
  "activity": 0.0031590652557319226
}