{
  "bolusiob": 0, 
  "iob": -0.30151947528749484, 
  "activity": -0.0030316665784832454
}