{
  "bolusiob": 0, 
  "iob": 0.03701306503194443, 
  "activity": 0.0015131746031746027
}