{
  "bolusiob": 0, 
  "iob": 0.12752222520157763, 
  "activity": 0.0022750527336860664
}