{
  "bolusiob": 0.9500574307955557, 
  "iob": 2.015954650427556, 
  "activity": 0.017428324514991173
}