{
  "bolusiob": 0.5982718442533335, 
  "iob": 2.950842197224235, 
  "activity": 0.04463907416225749
}