{
  "bolusiob": 0, 
  "iob": 0.1432265962210447, 
  "activity": 0.002781251940035273
}