{
  "bolusiob": 0, 
  "iob": 0.04189418655395555, 
  "activity": 0.0012637301587301586
}