{
  "bolusiob": 0, 
  "iob": 0.7925162689592223, 
  "activity": 0.019732310405643733
}