{
  "bolusiob": 0, 
  "iob": 0.368093921862933, 
  "activity": 0.00406836860670194
}