{
  "bolusiob": 0, 
  "iob": -0.14662218744235264, 
  "activity": -0.005063633068783069
}