{
  "bolusiob": 0, 
  "iob": 0.6351507392665835, 
  "activity": 0.00812989492063492
}