{
  "bolusiob": 0.3453962811733333, 
  "iob": 1.4574521535242224, 
  "activity": 0.02396821869488536
}