{
  "bolusiob": 0, 
  "iob": 0.20271188934291054, 
  "activity": 0.00022910084656084704
}