{
  "bolusiob": 0.03198780928000002, 
  "iob": 0.1245274073313121, 
  "activity": 0.017580290881834205
}