{
  "bolusiob": 0, 
  "iob": 0.07860322785666667, 
  "activity": 0.0024149911816578485
}