{
  "bolusiob": 0, 
  "iob": 0.5847433225223495, 
  "activity": 0.005150132557319224
}