{
  "bolusiob": 0, 
  "iob": -0.2622760854327778, 
  "activity": -0.002577142857142857
}