{
  "bolusiob": 0, 
  "iob": 0.6233316055252915, 
  "activity": 0.00771901225749559
}