{
  "bolusiob": 0.6938354702, 
  "iob": 1.4795851177986667, 
  "activity": 0.016604585537918867
}