{
  "bolusiob": 0, 
  "iob": 0.5225921831844444, 
  "activity": 0.0074577425044091705
}