{
  "bolusiob": 2.645805, 
  "iob": 3.4091242664038344, 
  "activity": 0.015689391657848318
}