{
  "bolusiob": 0, 
  "iob": 0.011817662087953498, 
  "activity": -0.0041348407407407394
}