{
  "bolusiob": 0, 
  "iob": 0.42834093893055575, 
  "activity": 0.02042494708994709
}