{
  "bolusiob": 0.27239347381333323, 
  "iob": 1.8733156378016664, 
  "activity": 0.03676067019400352
}