{
  "bolusiob": 3.5313155351288894, 
  "iob": 3.5636065752170265, 
  "activity": 0.005932306613756613
}