{
  "bolusiob": 0, 
  "iob": 0.28665539045000005, 
  "activity": 0.009550793650793652
}