{
  "bolusiob": 0.34967814165333344, 
  "iob": 1.9816444247705551, 
  "activity": 0.03134092592592592
}