{
  "bolusiob": 0, 
  "iob": -0.38472683239224137, 
  "activity": -0.00595119021164021
}