{
  "bolusiob": 0, 
  "iob": -0.126898070620142, 
  "activity": 0.0011379009700176362
}