{
  "bolusiob": 0, 
  "iob": 0.26516472731111135, 
  "activity": 0.00819649029982363
}