{
  "bolusiob": 0.6519312364000001, 
  "iob": 2.0919087286, 
  "activity": 0.02730652557319223
}