{
  "bolusiob": 0, 
  "iob": 0.61049519345162, 
  "activity": 0.008699188730158729
}