{
  "bolusiob": 4.862729101511111, 
  "iob": 5.228007369095556, 
  "activity": 0.01771074074074074
}