{
  "bolusiob": 0, 
  "iob": 0.5199952815443057, 
  "activity": 0.004353642081128747
}