{
  "bolusiob": 0, 
  "iob": 9.670666666666828e-06, 
  "activity": 2.8218694885361485e-05
}