{
  "bolusiob": 0, 
  "iob": 0.42059980704591826, 
  "activity": 0.004684320899470898
}