{
  "bolusiob": 2.0960936875200002, 
  "iob": 2.5473016764748615, 
  "activity": 0.0041472574955908285
}