{
  "bolusiob": 0, 
  "iob": 0.7198817131869768, 
  "activity": 0.008125673897707228
}