{
  "bolusiob": 0, 
  "iob": 0.04226085728000001, 
  "activity": 0.003657142857142856
}