{
  "bolusiob": 1.1456266528800003, 
  "iob": 3.050698445416419, 
  "activity": 0.035821813668430326
}