{
  "bolusiob": 0.6210409614222223, 
  "iob": 1.113694040888889, 
  "activity": 0.012128395061728393
}