{
  "bolusiob": 0.385633378, 
  "iob": 2.436510154116667, 
  "activity": 0.04522703703703704
}