{
  "bolusiob": 0, 
  "iob": -0.6855104817055832, 
  "activity": 9.250449735449824e-05
}