{
  "bolusiob": 1.9846949073777778, 
  "iob": 2.2797882415577777, 
  "activity": 0.007650864197530864
}