{
  "bolusiob": 0, 
  "iob": 0.6485798732748547, 
  "activity": 0.010866525679012343
}