{
  "bolusiob": 0.6022902008933333, 
  "iob": 1.5068754401566589, 
  "activity": 0.015162116137566135
}