{
  "bolusiob": 0.9117597574399999, 
  "iob": 0.9980295893888887, 
  "activity": 0.0035439329805996437
}