{
  "bolusiob": 0, 
  "iob": 0.11755481532455238, 
  "activity": 0.005266203615520281
}