{
  "bolusiob": 0, 
  "iob": 0.6582489116050001, 
  "activity": 0.019185246913580246
}