{
  "bolusiob": 0, 
  "iob": -0.2917633312242752, 
  "activity": 0.0009226718694885359
}