{
  "bolusiob": 0.13515369500000007, 
  "iob": 1.7370126507328836, 
  "activity": 0.03629008791887123
}