{
  "bolusiob": 0, 
  "iob": 0.6734090919860515, 
  "activity": 0.023841463580246906
}