{
  "bolusiob": 0, 
  "iob": 0.7420204437622173, 
  "activity": 0.005341226754850089
}