{
  "bolusiob": 0, 
  "iob": -0.6344169863508888, 
  "activity": -0.001773298059964727
}