{
  "bolusiob": 0, 
  "iob": 0.45356544843682284, 
  "activity": 0.0022057322927689594
}