{
  "bolusiob": 1.6614127683733333, 
  "iob": 2.889166618092222, 
  "activity": 0.02205097001763668
}