{
  "bolusiob": 0, 
  "iob": -0.08498003828207805, 
  "activity": -0.0030382713403880072
}