{
  "bolusiob": 0, 
  "iob": 0.5146140950277779, 
  "activity": 0.008520511463844794
}