{
  "bolusiob": 0, 
  "iob": -0.2557132497835003, 
  "activity": -0.005058544708994707
}