{
  "bolusiob": 0.5847134494933335, 
  "iob": 1.17224884618, 
  "activity": 0.009318395061728393
}