{
  "bolusiob": 0, 
  "iob": 0.2867005794555556, 
  "activity": 0.0023361728395061726
}