{
  "bolusiob": 0, 
  "iob": 0.7358521439050001, 
  "activity": 0.008430582010582012
}