{
  "bolusiob": 0, 
  "iob": 0.43192899140558483, 
  "activity": 0.003570282363315697
}