{
  "bolusiob": 0, 
  "iob": -0.5709307228779352, 
  "activity": -0.006775696472663136
}