{
  "bolusiob": 0, 
  "iob": 0.44140886147613745, 
  "activity": 0.004628479065255732
}