{
  "bolusiob": 0, 
  "iob": 0.13998794152415706, 
  "activity": 0.00131969126984127
}