{
  "bolusiob": 0, 
  "iob": -0.5399352667603728, 
  "activity": -0.006999849982363315
}