{
  "bolusiob": 0, 
  "iob": 0.224157353418276, 
  "activity": 0.0016386507054673718
}