{
  "bolusiob": 0, 
  "iob": 0.5796610709323383, 
  "activity": 0.0074589441446208105
}