{
  "bolusiob": 0, 
  "iob": 0.6049796978048343, 
  "activity": 0.007269920758377424
}