{
  "bolusiob": 0, 
  "iob": 0.3594192294106673, 
  "activity": 0.0031232455202821864
}