{
  "bolusiob": 1.3752587634444446, 
  "iob": 2.507251830151111, 
  "activity": 0.03159581128747795
}