{
  "bolusiob": 0.0017593693866666095, 
  "iob": 0.5034619655033334, 
  "activity": 0.012942680776014105
}