{
  "bolusiob": 0, 
  "iob": 0.8938789370320002, 
  "activity": 0.019552892416225747
}