{
  "bolusiob": 0, 
  "iob": 0.20097217389154387, 
  "activity": -0.001984250299823633
}