{
  "bolusiob": 0.2958938610666668, 
  "iob": 1.4471295745000001, 
  "activity": 0.019891516754850083
}