{
  "bolusiob": 0, 
  "iob": 0.5970464793317716, 
  "activity": 0.01015522234567901
}