{
  "bolusiob": 0, 
  "iob": 0.3052954385437133, 
  "activity": 0.007582027336860668
}