{
  "bolusiob": 0, 
  "iob": -0.14678780241225595, 
  "activity": 0.0001259407231040564
}