{
  "bolusiob": 0, 
  "iob": 0.717011072017237, 
  "activity": 0.008415133015873016
}