{
  "bolusiob": 0, 
  "iob": 0.4589546580083333, 
  "activity": 0.014847178130511462
}