{
  "bolusiob": 0, 
  "iob": 0.3632134171687985, 
  "activity": 0.005099523509700176
}