{
  "bolusiob": 0.8418038267733334, 
  "iob": 2.245420758032222, 
  "activity": 0.03373837742504408
}