{
  "bolusiob": 0, 
  "iob": 0.34599497835333337, 
  "activity": 0.0011422663139329806
}