{
  "bolusiob": 0, 
  "iob": 0.38772698050444443, 
  "activity": 0.0016481216931216929
}