{
  "bolusiob": 2.9768870400000003, 
  "iob": 3.608636822091635, 
  "activity": 0.009083624462081129
}