{
  "bolusiob": 0, 
  "iob": 0.4674018447911782, 
  "activity": 0.005611952927689593
}