{
  "bolusiob": 0, 
  "iob": 0.1662678602877674, 
  "activity": 0.0016214992063492044
}