{
  "bolusiob": 0.0007204898800000192, 
  "iob": 0.7219922015758489, 
  "activity": 0.018653685961199293
}