{
  "bolusiob": 0.042718339720000074, 
  "iob": 0.7611403182183333, 
  "activity": 0.020110167548500882
}