{
  "bolusiob": 1.80171188756, 
  "iob": 1.97009343199626, 
  "activity": 0.005553589329805995
}