{
  "bolusiob": 0, 
  "iob": 0.2619390000000001, 
  "activity": 0.009523809523809521
}