{
  "bolusiob": 0.025111411200000044, 
  "iob": 0.5567907038705557, 
  "activity": 0.010304462081128746
}