{
  "bolusiob": 1.6759576177777777, 
  "iob": 2.1267474179622226, 
  "activity": 0.01575589065255732
}