{
  "bolusiob": 1.09770766976, 
  "iob": 1.3817133091066667, 
  "activity": 0.0048335802469135795
}