{
  "bolusiob": 0, 
  "iob": 0.2433569739283863, 
  "activity": 0.0026116316402116395
}