{
  "bolusiob": 0, 
  "iob": -0.2931376121807955, 
  "activity": -0.0020491711992945325
}