{
  "bolusiob": 0, 
  "iob": 0.811683806915889, 
  "activity": 0.01778102292768959
}