{
  "bolusiob": 0, 
  "iob": 0.27892674331499984, 
  "activity": 0.0025095238095238096
}