{
  "bolusiob": 0, 
  "iob": -0.34613580598329285, 
  "activity": -0.0017705111111111105
}