{
  "bolusiob": 1.3588290244266668, 
  "iob": 1.7385800929121422, 
  "activity": 0.010793474691358024
}