{
  "bolusiob": 0, 
  "iob": 0.13488789460143988, 
  "activity": 0.006288959329805995
}