{
  "bolusiob": 0, 
  "iob": 0.5422883644083094, 
  "activity": 0.01232409227513227
}