{
  "bolusiob": 0, 
  "iob": 0.5188001091866719, 
  "activity": 0.009224363686067015
}