{
  "bolusiob": 0, 
  "iob": 0.280213071648, 
  "activity": 0.006083879911816577
}