{
  "bolusiob": 0.47202880967111116, 
  "iob": 2.0129115731728087, 
  "activity": 0.04784028206349206
}