{
  "bolusiob": 0.39579314559999995, 
  "iob": -0.032991131940555626, 
  "activity": -0.000520061728395062
}