{
  "bolusiob": 0, 
  "iob": 0.6162174896515834, 
  "activity": 0.009662698412698408
}