{
  "bolusiob": 0, 
  "iob": 0.01623630416666667, 
  "activity": 0.0008641975308641975
}