{
  "bolusiob": 0, 
  "iob": -0.1904536491801766, 
  "activity": -0.00046000894179894203
}