{
  "bolusiob": 0.35111912, 
  "iob": 1.882869996463889, 
  "activity": 0.04389552028218695
}