{
  "bolusiob": 0, 
  "iob": 0.4864183315687163, 
  "activity": 0.005240864567901234
}