{
  "bolusiob": 0, 
  "iob": 0.684102846326302, 
  "activity": 0.008991217619047611
}