{
  "bolusiob": 1.7079216561777777, 
  "iob": 1.9974865788268055, 
  "activity": 0.0035571164021163983
}