{
  "bolusiob": 0, 
  "iob": 0.5668603681333335, 
  "activity": 0.010907231040564371
}