{
  "bolusiob": 0, 
  "iob": -0.28628672521555554, 
  "activity": -0.0024079453262786585
}