{
  "bolusiob": 0, 
  "iob": -0.13822710609242042, 
  "activity": -0.004877583686067019
}