{
  "bolusiob": 0, 
  "iob": 0.5372848251094445, 
  "activity": 0.010185264550264538
}