{
  "bolusiob": 0, 
  "iob": 0.3268542908107961, 
  "activity": 0.00652525045855379
}