{
  "bolusiob": 0, 
  "iob": 0.2171006977188889, 
  "activity": 0.0023975044091710754
}