{
  "bolusiob": 1.1255967167999998, 
  "iob": 2.133050150753418, 
  "activity": 0.022901675855379177
}