{
  "bolusiob": 0, 
  "iob": 0.2899752291345741, 
  "activity": 0.002703130758377425
}