{
  "bolusiob": 0.0378244533333334, 
  "iob": 0.5354659609022223, 
  "activity": 0.012289735449735448
}