{
  "bolusiob": 0, 
  "iob": -0.12315244587430554, 
  "activity": -0.0009705114638447973
}