{
  "bolusiob": 0, 
  "iob": 0.31349785452084145, 
  "activity": 0.005160843738977071
}