{
  "bolusiob": 0, 
  "iob": 0.19496394813379436, 
  "activity": 0.0061529893298059935
}