{
  "bolusiob": 0.18614090698666663, 
  "iob": 1.7205232033011117, 
  "activity": 0.034127839506172826
}