{
  "bolusiob": 0, 
  "iob": -0.3446357404540642, 
  "activity": 0.0064579490299823536
}