{
  "bolusiob": 0, 
  "iob": 0.40241056638674433, 
  "activity": 0.0038399910934744266
}