{
  "bolusiob": 0, 
  "iob": -0.1601475979964584, 
  "activity": -0.001591031746031746
}