{
  "bolusiob": 0, 
  "iob": -0.17227176616949486, 
  "activity": -0.002875052821869488
}