{
  "bolusiob": 0, 
  "iob": 0.31225093607777776, 
  "activity": 0.0017225925925925928
}