{
  "bolusiob": 0, 
  "iob": 0.09844693646444445, 
  "activity": 0.0001645679012345679
}