{
  "bolusiob": 2.156161770844445, 
  "iob": 5.034466823107872, 
  "activity": 0.062293597619047604
}