{
  "bolusiob": 0, 
  "iob": 0.6276767704951617, 
  "activity": 0.007928245061728394
}