{
  "bolusiob": 0, 
  "iob": 0.1390680868434577, 
  "activity": 0.0030024627513227506
}