{
  "bolusiob": 0, 
  "iob": 0.09904075185811112, 
  "activity": -0.001897469135802468
}