{
  "bolusiob": 0, 
  "iob": 0.2183410099790278, 
  "activity": 0.0009121604938271603
}