{
  "bolusiob": 0, 
  "iob": 0.059155153493333355, 
  "activity": 0.0031506172839506166
}