{
  "bolusiob": 0, 
  "iob": 0.8899954870977779, 
  "activity": 0.020402857142857143
}