{
  "bolusiob": 0, 
  "iob": 0.7800807321306118, 
  "activity": 0.00830551566137566
}