{
  "bolusiob": 0, 
  "iob": 0.22707113602166668, 
  "activity": 0.0032242857142857143
}