{
  "bolusiob": 1.676919569351111, 
  "iob": 2.253050713970889, 
  "activity": 0.010675008818342149
}