{
  "bolusiob": 0, 
  "iob": 0.01186762897981821, 
  "activity": -0.0018065341093474428
}