{
  "bolusiob": 0, 
  "iob": 0.5756335943161112, 
  "activity": 0.00663847442680776
}