{
  "bolusiob": 0, 
  "iob": 0.5029627671912895, 
  "activity": 0.010161802839506167
}