{
  "bolusiob": 0, 
  "iob": 0.5436887061236415, 
  "activity": 0.004705194232804231
}