{
  "bolusiob": 0.8871425004, 
  "iob": 2.3569324476, 
  "activity": 0.02282222222222222
}