{
  "bolusiob": 0.7435991027111113, 
  "iob": 2.90939716326932, 
  "activity": 0.05581929440917107
}