{
  "bolusiob": 0, 
  "iob": 0.942185743050889, 
  "activity": 0.02234881834215167
}