{
  "bolusiob": 0, 
  "iob": 0.12487287134394537, 
  "activity": 0.0019037036507936508
}