{
  "bolusiob": 0, 
  "iob": 0.8908149221842055, 
  "activity": 0.010009894497354494
}