{
  "bolusiob": 0, 
  "iob": 0.42340698231041674, 
  "activity": 0.005631119929453261
}