{
  "bolusiob": 0, 
  "iob": 0.03437922814958336, 
  "activity": 0.003770908289241623
}