{
  "bolusiob": 0, 
  "iob": -0.44986524332305033, 
  "activity": -0.005427830934744267
}