{
  "bolusiob": 0, 
  "iob": 0.3204718547327594, 
  "activity": 0.005168548589065255
}