{
  "bolusiob": 0, 
  "iob": -0.49539370906927266, 
  "activity": -0.005468166031746031
}