{
  "bolusiob": 0, 
  "iob": 0.7478411425423699, 
  "activity": 0.008636115026455025
}