{
  "bolusiob": 2.9932963532800003, 
  "iob": 3.3749364895866667, 
  "activity": 0.014434744268077596
}