{
  "bolusiob": 0, 
  "iob": 0.20683597305828955, 
  "activity": 0.004639752663139329
}