{
  "bolusiob": 3.1611584483333335, 
  "iob": 4.1365317551239675, 
  "activity": 0.024134232275132273
}