{
  "bolusiob": 0, 
  "iob": 0.3544623806083333, 
  "activity": 0.013117548500881829
}