{
  "bolusiob": 0, 
  "iob": 0.03766547378607344, 
  "activity": 0.003232010211640211
}