{
  "bolusiob": 0, 
  "iob": 0.32381792753084, 
  "activity": 0.002402345802469136
}