{
  "bolusiob": 1.1162122024666667, 
  "iob": 1.5254523699905485, 
  "activity": 0.00754065264550264
}