{
  "bolusiob": 0, 
  "iob": -0.28585352714222223, 
  "activity": -0.005239435626102292
}