{
  "bolusiob": 0, 
  "iob": 0.06883704157694934, 
  "activity": 0.0023220414814814805
}