{
  "bolusiob": 0, 
  "iob": 1.2142709045485691, 
  "activity": 0.031429312275132265
}