{
  "bolusiob": 0, 
  "iob": 0.12952519920053118, 
  "activity": 0.005522327477954144
}