{
  "bolusiob": 0.7452491537066668, 
  "iob": 1.7659232542222898, 
  "activity": 0.020428818641975308
}