{
  "bolusiob": 0, 
  "iob": 0.7008438045291335, 
  "activity": 0.010541163721340388
}