{
  "bolusiob": 0, 
  "iob": 0.5649944637412355, 
  "activity": 0.004139083015873016
}