{
  "bolusiob": 0, 
  "iob": -0.07053746618522043, 
  "activity": -0.004472874691358023
}