{
  "bolusiob": 0, 
  "iob": -0.29649936718612774, 
  "activity": -0.004817213527336859
}