{
  "bolusiob": 0, 
  "iob": 0.457961470261136, 
  "activity": 0.004516710670194002
}