{
  "bolusiob": 0, 
  "iob": -0.13958958539847996, 
  "activity": 0.0006318781834215171
}