{
  "bolusiob": 0, 
  "iob": 0.5220058318416134, 
  "activity": 0.005136714708994709
}