{
  "bolusiob": 0, 
  "iob": 0.19300575956416668, 
  "activity": 0.0005617901234567901
}