{
  "bolusiob": 2.0069304953155553, 
  "iob": 2.7067979718813113, 
  "activity": 0.017364867636684298
}