{
  "bolusiob": 0, 
  "iob": 0.48761060947636886, 
  "activity": 0.006754814938271603
}