{
  "bolusiob": 0, 
  "iob": 0.4514841218160909, 
  "activity": 0.003969127089947089
}