{
  "bolusiob": 0, 
  "iob": 0.6232585815583334, 
  "activity": 0.01688604056437389
}