{
  "bolusiob": 1.1897106261155554, 
  "iob": 1.5472717797928126, 
  "activity": 0.006201331499118165
}