{
  "bolusiob": 0, 
  "iob": -0.24791241711166667, 
  "activity": -0.0002769753086419753
}