{
  "bolusiob": 0.07829494133333337, 
  "iob": 1.3507038594044447, 
  "activity": 0.025341781305114632
}