{
  "bolusiob": 0, 
  "iob": -0.2794546202579155, 
  "activity": -0.002226596243386243
}