{
  "bolusiob": 0, 
  "iob": 0.14420763057944447, 
  "activity": 0.0023513051146384478
}