{
  "bolusiob": 0, 
  "iob": 0.066416859815, 
  "activity": 0.0020955026455026443
}