{
  "bolusiob": 0, 
  "iob": 0.4551200045865277, 
  "activity": 0.005520608465608466
}