{
  "bolusiob": 0, 
  "iob": 0.1898932889510743, 
  "activity": 0.0013829746384479715
}