{
  "bolusiob": 0, 
  "iob": -0.28851852683444357, 
  "activity": 0.009162897266313929
}