{
  "bolusiob": 0, 
  "iob": 0.38497169254934727, 
  "activity": 0.005115397195767195
}