{
  "bolusiob": 0.005057233066666722, 
  "iob": 0.49147320945754325, 
  "activity": 0.02119589038800705
}