{
  "bolusiob": 0, 
  "iob": 0.8875465769847947, 
  "activity": 0.018086570017636673
}