{
  "bolusiob": 0, 
  "iob": 0.23350582145104487, 
  "activity": 0.003828330687830687
}