{
  "bolusiob": 0, 
  "iob": 0.6254778169280368, 
  "activity": 0.018240458835978825
}