{
  "bolusiob": 1.2705761387733334, 
  "iob": 2.476219265691449, 
  "activity": 0.042133403756613744
}