{
  "bolusiob": 1.0591608695822223, 
  "iob": 2.0190760631395066, 
  "activity": 0.037929876419753074
}