{
  "bolusiob": 0, 
  "iob": -0.20063678969357465, 
  "activity": -0.0037216956790123443
}