{
  "bolusiob": 0.5290094562133334, 
  "iob": 2.0913655772306083, 
  "activity": 0.02783409144620811
}