{
  "bolusiob": 2.767778879111111, 
  "iob": 5.643140745608745, 
  "activity": 0.05424566111111111
}