{
  "bolusiob": 0.8679509089066667, 
  "iob": 1.9287434404244441, 
  "activity": 0.02373065255731922
}