{
  "bolusiob": 0, 
  "iob": 0.7222202772807484, 
  "activity": 0.007238267019400351
}