{
  "bolusiob": 0, 
  "iob": -0.2113892509111111, 
  "activity": 0.0010278659611992942
}