{
  "bolusiob": 0, 
  "iob": 0.11545025483135121, 
  "activity": 0.003195255608465608
}