{
  "bolusiob": 0, 
  "iob": 0.46875951943875, 
  "activity": 0.003774488536155203
}