{
  "bolusiob": 0, 
  "iob": 0.4926889835100247, 
  "activity": 0.005054494955908289
}