{
  "bolusiob": 0.0004835589333332946, 
  "iob": 0.06264797544222224, 
  "activity": 0.0014540917107583777
}