{
  "bolusiob": 0, 
  "iob": -0.054467763343182644, 
  "activity": -0.00403753077601411
}