{
  "bolusiob": 0, 
  "iob": 0.5143446259538889, 
  "activity": 0.01025749559082892
}