{
  "bolusiob": 0, 
  "iob": 0.7632567991733334, 
  "activity": 0.02522518518518518
}