{
  "bolusiob": 0, 
  "iob": 0.35026813346091373, 
  "activity": 0.0045692327160493824
}