{
  "bolusiob": 0, 
  "iob": -0.1839853278218233, 
  "activity": 0.0016266399470899467
}