{
  "bolusiob": 0, 
  "iob": 0.7800975280410418, 
  "activity": 0.005678645255731924
}