{
  "bolusiob": 0.7813325474844444, 
  "iob": 0.9726145437205556, 
  "activity": 0.004256384479717812
}