{
  "bolusiob": 0.37248307456000007, 
  "iob": 0.9190021398565463, 
  "activity": 0.010475096895943557
}