{
  "bolusiob": 0.20351230386666663, 
  "iob": 1.3000188246442224, 
  "activity": 0.02124927689594356
}