{
  "bolusiob": 0, 
  "iob": 0.3041949867405556, 
  "activity": 0.0032439153439153432
}