{
  "bolusiob": 0, 
  "iob": 0.03831258781131319, 
  "activity": 0.0017627070546737211
}