{
  "bolusiob": 0, 
  "iob": -0.20436239319682223, 
  "activity": -0.002097548500881833
}