{
  "bolusiob": 0, 
  "iob": 0.20456563746146436, 
  "activity": -0.0016003085185185184
}