{
  "bolusiob": 0, 
  "iob": 0.21454892161051548, 
  "activity": 0.006481604197530863
}