{
  "bolusiob": 0, 
  "iob": -0.05718555754444445, 
  "activity": -0.0007992768959435623
}