{
  "bolusiob": 0.015395423039999924, 
  "iob": 0.01947812523984447, 
  "activity": 0.004575520158730157
}