{
  "bolusiob": 0, 
  "iob": -0.6237841301634446, 
  "activity": -0.0027413051146384457
}