{
  "bolusiob": 2.994450454471111, 
  "iob": 3.3568999479388886, 
  "activity": 0.011778483245149908
}