{
  "bolusiob": 0, 
  "iob": 0.06621354198888854, 
  "activity": 0.011781922398589058
}