{
  "bolusiob": 0, 
  "iob": 0.6473569061057033, 
  "activity": 0.00793961271604938
}