{
  "bolusiob": 0, 
  "iob": 0.4673249481333335, 
  "activity": 0.009637389770723103
}