{
  "bolusiob": 0, 
  "iob": 0.23623394655944432, 
  "activity": 0.007082116402116399
}