{
  "bolusiob": 1.2540514400000002, 
  "iob": 2.1080706449615914, 
  "activity": 0.02010317433862433
}