{
  "bolusiob": 0, 
  "iob": 0.09609739712611112, 
  "activity": 0.0015072134038800705
}