{
  "bolusiob": 1.8176973511111112, 
  "iob": 2.1929192253728007, 
  "activity": 0.009852945238095236
}