{
  "bolusiob": 0.4740187584000001, 
  "iob": 2.0939364096000004, 
  "activity": 0.027288888888888883
}