{
  "bolusiob": 0, 
  "iob": 0.4008304657765786, 
  "activity": 0.00873320664902998
}