{
  "bolusiob": 0.40051690808888896, 
  "iob": 0.7202684674377777, 
  "activity": 0.006200670194003527
}