{
  "bolusiob": 0, 
  "iob": 0.19373718675176324, 
  "activity": 0.00297191291005291
}