{
  "bolusiob": 0, 
  "iob": 0.47315466212871626, 
  "activity": 0.005003990987654318
}