{
  "bolusiob": 0, 
  "iob": 0.4728729595436893, 
  "activity": 0.008066686860670193
}