{
  "bolusiob": 0.61938246576, 
  "iob": 1.6189809820619234, 
  "activity": 0.02014925936507935
}