{
  "bolusiob": 0, 
  "iob": 0.40000832033592726, 
  "activity": 0.001739800970017637
}