{
  "bolusiob": 0, 
  "iob": 0.3054475680792362, 
  "activity": 0.00887579365079365
}