{
  "bolusiob": 2.9116018176, 
  "iob": 3.5544081589389944, 
  "activity": 0.011252513350970016
}