{
  "bolusiob": 0, 
  "iob": 0.62864927390218, 
  "activity": 0.013879367636684297
}