{
  "bolusiob": 1.2088766666666666, 
  "iob": 2.842773299377778, 
  "activity": 0.02524638447971781
}