{
  "bolusiob": 0, 
  "iob": 0.005492372460000004, 
  "activity": 0.0005037037037037038
}