{
  "bolusiob": 1.0923972281955556, 
  "iob": 2.0831667903664446, 
  "activity": 0.038547513104056415
}