{
  "bolusiob": 0, 
  "iob": 0.11882565240956208, 
  "activity": 0.002177292592592592
}