{
  "bolusiob": 0, 
  "iob": 0.14101166135569448, 
  "activity": 0.0016953880070546734
}