{
  "bolusiob": 0, 
  "iob": -0.13516515673178758, 
  "activity": -0.003999861287477953
}