{
  "bolusiob": 3.026753515235556, 
  "iob": 2.875928058727808, 
  "activity": 0.0007021710405643749
}