{
  "bolusiob": 0.17836881819999995, 
  "iob": 0.9941539491333334, 
  "activity": 0.014448148148148146
}