{
  "bolusiob": 0, 
  "iob": 0.6165888728553334, 
  "activity": 0.004677619047619047
}