{
  "bolusiob": 1.28808623216, 
  "iob": 1.3923843300955556, 
  "activity": 0.0011366666666666665
}