{
  "bolusiob": 0, 
  "iob": 0.1660028772672614, 
  "activity": -0.0007965253086419748
}