{
  "bolusiob": 0, 
  "iob": -0.11422479213555559, 
  "activity": 0.0008276984126984117
}