{
  "bolusiob": 0.4121823012, 
  "iob": 1.8450338482471789, 
  "activity": 0.026190847019400353
}