{
  "bolusiob": 1.1305945057955555, 
  "iob": 2.402859170975556, 
  "activity": 0.022792980599647256
}