{
  "bolusiob": 0, 
  "iob": -0.2448951017265278, 
  "activity": -0.0013110582010582008
}