{
  "bolusiob": 0, 
  "iob": -0.0709197905380001, 
  "activity": 0.008848659611992946
}