{
  "bolusiob": 0, 
  "iob": -0.22722296392133337, 
  "activity": -0.001871269841269841
}