{
  "bolusiob": 0, 
  "iob": 0.32023841348995047, 
  "activity": 0.0029531749206349197
}