{
  "bolusiob": 0.7858810218266666, 
  "iob": 1.4540171321454347, 
  "activity": 0.009403192328042324
}