{
  "bolusiob": 0, 
  "iob": 0.06789757666194866, 
  "activity": 0.00019941818342151667
}