{
  "bolusiob": 0, 
  "iob": 0.3588605153520833, 
  "activity": 0.0057298500881834205
}