{
  "bolusiob": 0, 
  "iob": 0.5459107639830789, 
  "activity": 0.010319585379188714
}