{
  "bolusiob": 0, 
  "iob": 0.5370376927383333, 
  "activity": 0.01235106701940035
}