{
  "bolusiob": 0.039084795306666635, 
  "iob": 0.2191791902942352, 
  "activity": 0.005082504673721339
}