{
  "bolusiob": 0, 
  "iob": 0.13503879372666666, 
  "activity": 0.0010223104056437389
}