{
  "bolusiob": 1.0039248170666668, 
  "iob": 1.9873219071113057, 
  "activity": 0.020932715784832447
}