{
  "bolusiob": 0, 
  "iob": -0.6478158874996636, 
  "activity": -0.004307098500881832
}