{
  "bolusiob": 0, 
  "iob": -0.272885939603125, 
  "activity": 0.0007675925925925912
}