{
  "bolusiob": 0, 
  "iob": 0.5868838538842787, 
  "activity": 0.004152116878306877
}