{
  "bolusiob": 0.8125918259200002, 
  "iob": 1.6522638290533336, 
  "activity": 0.026401031746031745
}