{
  "bolusiob": 1.2439623581333332, 
  "iob": 2.247735067913258, 
  "activity": 0.024914391904761895
}