{
  "bolusiob": 0, 
  "iob": 0.486566907108517, 
  "activity": 0.008531793774250439
}