{
  "bolusiob": 0, 
  "iob": 0.59762528754575, 
  "activity": 0.006988015996472663
}