{
  "bolusiob": 0.7290166145466668, 
  "iob": 1.9642591535508953, 
  "activity": 0.024055661111111105
}