{
  "bolusiob": 0, 
  "iob": 0.3556050341216667, 
  "activity": 0.010282451499118165
}