{
  "bolusiob": 0, 
  "iob": 0.20542908959545356, 
  "activity": 0.002776922857142857
}