{
  "bolusiob": 2.9540163216, 
  "iob": 3.0890785661943054, 
  "activity": 0.005041754850088182
}