{
  "bolusiob": 0, 
  "iob": 0.22755514996666668, 
  "activity": -0.002150052910052909
}