{
  "bolusiob": 0.05410847040000011, 
  "iob": 2.3073814440074987, 
  "activity": 0.05364735423280422
}