{
  "bolusiob": 0, 
  "iob": 0.7282843371540013, 
  "activity": 0.01675622601410934
}