{
  "bolusiob": 0, 
  "iob": 0.12165144902222225, 
  "activity": 0.0022801234567901233
}