{
  "bolusiob": 0, 
  "iob": -0.2553971316301834, 
  "activity": -0.003539912186948853
}