{
  "bolusiob": 0, 
  "iob": -0.5384676531756668, 
  "activity": -0.006468698412698417
}