{
  "bolusiob": 0.5116314954666666, 
  "iob": 1.0017467610288888, 
  "activity": 0.012307001763668429
}