{
  "bolusiob": 0, 
  "iob": -0.6674011080894445, 
  "activity": -0.0020559876543209876
}