{
  "bolusiob": 0, 
  "iob": 0.008498226419256228, 
  "activity": 0.0038291006172839477
}