{
  "bolusiob": 0, 
  "iob": 0.0061121681038891, 
  "activity": 0.009118527195767194
}