{
  "bolusiob": 0, 
  "iob": -0.014064763721306606, 
  "activity": -0.0010169754320987652
}