{
  "bolusiob": 0, 
  "iob": 0.3195496784754167, 
  "activity": 0.005471014109347441
}