{
  "bolusiob": 0, 
  "iob": -0.06810671259277778, 
  "activity": -0.0011258201058201057
}