{
  "bolusiob": 0.3990992545066668, 
  "iob": 1.8210671736323154, 
  "activity": 0.04569848312169311
}