{
  "bolusiob": 0.7448301154311111, 
  "iob": 1.0405285027277777, 
  "activity": 0.006899788359788359
}