{
  "bolusiob": 0.5898572503466667, 
  "iob": 1.7586840014070513, 
  "activity": 0.025915564268077604
}