{
  "bolusiob": 0, 
  "iob": 0.13894135578135489, 
  "activity": 0.0036088182539682537
}