{
  "bolusiob": 0, 
  "iob": 0.11950620450500003, 
  "activity": 0.0014563668430335095
}