{
  "bolusiob": 0.011239201453333337, 
  "iob": 0.53437705263, 
  "activity": 0.01159047619047619
}