{
  "bolusiob": 0, 
  "iob": 0.2893027463960246, 
  "activity": 0.0007451059259259258
}