{
  "bolusiob": 0, 
  "iob": 0.7783756177529169, 
  "activity": 0.012226279400352735
}