{
  "bolusiob": 0, 
  "iob": -0.02127498851418226, 
  "activity": 0.0013479982363315693
}