{
  "bolusiob": 0, 
  "iob": -0.2735894435000001, 
  "activity": -0.006033333333333333
}