{
  "bolusiob": 0, 
  "iob": 0.08363482412977774, 
  "activity": 0.0024774779541446206
}