{
  "bolusiob": 0, 
  "iob": 0.0003340202199999976, 
  "activity": 0.00012645502645502636
}