{
  "bolusiob": 0.3733482014666667, 
  "iob": 0.9869100255775554, 
  "activity": 0.01199336860670194
}