{
  "bolusiob": 0, 
  "iob": 0.08273827258410413, 
  "activity": -0.0026759229276895943
}