{
  "bolusiob": 0, 
  "iob": 0.6712822335545919, 
  "activity": 0.0116801592063492
}