{
  "bolusiob": 0.28112794374666666, 
  "iob": 1.9029261532683333, 
  "activity": 0.03242745149911816
}