{
  "bolusiob": 0.1265085273599999, 
  "iob": 0.8622932278424468, 
  "activity": 0.020600789858906513
}