{
  "bolusiob": 0, 
  "iob": -0.34513718815482214, 
  "activity": -0.004931419876543209
}