{
  "bolusiob": 1.3871445525333335, 
  "iob": 1.4819683278383333, 
  "activity": 0.003975396825396825
}