{
  "bolusiob": 0.6842003972266667, 
  "iob": 1.2578571357466668, 
  "activity": 0.013700017636684299
}