{
  "bolusiob": 0, 
  "iob": -0.311739888531212, 
  "activity": -0.001601927619047619
}