{
  "bolusiob": 0.8946566115200002, 
  "iob": 1.626443127154194, 
  "activity": 0.012355061640211638
}