{
  "bolusiob": 0, 
  "iob": 0.3849316307095446, 
  "activity": 0.0032294858201058194
}