{
  "bolusiob": 0, 
  "iob": -0.1928330573631764, 
  "activity": -0.0020291949206349197
}