{
  "bolusiob": 0, 
  "iob": 0.27344504335796016, 
  "activity": 0.006691851957671955
}