{
  "bolusiob": 3.628782137351112, 
  "iob": 4.823662687519236, 
  "activity": 0.03174905643738976
}