{
  "bolusiob": 0, 
  "iob": 0.16557257064368058, 
  "activity": 0.0018871869488536156
}