{
  "bolusiob": 0.3910628526933334, 
  "iob": 1.6438234561354705, 
  "activity": 0.026671057830687822
}