{
  "bolusiob": 0, 
  "iob": -0.14950308915077784, 
  "activity": -0.0015932627865961196
}