{
  "bolusiob": 1.1232457500444442, 
  "iob": 1.8754705052155556, 
  "activity": 0.017142980599647258
}