{
  "bolusiob": 0, 
  "iob": -0.17434222905091307, 
  "activity": 0.0014152731040564367
}