{
  "bolusiob": 0, 
  "iob": 0.28798665514055555, 
  "activity": 0.0064453791887125215
}