{
  "bolusiob": 0, 
  "iob": 0.4441063032317115, 
  "activity": 0.0057120991181657844
}