{
  "bolusiob": 0, 
  "iob": 0.15060641227550953, 
  "activity": 0.002133897477954144
}