{
  "bolusiob": 0.02419352000000008, 
  "iob": 1.0391930346720002, 
  "activity": 0.03077629629629629
}