{
  "bolusiob": 0, 
  "iob": 0.31475718801291674, 
  "activity": 0.012269885361552027
}