{
  "bolusiob": 0, 
  "iob": -0.13997223565166667, 
  "activity": -0.000603395061728395
}