{
  "bolusiob": 0.6351243789733333, 
  "iob": 1.4437932767546544, 
  "activity": 0.018960643615520276
}