{
  "bolusiob": 1.4222673621333335, 
  "iob": 1.9456890426786666, 
  "activity": 0.013982892416225745
}