{
  "bolusiob": 0, 
  "iob": 0.0025379136599999966, 
  "activity": 0.00033227513227513186
}