{
  "bolusiob": 0, 
  "iob": -0.19893128873833335, 
  "activity": -0.000172037037037037
}