{
  "bolusiob": 0.8522382147466667, 
  "iob": 1.8940897472893057, 
  "activity": 0.015814788359788355
}