{
  "bolusiob": 0, 
  "iob": 0.10795359232850896, 
  "activity": -8.73458024691357e-05
}