{
  "bolusiob": 0, 
  "iob": 0.33083314698277777, 
  "activity": 0.00685199294532628
}