{
  "bolusiob": 0, 
  "iob": -0.1333777733769193, 
  "activity": -0.0011523279541446206
}