{
  "bolusiob": 0, 
  "iob": 0.05718637158424104, 
  "activity": -0.001021243368606702
}