{
  "bolusiob": 0.05683398966666684, 
  "iob": 0.4858284114244445, 
  "activity": 0.011775432098765429
}