{
  "bolusiob": 0.3703479648000001, 
  "iob": 1.5283701575364448, 
  "activity": 0.020734197530864196
}