{
  "bolusiob": 0, 
  "iob": -0.6390114604308889, 
  "activity": -0.0011777425044091708
}