{
  "bolusiob": 0.7687070397333333, 
  "iob": 3.1859746066914227, 
  "activity": 0.05793093447971781
}