{
  "bolusiob": 0, 
  "iob": -0.18806407157708335, 
  "activity": -0.0013902821869488534
}