{
  "bolusiob": 0, 
  "iob": -0.2038887124445421, 
  "activity": 0.00019225146384479732
}