{
  "bolusiob": 0, 
  "iob": 0.08528120774204459, 
  "activity": -0.0008659610934744266
}