{
  "bolusiob": 2.48161764256, 
  "iob": 3.0790081358806223, 
  "activity": 0.008350653015873016
}