{
  "bolusiob": 0, 
  "iob": -0.4220081857548449, 
  "activity": -0.008314991093474425
}