{
  "bolusiob": 0, 
  "iob": -0.3139016813957289, 
  "activity": 0.014188765308641972
}