{
  "bolusiob": 0, 
  "iob": 0.2008273612907725, 
  "activity": 0.005068952116402116
}