{
  "bolusiob": 1.5392219292533336, 
  "iob": 3.273187579129216, 
  "activity": 0.029019267830687825
}