{
  "bolusiob": 0, 
  "iob": 0.18980977680977784, 
  "activity": 0.009497354497354497
}