{
  "bolusiob": 0.0019290531999999194, 
  "iob": 0.5449134809204169, 
  "activity": 0.023903527336860686
}