{
  "bolusiob": 0, 
  "iob": 0.03187859764444446, 
  "activity": -0.0010097883597883594
}