{
  "bolusiob": 0.4036936087466666, 
  "iob": 2.059237342776111, 
  "activity": 0.03030488536155202
}