{
  "bolusiob": 0.0013448014666668229, 
  "iob": 0.7929347761, 
  "activity": 0.021851851851851845
}