{
  "bolusiob": 0, 
  "iob": -0.09582509934657177, 
  "activity": 0.0004287953968253963
}