{
  "bolusiob": 0, 
  "iob": 0.13109831846166667, 
  "activity": 0.0011343474426807755
}