{
  "bolusiob": 0, 
  "iob": -0.37689711606618864, 
  "activity": -0.0009008468253968255
}