{
  "bolusiob": 0, 
  "iob": 0.37480655704541677, 
  "activity": 0.005662724867724867
}