{
  "bolusiob": 0, 
  "iob": 0.6673559394719483, 
  "activity": 0.0034601066666666664
}