{
  "bolusiob": 1.4163760742222227, 
  "iob": 2.034493421360695, 
  "activity": 0.00926753968253968
}