{
  "bolusiob": 0, 
  "iob": -0.1395655566955556, 
  "activity": 0.0014644973544973528
}