{
  "bolusiob": 0, 
  "iob": -0.07733264683010865, 
  "activity": 0.004050299629629629
}