{
  "bolusiob": 1.6788692942222223, 
  "iob": 2.080385187033472, 
  "activity": 0.007376111111111111
}