{
  "bolusiob": 0.23471112832000016, 
  "iob": 1.842391420256667, 
  "activity": 0.03322381834215168
}