{
  "bolusiob": 0, 
  "iob": 0.0020619553933333315, 
  "activity": 0.00029347442680776
}