{
  "bolusiob": 0, 
  "iob": -0.02731968477862899, 
  "activity": -0.0006747996472663141
}