{
  "bolusiob": 1.6219496962666669, 
  "iob": 4.176024738661111, 
  "activity": 0.07258095238095237
}