{
  "bolusiob": 0.7775297329066669, 
  "iob": 1.7600844662844448, 
  "activity": 0.02881481481481481
}