{
  "bolusiob": 0, 
  "iob": 0.6268651659130853, 
  "activity": 0.007705133015873015
}