{
  "bolusiob": 0, 
  "iob": -0.09850736306088889, 
  "activity": -0.0035363315696649036
}