{
  "bolusiob": 0, 
  "iob": 0.03826916307666663, 
  "activity": 0.0017123721340387991
}