{
  "bolusiob": 0, 
  "iob": 0.06683027045888892, 
  "activity": 0.0033722574955908284
}