{
  "bolusiob": 0.08606735720000003, 
  "iob": 0.65198717974, 
  "activity": 0.009138483245149908
}