{
  "bolusiob": 0, 
  "iob": 0.16154986231255525, 
  "activity": 0.003471441446208112
}