{
  "bolusiob": 0, 
  "iob": 0.17209937232298383, 
  "activity": 0.003115091728395061
}