{
  "bolusiob": 0, 
  "iob": 0.9042872569464445, 
  "activity": 0.021881446208112866
}