{
  "bolusiob": 0, 
  "iob": -0.12735101493986115, 
  "activity": -0.005567716049382714
}