{
  "bolusiob": 0, 
  "iob": -0.10320657741111111, 
  "activity": -0.0014277248677248674
}