{
  "bolusiob": 0, 
  "iob": 0.2955591172826807, 
  "activity": 0.0027067991887125224
}