{
  "bolusiob": 0, 
  "iob": -0.08514107914433772, 
  "activity": -0.0006591359259259259
}