{
  "bolusiob": 0, 
  "iob": 0.36321971701208344, 
  "activity": 0.005629920634920634
}