{
  "bolusiob": 0, 
  "iob": 0.07786323034847223, 
  "activity": -0.0007114726631393295
}