{
  "bolusiob": 0, 
  "iob": 0.15711729529477778, 
  "activity": -0.0013600793650793632
}