{
  "bolusiob": 1.0516725504933335, 
  "iob": 2.085529650032, 
  "activity": 0.01655943562610229
}