{
  "bolusiob": 0, 
  "iob": 0.7130053613765766, 
  "activity": 0.006450196719576714
}