{
  "bolusiob": 0.9384994500266669, 
  "iob": 2.1357177121974424, 
  "activity": 0.022941287213403876
}