{
  "bolusiob": 0, 
  "iob": 0.49158737976319455, 
  "activity": 0.004744682539682539
}