{
  "bolusiob": 0, 
  "iob": 0.338489282550774, 
  "activity": 0.0008767904938271603
}