{
  "bolusiob": 0, 
  "iob": 0.18307702374662074, 
  "activity": 0.005064288994708995
}