{
  "bolusiob": 0, 
  "iob": 0.7981319734568101, 
  "activity": 0.014140132910052906
}