{
  "bolusiob": 0, 
  "iob": -0.04893583668444445, 
  "activity": -0.00010839506172839504
}