{
  "bolusiob": 4.463439018471111, 
  "iob": 5.22092373947111, 
  "activity": 0.019412098765432092
}