{
  "bolusiob": 0, 
  "iob": 0.1653192294961609, 
  "activity": 0.0019093826631393297
}