{
  "bolusiob": 0, 
  "iob": 0.7299127623233334, 
  "activity": 0.017940035273368606
}