{
  "bolusiob": 0.4888240686133334, 
  "iob": 1.6901325822793056, 
  "activity": 0.01918380070546737
}