{
  "bolusiob": 1.6819921858666667, 
  "iob": 3.3843295024471605, 
  "activity": 0.03712072328042327
}