{
  "bolusiob": 0, 
  "iob": 0.18729391545535287, 
  "activity": 0.0029591398589065253
}