{
  "bolusiob": 0, 
  "iob": -0.40069698252391434, 
  "activity": -0.005903254215167547
}