{
  "bolusiob": 0, 
  "iob": 0.22902076851500006, 
  "activity": 0.0023146296296296296
}