{
  "bolusiob": 0, 
  "iob": -0.10247667086375001, 
  "activity": -0.0016075573192239857
}