{
  "bolusiob": 0, 
  "iob": -0.44192807681388896, 
  "activity": -0.003373280423280422
}