{
  "bolusiob": 0, 
  "iob": 0.6700357427477778, 
  "activity": 0.008282663139329804
}