{
  "bolusiob": 0, 
  "iob": -0.27944617336944455, 
  "activity": -0.004145643738977072
}