{
  "bolusiob": 2.8708451100444448, 
  "iob": 3.303072494608889, 
  "activity": 0.01331701940035273
}