{
  "bolusiob": 0, 
  "iob": 0.007783893746666559, 
  "activity": 0.0015615520282186914
}