{
  "bolusiob": 0.13269929256000007, 
  "iob": 0.7284662118194978, 
  "activity": 0.017829347319223983
}