{
  "bolusiob": 0, 
  "iob": 0.1710932053104581, 
  "activity": 0.0035443938800705467
}