{
  "bolusiob": 1.4079195831822222, 
  "iob": 2.6275191393511115, 
  "activity": 0.020745185185185182
}