{
  "bolusiob": 0, 
  "iob": -0.07189496309444444, 
  "activity": 0.0007785008818342149
}