{
  "bolusiob": 1.9683266844444443, 
  "iob": 2.2612507899155556, 
  "activity": 0.008161463844797177
}