{
  "bolusiob": 1.0449851306666667, 
  "iob": 1.4000254833922223, 
  "activity": 0.0025594532627865943
}