{
  "bolusiob": 0.021828860826666664, 
  "iob": 0.534593261912778, 
  "activity": 0.023556278659611997
}