{
  "bolusiob": 0, 
  "iob": 0.23150437520273254, 
  "activity": 0.00337630873015873
}