{
  "bolusiob": 0.014935344733333356, 
  "iob": 0.6618116463344446, 
  "activity": 0.011446384479717813
}