{
  "bolusiob": 0, 
  "iob": 0.2995845387158787, 
  "activity": 0.0048485963139329805
}