{
  "bolusiob": 0, 
  "iob": -0.14225604863077781, 
  "activity": -0.00204731922398589
}