{
  "bolusiob": 0, 
  "iob": -0.2603867476635155, 
  "activity": -0.0024140741975308636
}