{
  "bolusiob": 0.25433161600000026, 
  "iob": 1.4568141228040126, 
  "activity": 0.02758915306878305
}