{
  "bolusiob": 4.2523029509866666, 
  "iob": 5.3831128211460975, 
  "activity": 0.02508680749559082
}