{
  "bolusiob": 0, 
  "iob": 0.5168817571683333, 
  "activity": 0.015721252204585534
}