{
  "bolusiob": 2.7980798489599996, 
  "iob": 3.27398587505, 
  "activity": 0.01408306878306878
}