{
  "bolusiob": 0, 
  "iob": -0.5661792752677761, 
  "activity": -0.00658126975308642
}