{
  "bolusiob": 0, 
  "iob": 0.48957502632316297, 
  "activity": 0.004283377530864198
}