{
  "bolusiob": 0, 
  "iob": 0.031567516832630954, 
  "activity": 0.001664823456790123
}