{
  "bolusiob": 0, 
  "iob": -0.2294605633121093, 
  "activity": -0.007660352645502645
}