{
  "bolusiob": 1.1225875564, 
  "iob": 2.4571619826733335, 
  "activity": 0.024011763668430327
}