{
  "bolusiob": 0, 
  "iob": 0.9328646973868058, 
  "activity": 0.018117821869488536
}