{
  "bolusiob": 0, 
  "iob": 0.01963488257333333, 
  "activity": 0.0009485008818342147
}