{
  "bolusiob": 0, 
  "iob": 0.607152, 
  "activity": 0.014285714285714284
}