{
  "bolusiob": 0, 
  "iob": 0.18076096067833333, 
  "activity": 0.0014654497354497354
}