{
  "bolusiob": 1.6889021195733331, 
  "iob": 2.385388063563333, 
  "activity": 0.02161128747795414
}