{
  "bolusiob": 0, 
  "iob": 0.1563057326196365, 
  "activity": 0.0013256611992945322
}