{
  "bolusiob": 0, 
  "iob": -0.2354169257299976, 
  "activity": 0.006918703209876545
}