{
  "bolusiob": 0, 
  "iob": 0.38656323045666674, 
  "activity": 0.01124673721340388
}