{
  "bolusiob": 0.707396896071111, 
  "iob": 1.9354473696281669, 
  "activity": 0.029181423456790125
}