{
  "bolusiob": 0, 
  "iob": 0.1981690350329021, 
  "activity": 0.0044637358024691345
}