{
  "bolusiob": 0, 
  "iob": -0.030544395517541616, 
  "activity": -0.0006611401058201062
}