{
  "bolusiob": 0.5723604369733333, 
  "iob": 1.3885176711697997, 
  "activity": 0.01094134047619047
}