{
  "bolusiob": 0, 
  "iob": -0.02396794976981243, 
  "activity": -0.001652416349206349
}