{
  "bolusiob": 0, 
  "iob": 0.1564800937458175, 
  "activity": 0.005966207619047618
}