{
  "bolusiob": 0, 
  "iob": 0.28343393611631623, 
  "activity": 0.0010849386419753086
}