{
  "bolusiob": 0.09097912413333331, 
  "iob": 1.3119188147833334, 
  "activity": 0.03551516754850087
}