{
  "bolusiob": 0.6392976962844445, 
  "iob": 0.7561475867377778, 
  "activity": 0.0029412345679012343
}