{
  "bolusiob": 0, 
  "iob": -0.48365599034750983, 
  "activity": -0.003397407477954144
}