{
  "bolusiob": 0, 
  "iob": 0.19150912530458333, 
  "activity": 0.002643395061728391
}