{
  "bolusiob": 2.4382182873955554, 
  "iob": 2.5800421233315554, 
  "activity": 0.0021575238095238084
}