{
  "bolusiob": 0, 
  "iob": -0.14007709069763888, 
  "activity": -0.0014471164021164018
}