{
  "bolusiob": 0.34336561834666657, 
  "iob": 1.945642270309444, 
  "activity": 0.03115499118165784
}