{
  "bolusiob": 0, 
  "iob": 0.04854855056, 
  "activity": 0.00014691358024691357
}