{
  "bolusiob": 0, 
  "iob": 0.1060206493505643, 
  "activity": 0.0026357582010582007
}