{
  "bolusiob": 0, 
  "iob": 0.014388410148888885, 
  "activity": 0.0039251146384479685
}