{
  "bolusiob": 0.06777974546666671, 
  "iob": 1.016204646030889, 
  "activity": 0.0218273721340388
}