{
  "bolusiob": 1.770555687293334, 
  "iob": 3.108964676116667, 
  "activity": 0.02175413580246913
}