{
  "bolusiob": 0, 
  "iob": -0.14610952589144882, 
  "activity": -0.0003597532098765432
}