{
  "bolusiob": 2.3971523660800003, 
  "iob": 2.61774844558, 
  "activity": 0.007668465608465607
}