{
  "bolusiob": 0.6365660606933334, 
  "iob": 1.2415159542977778, 
  "activity": 0.00890074074074074
}