{
  "bolusiob": 1.4075366364000002, 
  "iob": 2.6282336134066666, 
  "activity": 0.022345679012345673
}