{
  "bolusiob": 1.0965043194800002, 
  "iob": 2.588811036848889, 
  "activity": 0.024308641975308635
}