{
  "bolusiob": 0, 
  "iob": 0.5619384140010497, 
  "activity": 0.007576679188712521
}