{
  "bolusiob": 0, 
  "iob": -0.23370327216117098, 
  "activity": 0.004234047125220452
}