{
  "bolusiob": 0.1120746020666667, 
  "iob": 0.5562379331628483, 
  "activity": 0.013007953774250437
}