{
  "bolusiob": 0.1746262555599999, 
  "iob": 1.3837488443459722, 
  "activity": 0.023074171075837743
}