{
  "bolusiob": 0, 
  "iob": 0.5971427502577057, 
  "activity": 0.011247363156966492
}