{
  "bolusiob": 0, 
  "iob": 0.60825779961, 
  "activity": 0.00815763668430335
}