{
  "bolusiob": 1.0062709529600002, 
  "iob": 2.61012498919, 
  "activity": 0.02657063492063491
}