{
  "bolusiob": 0.5007382382933335, 
  "iob": 1.480044894657778, 
  "activity": 0.02844345679012345
}