{
  "bolusiob": 0.8097795057066667, 
  "iob": 2.496801605872222, 
  "activity": 0.028235626102292764
}