{
  "bolusiob": 0.2485092046133332, 
  "iob": 1.4769856639143055, 
  "activity": 0.02199916225749559
}