{
  "bolusiob": 0.01603600000000016, 
  "iob": 0.9543745000000001, 
  "activity": 0.02063492063492063
}