{
  "bolusiob": 0, 
  "iob": 0.5047150856041291, 
  "activity": 0.007936913315696643
}