{
  "bolusiob": 0, 
  "iob": 0.47931838043888897, 
  "activity": 0.008484920634920632
}