{
  "bolusiob": 0, 
  "iob": 0.29447033128587624, 
  "activity": 0.0033140391710758366
}