{
  "bolusiob": 0.3717255312, 
  "iob": 1.795123638451529, 
  "activity": 0.026107690052910044
}