{
  "bolusiob": 0.00650707584000001, 
  "iob": 0.2926605933719946, 
  "activity": 0.010454320723104054
}