{
  "bolusiob": 0, 
  "iob": 0.20448381204250002, 
  "activity": 0.0038037566137566134
}