{
  "bolusiob": 0, 
  "iob": -0.3709848967502227, 
  "activity": -0.0020861113932980594
}