{
  "bolusiob": 0, 
  "iob": 0.3069291951345834, 
  "activity": 0.001749638447971781
}