{
  "bolusiob": 0.8443276388488888, 
  "iob": 1.938511612414222, 
  "activity": 0.018770864197530865
}