{
  "bolusiob": 0, 
  "iob": -0.29733161762772886, 
  "activity": -0.001985679135802469
}