{
  "bolusiob": 0, 
  "iob": 0.23990983299344876, 
  "activity": 0.006926154462081127
}