{
  "bolusiob": 0, 
  "iob": 0.24446305529722237, 
  "activity": 0.00869038800705467
}