{
  "bolusiob": 1.4851572622399998, 
  "iob": 2.5131584583589714, 
  "activity": 0.019073355978835974
}