{
  "bolusiob": 0, 
  "iob": -0.575495573538357, 
  "activity": -0.004561348941798941
}