{
  "bolusiob": 0, 
  "iob": 0.05000815232111114, 
  "activity": 0.005290352733686065
}