{
  "bolusiob": 0, 
  "iob": 0.23135988618977799, 
  "activity": 0.01561853615520282
}