{
  "bolusiob": 2.791380521013333, 
  "iob": 3.9185959159955552, 
  "activity": 0.03232726631393298
}