{
  "bolusiob": 0, 
  "iob": -0.15591824845966668, 
  "activity": -0.0015889065255731923
}