{
  "bolusiob": 0, 
  "iob": -0.27520182760734074, 
  "activity": -0.004582301410934742
}