{
  "bolusiob": 0, 
  "iob": 0.25426821896877766, 
  "activity": 0.0062476011463844785
}