{
  "bolusiob": 0, 
  "iob": 0.17438799148888878, 
  "activity": 0.009358095238095237
}