{
  "bolusiob": 0.4657337991466667, 
  "iob": 3.773955744167778, 
  "activity": 0.07966296296296295
}