{
  "bolusiob": 0, 
  "iob": 0.8196321607716511, 
  "activity": 0.010666210617283949
}