{
  "bolusiob": 2.5493506176, 
  "iob": 2.8755033744, 
  "activity": 0.009466666666666665
}