{
  "bolusiob": 0, 
  "iob": 0.8024358643011837, 
  "activity": 0.012484480458553791
}