{
  "bolusiob": 0, 
  "iob": 0.6627186090853334, 
  "activity": 0.005528299823633156
}