{
  "bolusiob": 0, 
  "iob": -0.1406343075316971, 
  "activity": -0.0013034655202821869
}