{
  "bolusiob": 0, 
  "iob": -0.05918052884652779, 
  "activity": -0.0016778747795414461
}