{
  "bolusiob": 0, 
  "iob": 0.7296768960031262, 
  "activity": 0.007712442892416225
}