{
  "bolusiob": 1.7990779395911112, 
  "iob": 2.4986371964398177, 
  "activity": 0.013157777901234565
}