{
  "bolusiob": 0.2035997283333334, 
  "iob": 1.9074021167159303, 
  "activity": 0.037314638183421504
}