{
  "bolusiob": -0.00015499483999997787, 
  "iob": 1.2001825732271576, 
  "activity": 0.02525463844797178
}