{
  "bolusiob": 0, 
  "iob": 0.4640652977427777, 
  "activity": 0.0025814373897707224
}