{
  "bolusiob": 0, 
  "iob": 0.3502692623427778, 
  "activity": 0.0019937654320987654
}