{
  "bolusiob": 0, 
  "iob": 0.012917851395555562, 
  "activity": 0.0014639682539682533
}