{
  "bolusiob": 0, 
  "iob": -0.46014109288166677, 
  "activity": -0.005670723104056436
}