{
  "bolusiob": 0.2586521146399998, 
  "iob": 1.6569600903822224, 
  "activity": 0.028928042328042324
}