{
  "bolusiob": 0.7074749920000001, 
  "iob": 1.508800497652809, 
  "activity": 0.01361264541446208
}