{
  "bolusiob": 0.03935312746666664, 
  "iob": 0.5548371285333334, 
  "activity": 0.01110405643738977
}