{
  "bolusiob": 0, 
  "iob": -0.5519252366389998, 
  "activity": -0.006057340388007057
}