{
  "bolusiob": 0, 
  "iob": -0.2898673999848334, 
  "activity": -0.005626920634920635
}