{
  "bolusiob": 0, 
  "iob": 0.14135378630935763, 
  "activity": 0.002440819929453263
}