{
  "bolusiob": 0.011498003733333317, 
  "iob": 0.645421416377778, 
  "activity": 0.01138194003527337
}