{
  "bolusiob": 0, 
  "iob": 0.8021158939011678, 
  "activity": 0.013598986578483244
}