{
  "bolusiob": 0, 
  "iob": 0.2742267259227696, 
  "activity": 0.0026537480423280417
}