{
  "bolusiob": 0, 
  "iob": 0.11366609132798976, 
  "activity": 0.0027644265608465605
}