{
  "bolusiob": 0, 
  "iob": -0.1996906878300776, 
  "activity": 0.00833563442680776
}