{
  "bolusiob": 0, 
  "iob": 0.639450325560779, 
  "activity": 0.008475724373897705
}