{
  "bolusiob": 0, 
  "iob": 0.19273130983716755, 
  "activity": 0.001377407354497354
}