{
  "bolusiob": 0, 
  "iob": 0.46903115598411976, 
  "activity": 0.004440934973544973
}