{
  "bolusiob": 0, 
  "iob": 0.9916402863653334, 
  "activity": 0.020478818342151678
}