{
  "bolusiob": 0.25238990822666657, 
  "iob": 1.2256518554195017, 
  "activity": 0.015062204673721337
}