{
  "bolusiob": 0.21560305359999998, 
  "iob": 1.3672902140377776, 
  "activity": 0.020586543209876542
}