{
  "bolusiob": 0, 
  "iob": 0.08321276087000001, 
  "activity": 0.002535449735449734
}