{
  "bolusiob": 0, 
  "iob": 0.15706836300555554, 
  "activity": 0.001645855379188712
}