{
  "bolusiob": 0.1768452829866668, 
  "iob": 1.247608384548622, 
  "activity": 0.017813580246913582
}