{
  "bolusiob": 0, 
  "iob": 0.06649204089020848, 
  "activity": -0.00329938262786596
}