{
  "bolusiob": 1.6652309984, 
  "iob": 2.2554642265855223, 
  "activity": 0.015224427072310403
}