{
  "bolusiob": 0, 
  "iob": 0.28168485589526265, 
  "activity": 0.0019603614638447975
}