{
  "bolusiob": 1.3115317005333331, 
  "iob": 2.6658987546290214, 
  "activity": 0.03292698386243386
}