{
  "bolusiob": 2.328011200568889, 
  "iob": 2.7403354908581146, 
  "activity": 0.01047738082892416
}