{
  "bolusiob": 0.030557178599999735, 
  "iob": 2.211887320757009, 
  "activity": 0.052553544708994704
}