{
  "bolusiob": 1.4778138750000003, 
  "iob": 4.47940030489, 
  "activity": 0.05472010582010581
}