{
  "bolusiob": 0, 
  "iob": -0.0007615378312498117, 
  "activity": 0.011511640211640207
}