{
  "bolusiob": 0, 
  "iob": 0.746778032198006, 
  "activity": 0.008568292028218693
}