{
  "bolusiob": 0, 
  "iob": 0.07528270396812499, 
  "activity": 0.005047495590828923
}