{
  "bolusiob": 0.002053999999999667, 
  "iob": 1.1254323603599998, 
  "activity": 0.028791851851851846
}