{
  "bolusiob": 0.3993177246933335, 
  "iob": 1.0287211553955558, 
  "activity": 0.009751604938271603
}