{
  "bolusiob": 0, 
  "iob": 0.26159949581525965, 
  "activity": 0.005705187001763669
}