{
  "bolusiob": 0.5401700946666667, 
  "iob": 1.9212043788585, 
  "activity": 0.02689189619047619
}