{
  "bolusiob": 2.7473949583955557, 
  "iob": 3.896822719077732, 
  "activity": 0.027844355731922395
}