{
  "bolusiob": 0, 
  "iob": -0.30667650770933397, 
  "activity": -0.006904860687830687
}