{
  "bolusiob": 0, 
  "iob": 0.8184139973665747, 
  "activity": 0.02536786569664903
}