{
  "bolusiob": -0.00021667946666659166, 
  "iob": 0.758322067993596, 
  "activity": 0.018587848430335095
}