{
  "bolusiob": 0.93279381104, 
  "iob": 1.3322245262466668, 
  "activity": 0.006541358024691356
}