{
  "bolusiob": 0, 
  "iob": -0.5515697312988889, 
  "activity": -0.005420388007054673
}