{
  "bolusiob": 2.569382730968889, 
  "iob": 2.7922777352569548, 
  "activity": 0.008051031622574955
}