{
  "bolusiob": 0, 
  "iob": -0.09865435067777782, 
  "activity": 0.00011243386243386177
}