{
  "bolusiob": 0, 
  "iob": 0.3020161545872222, 
  "activity": 0.0029678130511463846
}