{
  "bolusiob": 0.6688260800000001, 
  "iob": 1.8632380829906274, 
  "activity": 0.021665891022927684
}