{
  "bolusiob": 0, 
  "iob": 0.34148045975819447, 
  "activity": 0.005559285714285713
}