{
  "bolusiob": 0, 
  "iob": 0.5316328350377778, 
  "activity": 0.008214021164021161
}