{
  "bolusiob": 0, 
  "iob": 0.3972903434198579, 
  "activity": 0.007114717724867724
}