{
  "bolusiob": 0.6603145480533332, 
  "iob": 2.3075219587883335, 
  "activity": 0.03582881834215167
}