{
  "bolusiob": 0, 
  "iob": 0.287823035893231, 
  "activity": 0.005090088306878302
}