{
  "bolusiob": 0, 
  "iob": 0.5392493193890178, 
  "activity": 0.005307475643738976
}