{
  "bolusiob": 0, 
  "iob": 0.028231236999583402, 
  "activity": 0.0036375749559082898
}