{
  "bolusiob": 0.7141137855999999, 
  "iob": 2.433946334476667, 
  "activity": 0.029101763668430328
}