{
  "bolusiob": 0, 
  "iob": 0.4869975895683334, 
  "activity": 0.01527680776014109
}