{
  "bolusiob": 0, 
  "iob": 0.12676700755680553, 
  "activity": 0.0012285626102292763
}