{
  "bolusiob": 0, 
  "iob": 0.011728298860000009, 
  "activity": 0.0007365079365079367
}