{
  "bolusiob": 0.007455503866666602, 
  "iob": 0.8170516950542223, 
  "activity": 0.02005461375661375
}