{
  "bolusiob": 0.11351562666666659, 
  "iob": 0.9832305325817751, 
  "activity": 0.02494171049382715
}