{
  "bolusiob": 0, 
  "iob": 0.1721292883679167, 
  "activity": 0.0012530070546737208
}