{
  "bolusiob": 0.9938989422488889, 
  "iob": 2.3858253609511113, 
  "activity": 0.02546222222222222
}