{
  "bolusiob": 0, 
  "iob": 0.5668848134897689, 
  "activity": 0.0054811692945326285
}