{
  "bolusiob": 0.48737974706666665, 
  "iob": 1.145759936166445, 
  "activity": 0.01086089947089947
}