{
  "bolusiob": 0, 
  "iob": -0.045780021015222244, 
  "activity": 0.003736243386243384
}