{
  "bolusiob": 0.00011369294666647711, 
  "iob": 1.0210266227769946, 
  "activity": 0.021827469241622568
}