{
  "bolusiob": 0, 
  "iob": -0.03842739752166665, 
  "activity": -0.003033298059964726
}