{
  "bolusiob": 2.2302674443377777, 
  "iob": 2.559892478151111, 
  "activity": 0.009768959435626102
}