{
  "bolusiob": 0.2901371054133334, 
  "iob": 1.5218027818476387, 
  "activity": 0.021455246913580243
}