{
  "bolusiob": 1.1468082901333336, 
  "iob": 1.7235405850886667, 
  "activity": 0.015423650793650791
}