{
  "bolusiob": 0, 
  "iob": -0.525704878489047, 
  "activity": -0.005018809259259258
}