{
  "bolusiob": 0, 
  "iob": 0.48906061116592914, 
  "activity": 0.02155611980599647
}