{
  "bolusiob": 0, 
  "iob": -0.4811983334526389, 
  "activity": -0.008281155202821869
}