{
  "bolusiob": 0, 
  "iob": 0.7743422364202741, 
  "activity": 0.010545944497354498
}