{
  "bolusiob": 0, 
  "iob": 0.9019266342165908, 
  "activity": 0.01767507091710759
}