{
  "bolusiob": 0.21414889500000006, 
  "iob": 1.6568926731420737, 
  "activity": 0.023660639153439154
}