{
  "bolusiob": 0.23648973120000005, 
  "iob": 0.36747891653120834, 
  "activity": 0.002539876172839503
}