{
  "bolusiob": 1.6818087672000002, 
  "iob": 3.1873471357152776, 
  "activity": 0.028183024691358017
}