{
  "bolusiob": 0, 
  "iob": 0.48826034614135577, 
  "activity": 0.005464480070546737
}