{
  "bolusiob": 1.5955890534666668, 
  "iob": 3.1855178264320774, 
  "activity": 0.03390317469135802
}