{
  "bolusiob": 0.30688378240000025, 
  "iob": 1.7937237790799998, 
  "activity": 0.03047525573192239
}