{
  "bolusiob": 0, 
  "iob": 0.18106265268157948, 
  "activity": 0.0029919440917107586
}