{
  "bolusiob": 2.569344939377778, 
  "iob": 4.039463155712261, 
  "activity": 0.024427751410934742
}