{
  "bolusiob": -0.0004270400000001562, 
  "iob": 0.8375511400000001, 
  "activity": 0.019365079365079363
}