{
  "bolusiob": 0.8259478650666666, 
  "iob": 1.5716181218417387, 
  "activity": 0.013911675590828924
}