{
  "bolusiob": 0, 
  "iob": -0.5334465855072222, 
  "activity": -0.00495116402116402
}