{
  "bolusiob": 0, 
  "iob": 0.24645607785038046, 
  "activity": 0.0013442591710758382
}