{
  "bolusiob": 0, 
  "iob": 0.2895478776876449, 
  "activity": 0.00026925961199294514
}