{
  "bolusiob": 0, 
  "iob": 0.20837780660144445, 
  "activity": 0.005861155202821869
}