{
  "bolusiob": 2.8534571664, 
  "iob": 3.2588060374066665, 
  "activity": 0.019171075837742503
}