{
  "bolusiob": 0, 
  "iob": 0.30530743318401066, 
  "activity": 0.0002739154320987625
}