{
  "bolusiob": 1.0757944442311111, 
  "iob": 1.4087649693525715, 
  "activity": 0.0065867728395061715
}