{
  "bolusiob": 0, 
  "iob": 0.48150410457852133, 
  "activity": 0.009055061463844796
}