{
  "bolusiob": 0, 
  "iob": -0.03565699355923621, 
  "activity": -0.002659514991181658
}