{
  "bolusiob": 0.37643001300000034, 
  "iob": 1.720963707675679, 
  "activity": 0.021494462469135795
}