{
  "bolusiob": 0, 
  "iob": 0.09291049228533332, 
  "activity": 0.011879153439153436
}