{
  "bolusiob": 0.29676442662666663, 
  "iob": 1.2570605874625682, 
  "activity": 0.014209294620811283
}