{
  "bolusiob": 0, 
  "iob": 0.21035295544107774, 
  "activity": -0.0005468870017636678
}