{
  "bolusiob": 0.00974853066666661, 
  "iob": 0.4872924000499326, 
  "activity": 0.005294418077601411
}