{
  "bolusiob": 0, 
  "iob": 0.18022718065548915, 
  "activity": 0.006712098500881833
}