{
  "bolusiob": 0.025558020999999962, 
  "iob": 0.8021706774018527, 
  "activity": 0.01949865934744268
}