{
  "bolusiob": 0, 
  "iob": 0.10069066032166674, 
  "activity": 0.0179295238095238
}