{
  "bolusiob": 0.08366245333333339, 
  "iob": 1.234367783228889, 
  "activity": 0.02765396825396825
}