{
  "bolusiob": 0, 
  "iob": 0.34755005430055563, 
  "activity": 0.007827160493827158
}