{
  "bolusiob": 0.03801529499999984, 
  "iob": 1.4432239177631054, 
  "activity": 0.023870170264550263
}