{
  "bolusiob": 0.4424452313600001, 
  "iob": 1.4244651739555558, 
  "activity": 0.028341481481481474
}