{
  "bolusiob": 0, 
  "iob": 0.16374425425155803, 
  "activity": 0.003045672839506172
}