{
  "bolusiob": 0, 
  "iob": 0.022352640270106524, 
  "activity": 0.0014895148148148145
}