{
  "bolusiob": 0, 
  "iob": 0.06725659406102652, 
  "activity": 0.0014175924162257488
}