{
  "bolusiob": 0, 
  "iob": 0.454273943591712, 
  "activity": 0.0049292968253968235
}