{
  "bolusiob": 0, 
  "iob": 0.7301218416928732, 
  "activity": 0.0072565609523809515
}