{
  "bolusiob": 0, 
  "iob": -0.09477976832702059, 
  "activity": 0.00301024164021164
}