{
  "bolusiob": 1.8232792000000004, 
  "iob": 2.5505036620768946, 
  "activity": 0.012018838888888881
}