{
  "bolusiob": 0.8947644179200002, 
  "iob": 2.4370710462355554, 
  "activity": 0.02558456790123456
}