{
  "bolusiob": 0, 
  "iob": 0.2026013709067725, 
  "activity": 0.004720892151675484
}