{
  "bolusiob": 0, 
  "iob": -0.04339861371986113, 
  "activity": -0.0015352292768959434
}