{
  "bolusiob": 0.020919188359999896, 
  "iob": 1.228139099909778, 
  "activity": 0.028980863932980598
}