{
  "bolusiob": 0.06036854213333332, 
  "iob": 1.3991706320195236, 
  "activity": 0.029036454761904758
}