{
  "bolusiob": -9.272746666677545e-05, 
  "iob": 1.0646961625396472, 
  "activity": 0.02179897029982363
}