{
  "bolusiob": 0, 
  "iob": 0.6168969156894445, 
  "activity": 0.004859770723104057
}