{
  "bolusiob": 0, 
  "iob": 0.2981489488058507, 
  "activity": 0.0063717078483245156
}