{
  "bolusiob": 0.17911591253333337, 
  "iob": 0.596705467931111, 
  "activity": 0.012896631393298056
}