{
  "bolusiob": 0, 
  "iob": -0.07194677752000005, 
  "activity": 0.003700493827160491
}