{
  "bolusiob": 0.08658246221333342, 
  "iob": 0.8619512919431945, 
  "activity": 0.016099550264550257
}