{
  "bolusiob": 0, 
  "iob": 0.11577096020193114, 
  "activity": 0.002004400229276895
}