{
  "bolusiob": 1.756120490248889, 
  "iob": 2.614419290157142, 
  "activity": 0.01824353906525572
}