{
  "bolusiob": 0, 
  "iob": 0.20367821047985454, 
  "activity": 0.006278482363315695
}