{
  "bolusiob": 0.010246748799999983, 
  "iob": 0.4212654039581269, 
  "activity": 0.021443771693121685
}