{
  "bolusiob": 0, 
  "iob": 0.012825406351666676, 
  "activity": 0.0007189594356261024
}