{
  "bolusiob": 0.50687666016, 
  "iob": 1.9513588878189536, 
  "activity": 0.02618709040564374
}