{
  "bolusiob": 0, 
  "iob": 0.05743558328034723, 
  "activity": 0.004618042328042327
}