{
  "bolusiob": 0, 
  "iob": 0.6012186283300001, 
  "activity": 0.01604179894179894
}