{
  "bolusiob": 0, 
  "iob": 0.7125174237665545, 
  "activity": 0.004995374973544972
}