{
  "bolusiob": 0, 
  "iob": -0.5916456745214704, 
  "activity": -0.00514590820105821
}