{
  "bolusiob": 0, 
  "iob": 0.21449024513444448, 
  "activity": 0.0020182716049382717
}