{
  "bolusiob": 0, 
  "iob": 0.25712880967229623, 
  "activity": 0.0007294004409171074
}