{
  "bolusiob": 0, 
  "iob": 0.04855544785802395, 
  "activity": 0.00340125229276896
}