{
  "bolusiob": 0, 
  "iob": -0.15599925617641952, 
  "activity": -0.002099514638447972
}