{
  "bolusiob": 0, 
  "iob": 0.6574763800290013, 
  "activity": 0.0074306180246913565
}