{
  "bolusiob": 0.05393257549333337, 
  "iob": 0.8494820237873761, 
  "activity": 0.025605281992945327
}