{
  "bolusiob": 0.010700503586666521, 
  "iob": 1.1136018042473999, 
  "activity": 0.035003814250440905
}