{
  "bolusiob": 0, 
  "iob": 0.3294128953070247, 
  "activity": 0.007627508059964727
}