{
  "bolusiob": 0, 
  "iob": -0.10771308266447993, 
  "activity": 0.0027614813580246907
}