{
  "bolusiob": 0, 
  "iob": 0.126832703858011, 
  "activity": -0.0003575395590828894
}