{
  "bolusiob": 0, 
  "iob": 0.0012414577449999964, 
  "activity": 0.00021613756613756612
}