{
  "bolusiob": 0, 
  "iob": 0.22476665804743057, 
  "activity": -0.003027239858906525
}