{
  "bolusiob": 0, 
  "iob": -0.2982347349558189, 
  "activity": -0.003016446137566137
}