{
  "bolusiob": 0.7709870454044445, 
  "iob": 0.7912824466844445, 
  "activity": 0.0011713580246913578
}