{
  "bolusiob": 0, 
  "iob": 0.11068602090277779, 
  "activity": 0.0016022045855379188
}