{
  "bolusiob": 0, 
  "iob": 0.21732995078666673, 
  "activity": 0.0019919223985890655
}