{
  "bolusiob": 0, 
  "iob": 0.3010201058920834, 
  "activity": 0.0052528483245149905
}