{
  "bolusiob": 2.218648144497778, 
  "iob": 2.619860561676871, 
  "activity": 0.009058571552028218
}