{
  "bolusiob": 0, 
  "iob": 0.05820181540808898, 
  "activity": 0.0008496471604938264
}