{
  "bolusiob": 0, 
  "iob": 0.27516012798166656, 
  "activity": 0.002153968253968251
}