{
  "bolusiob": 1.109610095128889, 
  "iob": 1.6085476631577778, 
  "activity": 0.007443518518518518
}