{
  "bolusiob": 0, 
  "iob": 0.25985529390743367, 
  "activity": 0.005075560317460317
}