{
  "bolusiob": 0, 
  "iob": 0.27232574536666665, 
  "activity": 0.010153880070546736
}