{
  "bolusiob": 0, 
  "iob": -0.18040653777875, 
  "activity": -0.0014883774250440914
}