{
  "bolusiob": 0, 
  "iob": 0.8178280749928092, 
  "activity": 0.0066772191005291
}