{
  "bolusiob": 0, 
  "iob": 0.17066862247111114, 
  "activity": 0.0013033509700176365
}