{
  "bolusiob": 0, 
  "iob": 0.6298688020663461, 
  "activity": 0.0052559214462081115
}