{
  "bolusiob": 0.004143678199999723, 
  "iob": 0.6788237270500002, 
  "activity": 0.01508201058201058
}