{
  "bolusiob": 0, 
  "iob": -0.08091668607894856, 
  "activity": 0.0007266463492063471
}