{
  "bolusiob": 0, 
  "iob": 0.5113980766963803, 
  "activity": 0.0073012343033509695
}