{
  "bolusiob": 0, 
  "iob": 0.20679386694786436, 
  "activity": -0.0013230598412698412
}