{
  "bolusiob": 0, 
  "iob": 0.46729038295397585, 
  "activity": 0.009568394797178128
}