{
  "bolusiob": 0, 
  "iob": -0.07287323152279779, 
  "activity": -0.0017698187125220455
}