{
  "bolusiob": 0, 
  "iob": -0.6109342492921557, 
  "activity": -0.006827980705467372
}