{
  "bolusiob": 0, 
  "iob": 0.7787089292549704, 
  "activity": 0.006552877865961199
}