{
  "bolusiob": 0, 
  "iob": 0.4204235884409439, 
  "activity": 0.001561614074074074
}