{
  "bolusiob": 0, 
  "iob": 0.1379919917243442, 
  "activity": -0.0006938093298059964
}