{
  "bolusiob": 0, 
  "iob": 0.5126524901722223, 
  "activity": 0.007661834215167548
}