{
  "bolusiob": 0.0020137413333332077, 
  "iob": 1.2127095468400002, 
  "activity": 0.023299065255731922
}