{
  "bolusiob": 0, 
  "iob": 0.3042027417984953, 
  "activity": 0.0017895945502645497
}