{
  "bolusiob": 0, 
  "iob": -0.20582206744993983, 
  "activity": -0.0011634263668430338
}