{
  "bolusiob": 4.7694156473066665, 
  "iob": 5.319625582928842, 
  "activity": 0.006248827530864195
}