{
  "bolusiob": 0, 
  "iob": 0.6659403619395878, 
  "activity": 0.007751482222222221
}