{
  "bolusiob": 0.0022557534666665102, 
  "iob": 0.3230928253666668, 
  "activity": 0.010899911816578484
}