{
  "bolusiob": 0, 
  "iob": 0.0197690856033332, 
  "activity": 0.005609770723104054
}