{
  "bolusiob": 0, 
  "iob": 0.49521996994149037, 
  "activity": 0.005425377054673721
}