{
  "bolusiob": 0.1454366373333334, 
  "iob": 1.6338139352642451, 
  "activity": 0.038108112786596114
}