{
  "bolusiob": 0, 
  "iob": 0.4627182231494401, 
  "activity": 0.006638921446208112
}