{
  "bolusiob": 0, 
  "iob": 0.7184808153208211, 
  "activity": 0.007785097107583775
}