{
  "bolusiob": 0, 
  "iob": 0.24998730991666665, 
  "activity": 0.007925044091710758
}