{
  "bolusiob": 0, 
  "iob": -0.19868351435507475, 
  "activity": -0.004410140828924161
}