{
  "bolusiob": 0, 
  "iob": -0.5153673461169909, 
  "activity": -0.003673351040564374
}