{
  "bolusiob": 0.6352248014133335, 
  "iob": 2.4003038785609725, 
  "activity": 0.030285088183421512
}