{
  "bolusiob": 2.4560872280000003, 
  "iob": 2.3669781093925, 
  "activity": 0.00864530864197531
}