{
  "bolusiob": 0.7741909674488889, 
  "iob": 1.2853254412866666, 
  "activity": 0.007844567901234566
}