{
  "bolusiob": 0, 
  "iob": 0.47276380385666644, 
  "activity": 0.019669488536155195
}