{
  "bolusiob": 0, 
  "iob": 0.2897780415575556, 
  "activity": 0.007405026455026454
}