{
  "bolusiob": 0, 
  "iob": 0.5351259493344336, 
  "activity": 0.0036136159435626097
}