{
  "bolusiob": 0, 
  "iob": 0.7504631190038417, 
  "activity": 0.02604730178130511
}