{
  "bolusiob": 0.0007134054399999812, 
  "iob": 0.7697178627532978, 
  "activity": 0.018765177619047616
}