{
  "bolusiob": 0.6484077912711111, 
  "iob": 1.9612932215369445, 
  "activity": 0.025788827160493823
}