{
  "bolusiob": 2.348610112, 
  "iob": 2.583707453841667, 
  "activity": 0.01992586419753086
}