{
  "bolusiob": 0, 
  "iob": 0.16613434021268275, 
  "activity": 0.004973210052910054
}