{
  "bolusiob": 0, 
  "iob": 0.3827593051231111, 
  "activity": 0.004528915343915344
}