{
  "bolusiob": 0, 
  "iob": -0.16819138522923618, 
  "activity": -0.0008545590828924161
}