{
  "bolusiob": 0, 
  "iob": 1.1305633282000005, 
  "activity": 0.03496772486772487
}