{
  "bolusiob": 0.3323677581866666, 
  "iob": 2.2287595693427154, 
  "activity": 0.04291414453262786
}