{
  "bolusiob": 0.09164259639999983, 
  "iob": 1.4713659224333333, 
  "activity": 0.032340917107583765
}