{
  "bolusiob": 0, 
  "iob": 0.08341753700555554, 
  "activity": 0.0020368606701940033
}