{
  "bolusiob": 0, 
  "iob": 0.8719282606748068, 
  "activity": 0.013417778148148148
}