{
  "bolusiob": 2.3976863243155555, 
  "iob": 3.720782001548625, 
  "activity": 0.029650140564373893
}