{
  "bolusiob": 2.36241627264, 
  "iob": 4.1286164391213545, 
  "activity": 0.03709109788359788
}