{
  "bolusiob": 0.27092860519999995, 
  "iob": 1.726443405578889, 
  "activity": 0.04171874779541446
}