{
  "bolusiob": 0.3479025170488889, 
  "iob": 0.6954461249844446, 
  "activity": 0.006535978835978835
}