{
  "bolusiob": 0, 
  "iob": 0.17838665975668191, 
  "activity": 0.003591131569664902
}