{
  "bolusiob": 0, 
  "iob": 0.6832682937222222, 
  "activity": 0.008490352733686066
}