{
  "bolusiob": 1.3669865856, 
  "iob": 2.77832510122, 
  "activity": 0.023929894179894176
}