{
  "bolusiob": 0, 
  "iob": 0.9276358977264059, 
  "activity": 0.018779153174603175
}