{
  "bolusiob": 0.5814613085866668, 
  "iob": 1.3492925950164127, 
  "activity": 0.025017010476190475
}