{
  "bolusiob": 0, 
  "iob": 0.47024438561986115, 
  "activity": 0.005013959435626101
}