{
  "bolusiob": 1.582260586, 
  "iob": 3.2081489852031666, 
  "activity": 0.041027429541446205
}