{
  "bolusiob": 0, 
  "iob": -0.5036997707216667, 
  "activity": -0.004045061728395061
}