{
  "bolusiob": 0, 
  "iob": 0.3272062110813563, 
  "activity": 0.003219277266313933
}