{
  "bolusiob": 0, 
  "iob": 0.5393666882458891, 
  "activity": 0.016508888888888885
}