{
  "bolusiob": 1.2796023847822222, 
  "iob": 1.7034602980982667, 
  "activity": 0.004263941798941798
}