{
  "bolusiob": 0.21503601402666664, 
  "iob": 1.6905857983027306, 
  "activity": 0.028343857160493827
}