{
  "bolusiob": 0, 
  "iob": 0.19754702759927545, 
  "activity": 0.007033897601410934
}