{
  "bolusiob": 0, 
  "iob": 0.781383717343825, 
  "activity": 0.0064693507231040545
}