{
  "bolusiob": 0, 
  "iob": -0.2726033610883334, 
  "activity": -0.0002939506172839507
}