{
  "bolusiob": 0, 
  "iob": -0.16861717205688892, 
  "activity": -0.001655555555555555
}