{
  "bolusiob": 0, 
  "iob": -0.1969821077782039, 
  "activity": -4.3456931216932916e-05
}