{
  "bolusiob": 4.5471341868933335, 
  "iob": 5.242840662511726, 
  "activity": 0.012033977442680775
}