{
  "bolusiob": 0, 
  "iob": 0.5424544752603874, 
  "activity": 0.01401816626102292
}