{
  "bolusiob": 0, 
  "iob": 0.4912516241911112, 
  "activity": 0.008049453262786596
}