{
  "bolusiob": 0, 
  "iob": 0.22350683079979175, 
  "activity": 0.002248192239858906
}