{
  "bolusiob": 0, 
  "iob": -0.27689107810809505, 
  "activity": -0.0020040472663139324
}