{
  "bolusiob": 0, 
  "iob": 0.028596824886319407, 
  "activity": -0.0028934656084656095
}