{
  "bolusiob": 0, 
  "iob": 0.0024176521731606865, 
  "activity": -0.003798659523809522
}