{
  "bolusiob": 0, 
  "iob": 0.7357579197144123, 
  "activity": 0.008017243562610226
}