{
  "bolusiob": 0, 
  "iob": 0.4722989855788515, 
  "activity": 0.0015217818694885361
}