{
  "bolusiob": 0, 
  "iob": 0.3592058972264123, 
  "activity": 0.0032072310582010573
}