{
  "bolusiob": 0.12201028190666673, 
  "iob": 2.2708878232301393, 
  "activity": 0.039919938271604935
}