{
  "bolusiob": 0, 
  "iob": 0.0866894880549646, 
  "activity": -0.0007854849029982361
}