{
  "bolusiob": 1.050791028906667, 
  "iob": 2.987357187612571, 
  "activity": 0.03637024153439153
}