{
  "bolusiob": 0, 
  "iob": 0.3556255053984836, 
  "activity": 0.004245204955908288
}