{
  "bolusiob": 0, 
  "iob": -0.08353605096055572, 
  "activity": 0.001451763668430332
}