{
  "bolusiob": 0, 
  "iob": -0.10703149789577782, 
  "activity": -0.0022385820105820095
}