{
  "bolusiob": 0.14002831999999998, 
  "iob": 1.4388519699466662, 
  "activity": 0.037532557319223975
}