{
  "bolusiob": 1.02923433984, 
  "iob": 1.1012680975440123, 
  "activity": 0.0047355467372134025
}