{
  "bolusiob": 0.9257739157333333, 
  "iob": 1.9459307006228654, 
  "activity": 0.02119867698412698
}