{
  "bolusiob": 0, 
  "iob": 0.6199520411442223, 
  "activity": 0.006622239858906526
}