{
  "bolusiob": 3.6129051222800004, 
  "iob": 5.023976479228889, 
  "activity": 0.02594874779541445
}