{
  "bolusiob": 0, 
  "iob": 0.6568556146388889, 
  "activity": 0.008992821869488535
}