{
  "bolusiob": 0, 
  "iob": -0.2625120343256044, 
  "activity": -0.0018424163492063489
}