{
  "bolusiob": 0.03165149833333333, 
  "iob": 0.08803085491299997, 
  "activity": 0.0016989241622574957
}