{
  "bolusiob": 2.407689416657778, 
  "iob": 3.4853545465283333, 
  "activity": 0.033187319223985885
}