{
  "bolusiob": 0, 
  "iob": 0.3277680102442666, 
  "activity": 0.00812260455026455
}