{
  "bolusiob": 0, 
  "iob": -0.0913076847666577, 
  "activity": -0.0005124692592592592
}