{
  "bolusiob": 0, 
  "iob": -0.27047386692368264, 
  "activity": -0.007067234479717811
}