{
  "bolusiob": 0, 
  "iob": -0.2735482800924445, 
  "activity": -0.001852874779541446
}