{
  "bolusiob": 0, 
  "iob": -0.10748314234757406, 
  "activity": -0.0022745679894179893
}