{
  "bolusiob": 1.923455440711111, 
  "iob": 2.311682869928889, 
  "activity": 0.014652663139329804
}