{
  "bolusiob": 0.7192379839999999, 
  "iob": 1.4883173626333335, 
  "activity": 0.034158624338624335
}