{
  "bolusiob": 0, 
  "iob": 0.10611205854111103, 
  "activity": 0.0012977072310405625
}