{
  "bolusiob": 0.03369593333333343, 
  "iob": 0.5929240966766667, 
  "activity": 0.012234038800705466
}