{
  "bolusiob": 2.9430643344, 
  "iob": 3.3508618774066665, 
  "activity": 0.01866313932980599
}