{
  "bolusiob": 0, 
  "iob": 0.17151089084277776, 
  "activity": 0.002212186948853615
}