{
  "bolusiob": 0, 
  "iob": 0.2119148383536836, 
  "activity": 0.004807368342151674
}