{
  "bolusiob": 0, 
  "iob": -0.24920021550850735, 
  "activity": 0.0017446909876543207
}