{
  "bolusiob": 0, 
  "iob": 0.5545787706942222, 
  "activity": 0.01140444444444443
}