{
  "bolusiob": 0, 
  "iob": 0.7915304550422221, 
  "activity": 0.021879647266313924
}