{
  "bolusiob": 0, 
  "iob": 0.2562308896856995, 
  "activity": 0.0005726632275132237
}