{
  "bolusiob": 0, 
  "iob": -0.12794303435875004, 
  "activity": -0.0008869841269841267
}