{
  "bolusiob": 1.5029921299066666, 
  "iob": 1.7930633014433717, 
  "activity": 0.00963918897707231
}