{
  "bolusiob": 0.5648237824000001, 
  "iob": 1.7186262145011613, 
  "activity": 0.02255820079365079
}