{
  "bolusiob": 0, 
  "iob": 0.5894120627135643, 
  "activity": 0.012285608589065255
}