{
  "bolusiob": 1.2520388413866668, 
  "iob": 2.336186637440871, 
  "activity": 0.01723864209876543
}