{
  "bolusiob": 0, 
  "iob": -0.6215107727104418, 
  "activity": -0.002570493738977075
}