{
  "bolusiob": 0, 
  "iob": 1.3042569408379168, 
  "activity": 0.03120425925925925
}