{
  "bolusiob": 0.011119587200000058, 
  "iob": 1.3321170145270642, 
  "activity": 0.022295136190476194
}