{
  "bolusiob": 0, 
  "iob": 0.717748471965456, 
  "activity": 0.00770582058201058
}