{
  "bolusiob": 0.6452296302000001, 
  "iob": 2.193141106661458, 
  "activity": 0.033005776014109346
}