{
  "bolusiob": 0, 
  "iob": 0.3568799080379184, 
  "activity": 0.0034095111287477946
}