{
  "bolusiob": -7.724458666666934e-05, 
  "iob": 0.44220824955666665, 
  "activity": 0.012084832451499116
}