{
  "bolusiob": 0, 
  "iob": -0.6027588880915279, 
  "activity": -0.007793324514991181
}