{
  "bolusiob": 0, 
  "iob": -0.06033577169333336, 
  "activity": -0.0015681305114638444
}