{
  "bolusiob": 0, 
  "iob": 0.20806066691000002, 
  "activity": 0.006475767195767195
}