{
  "bolusiob": 0, 
  "iob": 0.16717754882944447, 
  "activity": 0.002228553791887125
}