{
  "bolusiob": 0, 
  "iob": -0.321629719448, 
  "activity": -0.001531111111111111
}