{
  "bolusiob": 0, 
  "iob": 0.49130726179316303, 
  "activity": 0.004281675714285714
}