{
  "bolusiob": 0, 
  "iob": 0.49389776589838974, 
  "activity": 0.007227601604938269
}