{
  "bolusiob": 0, 
  "iob": -0.26707612019434596, 
  "activity": -0.0028260846913580233
}