{
  "bolusiob": 0, 
  "iob": 0.09711909953611111, 
  "activity": 0.0002551234567901234
}