{
  "bolusiob": 0, 
  "iob": 0.5605417702224577, 
  "activity": 0.0051831873721340386
}