{
  "bolusiob": 0, 
  "iob": 0.13961013466387864, 
  "activity": 0.008141913386243383
}