{
  "bolusiob": 0, 
  "iob": 0.44588844860298615, 
  "activity": 0.001941587301587301
}