{
  "bolusiob": 0, 
  "iob": 0.2159751162384861, 
  "activity": 0.00040507936507936526
}