{
  "bolusiob": 0, 
  "iob": 0.07427721757847222, 
  "activity": 0.004537892416225749
}