{
  "bolusiob": 0, 
  "iob": 0.37992372970428245, 
  "activity": 0.005140573015873015
}