{
  "bolusiob": 0, 
  "iob": -0.2587139285488889, 
  "activity": -0.0028735537918871245
}