{
  "bolusiob": 0, 
  "iob": 0.2811068799377778, 
  "activity": 0.002451111111111111
}