{
  "bolusiob": 0, 
  "iob": 0.26534433236929317, 
  "activity": 0.004543739100529098
}