{
  "bolusiob": 0.0016525547866665937, 
  "iob": 0.8834471509313274, 
  "activity": 0.03281169035273368
}