{
  "bolusiob": 0, 
  "iob": 1.0787725462217415, 
  "activity": 0.022918342328042324
}