{
  "bolusiob": 0, 
  "iob": 0.13025739475844653, 
  "activity": 0.0026461280776014103
}