{
  "bolusiob": 0, 
  "iob": 0.4904730922237027, 
  "activity": 0.010047107954144608
}