{
  "bolusiob": 1.4492743873777778, 
  "iob": 3.571102837889261, 
  "activity": 0.03461822760141093
}