{
  "bolusiob": 2.0592980472, 
  "iob": 3.454013529048611, 
  "activity": 0.022108950617283945
}