{
  "bolusiob": 1.0828838869688888, 
  "iob": 1.9856180528076388, 
  "activity": 0.014071313932980596
}