{
  "bolusiob": 0, 
  "iob": -0.043270570748066416, 
  "activity": 0.012878915097001762
}