{
  "bolusiob": 0, 
  "iob": 0.17256137785422698, 
  "activity": -0.0005254232451499118
}