{
  "bolusiob": 0.4765067000000001, 
  "iob": 1.0715724852022221, 
  "activity": 0.009489382716049382
}