{
  "bolusiob": 0, 
  "iob": -0.2579666310250515, 
  "activity": -0.007889594268077602
}