{
  "bolusiob": 0, 
  "iob": 0.23683693858833335, 
  "activity": 0.003530440917107583
}