{
  "bolusiob": 0.44967780906666666, 
  "iob": 1.6275755721196992, 
  "activity": 0.02307848298059964
}