{
  "bolusiob": 0, 
  "iob": 0.6920165091765302, 
  "activity": 0.007357408148148144
}