{
  "bolusiob": 1.3087537214577776, 
  "iob": 1.3736535796977776, 
  "activity": 0.0028276543209876533
}