{
  "bolusiob": 0.7560522418, 
  "iob": 2.3907633000955557, 
  "activity": 0.03564740740740739
}