{
  "bolusiob": 0, 
  "iob": 0.8511884009475555, 
  "activity": 0.018667460317460312
}