{
  "bolusiob": 0, 
  "iob": 0.7403948610760739, 
  "activity": 0.006862240335097003
}