{
  "bolusiob": 2.5205230592711114, 
  "iob": 2.8519775909844443, 
  "activity": 0.014424620811287477
}