{
  "bolusiob": 0, 
  "iob": 0.04765565608888888, 
  "activity": 0.00018296296296296292
}