{
  "bolusiob": 0, 
  "iob": -0.3999237616698612, 
  "activity": -0.008086128747795414
}