{
  "bolusiob": 0, 
  "iob": 0.4008866252932096, 
  "activity": 0.00399619934744268
}