{
  "bolusiob": 0, 
  "iob": -0.6162261478834444, 
  "activity": -0.0032749206349206327
}