{
  "bolusiob": 0, 
  "iob": 0.18848447426540132, 
  "activity": 0.0036052959611992943
}