{
  "bolusiob": 0, 
  "iob": 0.5427453578170832, 
  "activity": 0.006696604938271603
}