{
  "bolusiob": 0, 
  "iob": 0.15454468667616375, 
  "activity": 0.001176499029982363
}