{
  "bolusiob": 0, 
  "iob": 0.22855596515369844, 
  "activity": 0.0023834571604938273
}