{
  "bolusiob": 0, 
  "iob": 0.15438051983096807, 
  "activity": 0.0008286508465608468
}