{
  "bolusiob": 1.181541771377778, 
  "iob": 2.0734076568331123, 
  "activity": 0.020350705202821864
}