{
  "bolusiob": 0, 
  "iob": -0.4945916517355557, 
  "activity": -0.005895714285714285
}