{
  "bolusiob": 0, 
  "iob": 0.22756123140833334, 
  "activity": 0.01062495590828924
}