{
  "bolusiob": 0, 
  "iob": 0.37508529365439625, 
  "activity": 0.003075467742504408
}