{
  "bolusiob": 1.2961923538488889, 
  "iob": 1.720953217502778, 
  "activity": 0.003396869488536154
}