{
  "bolusiob": 0, 
  "iob": 0.042802910621111113, 
  "activity": 0.0013534567901234563
}