{
  "bolusiob": 0, 
  "iob": 0.12195369636736111, 
  "activity": 0.0005569576719576718
}