{
  "bolusiob": 1.0988591680000002, 
  "iob": 1.490177035295734, 
  "activity": 0.004915838112874779
}