{
  "bolusiob": 1.3402372200000001, 
  "iob": 2.323118923450938, 
  "activity": 0.026898607072310402
}