{
  "bolusiob": 0, 
  "iob": 0.9728262255768054, 
  "activity": 0.018925158730158723
}