{
  "bolusiob": 0.6219722833333334, 
  "iob": 1.3568280033736273, 
  "activity": 0.010653218906525569
}