{
  "bolusiob": 0, 
  "iob": -0.2203863224061111, 
  "activity": -0.0013588977072310404
}