{
  "bolusiob": 0, 
  "iob": -0.15035122959833333, 
  "activity": 0.00033719576719576686
}