{
  "bolusiob": 0, 
  "iob": 0.632404173532444, 
  "activity": 0.008538896384479714
}