{
  "bolusiob": 0, 
  "iob": 0.7018316209904001, 
  "activity": 0.009359154126984123
}