{
  "bolusiob": 0, 
  "iob": 0.11912728021197957, 
  "activity": 0.0018188889770723111
}