{
  "bolusiob": 1.0716059591111113, 
  "iob": 1.6547832569106544, 
  "activity": 0.0074152760846560835
}