{
  "bolusiob": 0.17998530018666653, 
  "iob": 1.2925980105488888, 
  "activity": 0.025353015873015868
}