{
  "bolusiob": 0, 
  "iob": 0.5882889657193641, 
  "activity": 0.006234259629629625
}