{
  "bolusiob": 0, 
  "iob": -0.1061327282207516, 
  "activity": -0.0007359875661375686
}