{
  "bolusiob": 0, 
  "iob": 0.5983898213058888, 
  "activity": 0.0070882363315696644
}