{
  "bolusiob": 0, 
  "iob": -0.0951758007553812, 
  "activity": -0.00125107582010582
}