{
  "bolusiob": 1.3241058631111111, 
  "iob": 1.7939339940487222, 
  "activity": 0.014325484744268074
}