{
  "bolusiob": 0, 
  "iob": -0.15092301107777778, 
  "activity": -4.283950617283947e-05
}