{
  "bolusiob": 0, 
  "iob": -0.11726299330057974, 
  "activity": 0.001926084391534391
}