{
  "bolusiob": 0.08758480466666674, 
  "iob": 1.7084649549503113, 
  "activity": 0.030273897936507938
}