{
  "bolusiob": 0, 
  "iob": 0.2363986087941321, 
  "activity": 0.005274050634920634
}