{
  "bolusiob": 0, 
  "iob": -0.06702256443388888, 
  "activity": -0.0010879629629629629
}