{
  "bolusiob": 0.0016737600000000796, 
  "iob": 0.8756455400000001, 
  "activity": 0.019788359788359786
}