{
  "bolusiob": 0, 
  "iob": 0.03952501712994904, 
  "activity": -0.0011263755555555553
}