{
  "bolusiob": 0, 
  "iob": 0.0770337008816667, 
  "activity": 0.0017472134038800703
}