{
  "bolusiob": 0, 
  "iob": 0.0002394252799999941, 
  "activity": 0.00010687830687830646
}