{
  "bolusiob": 0, 
  "iob": 0.3658873590461111, 
  "activity": 0.007174973544973544
}