{
  "bolusiob": 0, 
  "iob": 0.6333936942131114, 
  "activity": 0.005959146384479717
}