{
  "bolusiob": 0, 
  "iob": 0.041819635640000005, 
  "activity": 0.0013724867724867723
}