{
  "bolusiob": 0, 
  "iob": 0.5663348434066299, 
  "activity": 0.006673659735449736
}