{
  "bolusiob": 0, 
  "iob": 0.6338708187697772, 
  "activity": 0.017745502645502634
}