{
  "bolusiob": 0, 
  "iob": 0.633542548149778, 
  "activity": 0.013375925925925921
}