{
  "bolusiob": 3.1499529791822227, 
  "iob": 3.464879150196667, 
  "activity": 0.011218686067019399
}