{
  "bolusiob": 0, 
  "iob": 0.2581860607977778, 
  "activity": 0.006035202821869488
}