{
  "bolusiob": 0, 
  "iob": 0.09968478761958334, 
  "activity": 0.0007558818342151678
}