{
  "bolusiob": 0.7018481510399999, 
  "iob": 1.0217496420683332, 
  "activity": 0.004743051146384479
}