{
  "bolusiob": 0.015517167866666792, 
  "iob": 0.5014470236333335, 
  "activity": 0.010569664902998236
}