{
  "bolusiob": 0.5701034204444445, 
  "iob": 0.7380934017777778, 
  "activity": 0.0035456790123456787
}