{
  "bolusiob": 0, 
  "iob": -0.25216836213214305, 
  "activity": -0.004501084479717812
}