{
  "bolusiob": 0, 
  "iob": -0.658723835905475, 
  "activity": -0.005965683668430335
}