{
  "bolusiob": 0.5476362933333337, 
  "iob": 2.666411775827778, 
  "activity": 0.045318483245149914
}