{
  "bolusiob": 0.6666311253333335, 
  "iob": 1.7369417407118055, 
  "activity": 0.022492566137566134
}