{
  "bolusiob": 0, 
  "iob": -0.33110562595553467, 
  "activity": -0.00518539656084656
}