{
  "bolusiob": 0, 
  "iob": 0.2513137906613137, 
  "activity": 0.005713595061728394
}