{
  "bolusiob": 0.8150159843555556, 
  "iob": 0.9493524094222222, 
  "activity": 0.003520987654320987
}