{
  "bolusiob": 0.8461532877466665, 
  "iob": 2.254967586277899, 
  "activity": 0.021905811164021162
}