{
  "bolusiob": 1.1187248962799998, 
  "iob": 4.000551650606666, 
  "activity": 0.04875890652557317
}