{
  "bolusiob": 1.09504679024, 
  "iob": 1.4425473238033335, 
  "activity": 0.013887336860670191
}