{
  "bolusiob": 0, 
  "iob": 0.6693439339797067, 
  "activity": 0.008040449559082887
}