{
  "bolusiob": 0, 
  "iob": 0.5261081725741312, 
  "activity": 0.006713295343915343
}