{
  "bolusiob": 0, 
  "iob": 0.7312187636797582, 
  "activity": 0.007636120405643738
}