{
  "bolusiob": 0, 
  "iob": -0.04922072151944444, 
  "activity": -0.0002804409171075844
}