{
  "bolusiob": 0.32913093818666667, 
  "iob": 1.8296059253257448, 
  "activity": 0.02652264784832451
}