{
  "bolusiob": 0, 
  "iob": 0.19022077348, 
  "activity": 0.0022001499118165786
}