{
  "bolusiob": 0, 
  "iob": 0.16780590019406208, 
  "activity": 0.007023861746031747
}