{
  "bolusiob": 0, 
  "iob": 0.21797306757748136, 
  "activity": 0.0028710050264550255
}