{
  "bolusiob": 0, 
  "iob": 0.700972636036861, 
  "activity": 0.003983792821869488
}