{
  "bolusiob": 0, 
  "iob": -0.20887987384012466, 
  "activity": 0.001309753350970017
}