{
  "bolusiob": 0.02175456693333333, 
  "iob": 0.48561284321777776, 
  "activity": 0.013034567901234563
}