{
  "bolusiob": 0, 
  "iob": 0.5031949021968374, 
  "activity": 0.005016301393298059
}