{
  "bolusiob": 0, 
  "iob": 0.5534586022821693, 
  "activity": 0.0046213670723104045
}