{
  "bolusiob": 0, 
  "iob": 0.5729782014111111, 
  "activity": 0.008379135802469134
}