{
  "bolusiob": 0, 
  "iob": 1.1527204611530493, 
  "activity": 0.0306136508994709
}