{
  "bolusiob": 0, 
  "iob": 0.6361259415522222, 
  "activity": 0.00823086419753086
}