{
  "bolusiob": 1.1259608434133335, 
  "iob": 2.667353549135, 
  "activity": 0.0350379188712522
}