{
  "bolusiob": 0.7798712046666668, 
  "iob": 2.1323968792355865, 
  "activity": 0.021274250564373896
}