{
  "bolusiob": 0, 
  "iob": 0.5216929214979835, 
  "activity": 0.008559843721340388
}