{
  "bolusiob": 0, 
  "iob": 0.6240749404977779, 
  "activity": 0.008486402116402118
}