{
  "bolusiob": 0, 
  "iob": 0.44495718301375004, 
  "activity": 0.004043712522045855
}