{
  "bolusiob": 0, 
  "iob": 0.6076512567367899, 
  "activity": 0.009954960194003526
}