{
  "bolusiob": 0, 
  "iob": 0.14881181498644439, 
  "activity": 0.008002222222222216
}