{
  "bolusiob": 0, 
  "iob": 0.33609780327811123, 
  "activity": 0.0023714109347442685
}