{
  "bolusiob": 0.0038871617066665648, 
  "iob": 0.5729232551769246, 
  "activity": 0.022229285590828922
}