{
  "bolusiob": 0, 
  "iob": -0.26235648278326085, 
  "activity": 0.008403412574955894
}