{
  "bolusiob": 0, 
  "iob": 0.19437255380644888, 
  "activity": 0.0024610052028218687
}