{
  "bolusiob": 0.25347434, 
  "iob": 1.4073328918777779, 
  "activity": 0.02008714285714285
}