{
  "bolusiob": 0, 
  "iob": -0.26421073211403046, 
  "activity": -0.007527054585537917
}