{
  "bolusiob": 0, 
  "iob": 0.26061256409033395, 
  "activity": 0.003433210246913579
}