{
  "bolusiob": 0, 
  "iob": 0.2681896240550868, 
  "activity": 0.0023247177248677245
}