{
  "bolusiob": 0, 
  "iob": 0.5855609254299994, 
  "activity": 0.022040793650793634
}