{
  "bolusiob": 0, 
  "iob": 0.1410645121966668, 
  "activity": 0.008012874779541447
}