{
  "bolusiob": 0, 
  "iob": -0.47264876714355253, 
  "activity": -0.005459549999999999
}