{
  "bolusiob": 2.140998654911111, 
  "iob": 3.598840256896812, 
  "activity": 0.03084054620811287
}