{
  "bolusiob": 0, 
  "iob": -0.06599292911516225, 
  "activity": -0.0010841836860670192
}