{
  "bolusiob": 1.0977690903333335, 
  "iob": 1.9604609556479167, 
  "activity": 0.021606587301587293
}