{
  "bolusiob": 0, 
  "iob": 0.08217486088333337, 
  "activity": 0.005030511463844794
}