{
  "bolusiob": 0, 
  "iob": -0.12633827597999991, 
  "activity": 0.0021174426807760117
}