{
  "bolusiob": 1.0496599737599999, 
  "iob": 1.8803792332357019, 
  "activity": 0.021371023033509694
}