{
  "bolusiob": 0, 
  "iob": 0.48123615254488916, 
  "activity": 0.005151507760141092
}