{
  "bolusiob": 0.2764058189200002, 
  "iob": 1.2141987890702886, 
  "activity": 0.01772595229276895
}