{
  "bolusiob": 0, 
  "iob": -0.016519479140533852, 
  "activity": 0.011543438783068781
}