{
  "bolusiob": 2.7230975557333332, 
  "iob": 4.086223366501739, 
  "activity": 0.023182248765432095
}