{
  "bolusiob": 0, 
  "iob": 0.25487649483833336, 
  "activity": 0.002425723104056437
}