{
  "bolusiob": 0, 
  "iob": -0.03164295983536976, 
  "activity": 0.0008846205467372128
}