{
  "bolusiob": 0, 
  "iob": 0.10373927257181802, 
  "activity": 0.0025102290123456784
}