{
  "bolusiob": 0, 
  "iob": 0.30446155704541666, 
  "activity": 0.004435458553791887
}