{
  "bolusiob": 0, 
  "iob": 0.13812641783728816, 
  "activity": -0.002399127089947088
}