{
  "bolusiob": 0, 
  "iob": 0.151147896596338, 
  "activity": 0.002923033386243387
}