{
  "bolusiob": 0, 
  "iob": 0.4236344963887432, 
  "activity": 0.004014700088183421
}