{
  "bolusiob": 0, 
  "iob": -0.6867594306203628, 
  "activity": 0.0010791711640211598
}