{
  "bolusiob": 0, 
  "iob": -0.10368517025882726, 
  "activity": 0.007926789753086418
}