{
  "bolusiob": 0, 
  "iob": 0.28512049142979545, 
  "activity": 0.002863051058201058
}