{
  "bolusiob": 0, 
  "iob": -0.01767585238208335, 
  "activity": -0.001723853615520282
}