{
  "bolusiob": 0, 
  "iob": 0.6370808646810008, 
  "activity": 0.007862226014109347
}