{
  "bolusiob": 0, 
  "iob": 0.5136172706464445, 
  "activity": 0.009492059964726627
}