{
  "bolusiob": 0, 
  "iob": -0.41166447428833336, 
  "activity": -0.005837830687830687
}