{
  "bolusiob": 0, 
  "iob": 0.27463116885495603, 
  "activity": 0.0034986064550264536
}