{
  "bolusiob": 0, 
  "iob": 0.2866339328484111, 
  "activity": 0.007308535996472663
}