{
  "bolusiob": 0.0595061614933333, 
  "iob": 0.4891503768177778, 
  "activity": 0.008292345679012344
}