{
  "bolusiob": 0, 
  "iob": -0.2517597099526285, 
  "activity": 0.0005511954144620808
}