{
  "bolusiob": 0, 
  "iob": -0.06552352548119814, 
  "activity": -0.0015763665784832486
}