{
  "bolusiob": 0.02961881386666665, 
  "iob": 0.9349521858708888, 
  "activity": 0.02150706878306878
}