{
  "bolusiob": 0, 
  "iob": 0.260792970165528, 
  "activity": 0.004268377160493826
}