{
  "bolusiob": 0, 
  "iob": 0.0046678370266666665, 
  "activity": 0.0004631393298059961
}