{
  "bolusiob": 0, 
  "iob": 0.2934520942509802, 
  "activity": 0.0074195582010581984
}