{
  "bolusiob": 0, 
  "iob": 0.6921899629657048, 
  "activity": 0.0040154594003527335
}