{
  "bolusiob": 0, 
  "iob": 0.027546159426666668, 
  "activity": 0.0011192239858906525
}