{
  "bolusiob": 1.1804352000000002, 
  "iob": 2.004795297261333, 
  "activity": 0.013746278659611989
}