{
  "bolusiob": 0, 
  "iob": 0.06665017862479167, 
  "activity": 0.004841111111111111
}