{
  "bolusiob": 0, 
  "iob": 0.6455913927683334, 
  "activity": 0.01750273368606702
}