{
  "bolusiob": 0, 
  "iob": 0.1887540790943414, 
  "activity": 0.0016571866843033503
}