{
  "bolusiob": 0.8674656704000001, 
  "iob": 2.2762549545999997, 
  "activity": 0.02572865961199294
}