{
  "bolusiob": 0, 
  "iob": -0.2945071077034393, 
  "activity": -0.0045832097883597885
}