{
  "bolusiob": 0, 
  "iob": 0.7018875861222156, 
  "activity": 0.0067945355555555495
}