{
  "bolusiob": 0.8279051483733333, 
  "iob": 0.9818649493316666, 
  "activity": 0.003991164021164019
}