{
  "bolusiob": 0, 
  "iob": 0.10145311955791667, 
  "activity": 0.0006996384479717812
}