{
  "bolusiob": 0, 
  "iob": 0.41296683784444443, 
  "activity": 0.0077203174603174595
}