{
  "bolusiob": 0, 
  "iob": 0.8091675752031551, 
  "activity": 0.015438086895943559
}