{
  "bolusiob": 0.6353937968000001, 
  "iob": 0.9025794292, 
  "activity": 0.005014814814814814
}