{
  "bolusiob": 0.61253302696, 
  "iob": 2.094236735795556, 
  "activity": 0.030189417989417985
}