{
  "bolusiob": 0, 
  "iob": -0.5452648794625553, 
  "activity": 0.0004989947089947092
}