{
  "bolusiob": 1.8767265328000002, 
  "iob": 3.08086844008, 
  "activity": 0.02009576719576719
}