{
  "bolusiob": 0, 
  "iob": -0.4328863218788889, 
  "activity": -0.00587195767195767
}