{
  "bolusiob": 0, 
  "iob": 0.04827449772188895, 
  "activity": 0.0011287566137566146
}