{
  "bolusiob": 0, 
  "iob": 0.22915667112388904, 
  "activity": 0.008296437389770723
}