{
  "bolusiob": 0.27654280437333334, 
  "iob": 0.4139081828548783, 
  "activity": 0.001765464814814815
}