{
  "bolusiob": 0.10023821045333334, 
  "iob": 0.5960649604155557, 
  "activity": 0.011034444444444444
}