{
  "bolusiob": 0, 
  "iob": 0.5940379462817409, 
  "activity": 0.006615004215167548
}