{
  "bolusiob": 0.8252248950000001, 
  "iob": 1.973347920309605, 
  "activity": 0.021208659982363317
}