{
  "bolusiob": 0, 
  "iob": 0.39040927879966736, 
  "activity": 0.0030259792063492053
}