{
  "bolusiob": 0, 
  "iob": 0.31081749400722225, 
  "activity": 0.0032985890652557316
}