{
  "bolusiob": 0, 
  "iob": 0.12514600117666666, 
  "activity": 0.0023802998236331567
}