{
  "bolusiob": 0, 
  "iob": -0.0970604354676882, 
  "activity": -0.0012486330687830687
}