{
  "bolusiob": 0, 
  "iob": 0.284909612318734, 
  "activity": 0.002683024938271605
}