{
  "bolusiob": 0, 
  "iob": 0.10412380363458336, 
  "activity": 0.0006215079365079366
}