{
  "bolusiob": 1.02185575024, 
  "iob": 1.35882171558, 
  "activity": 0.005682098765432098
}