{
  "bolusiob": 0.16788372640000004, 
  "iob": 0.34052315406245864, 
  "activity": 0.0017855822751322746
}