{
  "bolusiob": 0, 
  "iob": -0.44678635576604486, 
  "activity": -0.00775742495590829
}