{
  "bolusiob": 0, 
  "iob": 0.41789672919290827, 
  "activity": 0.0036062053086419743
}