{
  "bolusiob": 0.028032657066666633, 
  "iob": 1.1866099933939045, 
  "activity": 0.022682231446208116
}