{
  "bolusiob": 0, 
  "iob": 0.11193393369125001, 
  "activity": 0.0005033774250440916
}