{
  "bolusiob": 0, 
  "iob": 0.21513145907421358, 
  "activity": 0.0015588220458553792
}