{
  "bolusiob": 0, 
  "iob": 0.3083446143377778, 
  "activity": 0.0018288888888888888
}