{
  "bolusiob": 0, 
  "iob": 0.5674118766088991, 
  "activity": 0.00740471373897707
}