{
  "bolusiob": 0, 
  "iob": 0.21773989280000006, 
  "activity": 0.008719576719576719
}