{
  "bolusiob": 0.9360605160888888, 
  "iob": 1.801668997018146, 
  "activity": 0.03575112862433862
}