{
  "bolusiob": 0, 
  "iob": -0.29803435202, 
  "activity": -0.00039543209876543206
}