{
  "bolusiob": 0, 
  "iob": 0.23676548324722224, 
  "activity": 0.0007420370370370369
}