{
  "bolusiob": 0, 
  "iob": 0.6454109143300001, 
  "activity": 0.029958518518518506
}