{
  "bolusiob": 0, 
  "iob": 1.3018298649200002, 
  "activity": 0.03382751322751323
}