{
  "bolusiob": 0.24439477152000005, 
  "iob": 1.4495996184122222, 
  "activity": 0.028701005291005287
}