{
  "bolusiob": 3.6527409767822228, 
  "iob": 3.751705646539562, 
  "activity": 0.002500661463844797
}