{
  "bolusiob": 0, 
  "iob": 0.1111806247977643, 
  "activity": 0.0027098322751322743
}