{
  "bolusiob": 0.7379886887822222, 
  "iob": 1.2338271008088888, 
  "activity": 0.013732204585537915
}