{
  "bolusiob": 0, 
  "iob": 0.11513311291111111, 
  "activity": 0.0017507054673721336
}