{
  "bolusiob": 0, 
  "iob": 0.5719569432764721, 
  "activity": 0.0070760853791887015
}