{
  "bolusiob": 0, 
  "iob": -0.594173340238111, 
  "activity": -0.00010433862433862873
}