{
  "bolusiob": 0, 
  "iob": -0.17261778135041667, 
  "activity": -0.0016040388007054673
}