{
  "bolusiob": 0, 
  "iob": 0.0005387498200000063, 
  "activity": 0.00015820105820105803
}