{
  "bolusiob": 0, 
  "iob": -0.043694810848888876, 
  "activity": 0.0004352204585537917
}