{
  "bolusiob": 0, 
  "iob": 0.24390538100782583, 
  "activity": 0.0030617810405643734
}