{
  "bolusiob": 0, 
  "iob": -0.24796569632222223, 
  "activity": -0.00027839506172839504
}