{
  "bolusiob": 0, 
  "iob": 0.07688524861088106, 
  "activity": 0.004262129188712522
}