{
  "bolusiob": 0, 
  "iob": -0.36833988349799107, 
  "activity": -0.00500542340388007
}