{
  "bolusiob": 0, 
  "iob": 0.10460448361666666, 
  "activity": 0.0023056437389770723
}