{
  "bolusiob": 0, 
  "iob": 0.4961269129275153, 
  "activity": 0.0039943387301587295
}