{
  "bolusiob": 0, 
  "iob": 0.44854013301997, 
  "activity": 0.004203712539682539
}