{
  "bolusiob": 0.8772011782, 
  "iob": 1.6665296453151388, 
  "activity": 0.013140396825396822
}