{
  "bolusiob": 0.18233725440000015, 
  "iob": 2.977198098410001, 
  "activity": 0.06419312169312168
}