{
  "bolusiob": 0, 
  "iob": 0.13195169816004632, 
  "activity": 0.0032111311816578484
}