{
  "bolusiob": 0.3208800145599997, 
  "iob": 1.8763549625900002, 
  "activity": 0.03077661375661375
}