{
  "bolusiob": 0.26235386709333336, 
  "iob": 2.024919778262835, 
  "activity": 0.04133049373897707
}