{
  "bolusiob": 0, 
  "iob": -0.24731582720722223, 
  "activity": -0.00033648148148148144
}