{
  "bolusiob": 0, 
  "iob": -0.2534133682545596, 
  "activity": 0.0003282715167548501
}