{
  "bolusiob": 0, 
  "iob": -0.43765752855500006, 
  "activity": -0.005688994708994709
}