{
  "bolusiob": 0.004871653333333281, 
  "iob": 0.8478317563400002, 
  "activity": 0.02414074074074074
}