{
  "bolusiob": 0, 
  "iob": -0.2894542628531667, 
  "activity": -0.004833827160493826
}