{
  "bolusiob": 0.7808833432177777, 
  "iob": 0.9022475837294446, 
  "activity": 0.003805873015873015
}