{
  "bolusiob": 0, 
  "iob": 0.4958072867845478, 
  "activity": 0.006297442663139328
}