{
  "bolusiob": 0.4306078272000001, 
  "iob": 1.309720834492, 
  "activity": 0.01731111111111111
}