{
  "bolusiob": 1.0517291345244446, 
  "iob": 1.4303292027234633, 
  "activity": 0.006363457160493826
}