{
  "bolusiob": 0.05266632213333322, 
  "iob": 1.1959427144444446, 
  "activity": 0.03354779541446206
}