{
  "bolusiob": 0.14382466367999966, 
  "iob": 1.648074920534444, 
  "activity": 0.03499496472663138
}