{
  "bolusiob": 0, 
  "iob": 0.5915851895477778, 
  "activity": 0.004314074074074074
}