{
  "bolusiob": 0, 
  "iob": -0.07901236559074873, 
  "activity": -0.0020952380070546734
}