{
  "bolusiob": 0, 
  "iob": -0.1792269827799258, 
  "activity": -0.003375140828924162
}