{
  "bolusiob": 0, 
  "iob": 0.48666198912023667, 
  "activity": 0.00842583758377425
}