{
  "bolusiob": 0, 
  "iob": -0.2545581919226389, 
  "activity": -0.005680149911816578
}