{
  "bolusiob": 0, 
  "iob": 0.13018124943902779, 
  "activity": -0.00045468253968253963
}