{
  "bolusiob": 1.2664862415644444, 
  "iob": 1.4681461461583492, 
  "activity": 0.00392518553791887
}