{
  "bolusiob": 0.7044607093333334, 
  "iob": 1.7037230931288891, 
  "activity": 0.028727407407407403
}