{
  "bolusiob": 0, 
  "iob": 0.40930239679157965, 
  "activity": 0.004025317513227512
}