{
  "bolusiob": 0.01262295226666632, 
  "iob": 0.581716306481018, 
  "activity": 0.021909664638447967
}