{
  "bolusiob": 0, 
  "iob": 0.31837504521016835, 
  "activity": 0.018754285343915336
}