{
  "bolusiob": 0, 
  "iob": 0.17598806121169064, 
  "activity": 0.003018399118165784
}