{
  "bolusiob": 2.0111697369377777, 
  "iob": 3.534503515750698, 
  "activity": 0.03145088130511463
}