{
  "bolusiob": 0.22312193865333324, 
  "iob": 1.8473352486022225, 
  "activity": 0.0369400705467372
}