{
  "bolusiob": 1.0399853333333335, 
  "iob": 1.8417143520955555, 
  "activity": 0.017320970017636682
}