{
  "bolusiob": 0.4269792331733334, 
  "iob": 1.5284998690442224, 
  "activity": 0.024457389770723096
}