{
  "bolusiob": 0, 
  "iob": 0.7129726396614813, 
  "activity": 0.00747194049382716
}