{
  "bolusiob": 0, 
  "iob": 0.14518782288875437, 
  "activity": 0.0030263251851851843
}