{
  "bolusiob": 0, 
  "iob": 0.2756796833454836, 
  "activity": 0.004462195502645503
}