{
  "bolusiob": 0, 
  "iob": 0.41236947247902017, 
  "activity": 0.0056007230335096995
}