{
  "bolusiob": 0, 
  "iob": 0.6836098315349788, 
  "activity": 0.00847314005291005
}