{
  "bolusiob": 0, 
  "iob": 0.21490265640367404, 
  "activity": 0.00476807717813051
}