{
  "bolusiob": 0, 
  "iob": 0.1777865821550227, 
  "activity": 0.0026284100529100525
}