{
  "bolusiob": 0, 
  "iob": -0.27361372098441006, 
  "activity": -0.0033523284126984127
}