{
  "bolusiob": 0.04733180773333334, 
  "iob": 1.2314362531544447, 
  "activity": 0.024518483245149915
}