{
  "bolusiob": 0.2775925760000001, 
  "iob": 0.8093561105888779, 
  "activity": 0.011406507742504405
}