{
  "bolusiob": 0.41841499093333345, 
  "iob": 2.1908050714861114, 
  "activity": 0.03226728395061727
}