{
  "bolusiob": 0, 
  "iob": 0.4545473226340977, 
  "activity": 0.0066775662610229275
}