{
  "bolusiob": 1.8194299999999999, 
  "iob": 2.2197096957066664, 
  "activity": 0.015211181657848322
}