{
  "bolusiob": 0, 
  "iob": 0.2797190172788252, 
  "activity": 0.005975242522045856
}