{
  "bolusiob": 0, 
  "iob": 0.10321418283779006, 
  "activity": 0.0004185801234567899
}