{
  "bolusiob": 0, 
  "iob": 0.5240322365710277, 
  "activity": 0.009092222222222219
}