{
  "bolusiob": 0, 
  "iob": 0.979143903837, 
  "activity": 0.023388059964726628
}