{
  "bolusiob": 0, 
  "iob": 0.16443297912761576, 
  "activity": 0.0025607885361552023
}