{
  "bolusiob": 0, 
  "iob": 0.2565072450290278, 
  "activity": 0.0014745238095238095
}