{
  "bolusiob": 0, 
  "iob": 0.15485767597844283, 
  "activity": 0.0021213048853615515
}