{
  "bolusiob": 0, 
  "iob": -0.2137485043238889, 
  "activity": -0.0013424955908289237
}