{
  "bolusiob": 0.4122685586800001, 
  "iob": 0.92013699519, 
  "activity": 0.00869322751322751
}