{
  "bolusiob": 0, 
  "iob": 0.6115609632650921, 
  "activity": 0.007784422328042328
}