{
  "bolusiob": 0, 
  "iob": 0.15423315014180528, 
  "activity": 0.00348432980599647
}