{
  "bolusiob": 0, 
  "iob": 0.4861602036456387, 
  "activity": 0.009070170582010583
}