{
  "bolusiob": 0, 
  "iob": 0.10074097678912267, 
  "activity": 0.0015576428571428568
}