{
  "bolusiob": 1.3649696435200003, 
  "iob": 1.8279009673326003, 
  "activity": 0.005611958024691358
}