{
  "bolusiob": 0, 
  "iob": 0.4014447108705645, 
  "activity": 0.006567976649029981
}