{
  "bolusiob": 0, 
  "iob": 0.19750926443644445, 
  "activity": 0.005700202821869488
}