{
  "bolusiob": 0, 
  "iob": 0.2115106699983609, 
  "activity": 0.004182609858906525
}