{
  "bolusiob": 0, 
  "iob": 0.3417281321400001, 
  "activity": 0.011895238095238094
}