{
  "bolusiob": 0.9283304979911112, 
  "iob": 1.1068093595677777, 
  "activity": 0.005687407407407407
}