{
  "bolusiob": 0, 
  "iob": 0.6521369321960234, 
  "activity": 0.007670741481481482
}