{
  "bolusiob": -9.029166666683076e-05, 
  "iob": 0.7707054670430207, 
  "activity": 0.03168262509700176
}