{
  "bolusiob": 0.004971010026666745, 
  "iob": 1.2785899756983614, 
  "activity": 0.026554250370370368
}