{
  "bolusiob": 0, 
  "iob": -0.16617359887866667, 
  "activity": -0.0030707231040564367
}