{
  "bolusiob": 0, 
  "iob": -0.07093325197606197, 
  "activity": 0.001404832186948853
}