{
  "bolusiob": 0.7050732953600001, 
  "iob": 0.4374374346984661, 
  "activity": -0.00030802506172839536
}