{
  "bolusiob": 0, 
  "iob": 0.5039982972261289, 
  "activity": 0.006437548624338624
}