{
  "bolusiob": 0, 
  "iob": 0.4625760409568509, 
  "activity": 0.0038159436684303345
}