{
  "bolusiob": 1.9229564188977781, 
  "iob": 3.15121796534, 
  "activity": 0.03394553791887124
}