{
  "bolusiob": 0, 
  "iob": -0.19462747398387054, 
  "activity": -0.002143324638447971
}