{
  "bolusiob": 0, 
  "iob": -0.10089755316950053, 
  "activity": -0.0022502353262786588
}