{
  "bolusiob": 0, 
  "iob": 0.28014017476611114, 
  "activity": 0.0056122574955908295
}