{
  "bolusiob": 0, 
  "iob": 0.07485010209525647, 
  "activity": 0.002964297989417989
}