{
  "bolusiob": 0.13162181853333343, 
  "iob": 1.169506903710889, 
  "activity": 0.021538165784832444
}