{
  "bolusiob": 0, 
  "iob": 0.16313102935291668, 
  "activity": 0.001046410934744268
}