{
  "bolusiob": 0.8800783829511112, 
  "iob": 2.2628993869255556, 
  "activity": 0.024305520282186945
}