{
  "bolusiob": 2.523056173613333, 
  "iob": 3.7819837867103625, 
  "activity": 0.02903476137566137
}