{
  "bolusiob": 0, 
  "iob": 0.1708126404014445, 
  "activity": 0.006700185185185184
}