{
  "bolusiob": 0, 
  "iob": -0.28241534058293327, 
  "activity": 0.007147067195767194
}