{
  "bolusiob": 0, 
  "iob": 0.19919172434835244, 
  "activity": 0.0028496918165784825
}