{
  "bolusiob": 0, 
  "iob": 0.2501817410107603, 
  "activity": 0.0049384477072310405
}