{
  "bolusiob": 0, 
  "iob": 0.09331221617333332, 
  "activity": 0.00143405643738977
}