{
  "bolusiob": 1.2446675737600001, 
  "iob": 1.527777709012035, 
  "activity": 0.005450696490299821
}