{
  "bolusiob": 0, 
  "iob": 0.1088316743304254, 
  "activity": 0.001333139153439153
}