{
  "bolusiob": 0.48458164480000004, 
  "iob": 0.7581902770933334, 
  "activity": 0.005669982363315696
}