{
  "bolusiob": 0.0006195016000001274, 
  "iob": 0.45127086118615356, 
  "activity": 0.020466578218694877
}