{
  "bolusiob": 0, 
  "iob": -0.33451384435798814, 
  "activity": -0.00260925061728395
}