{
  "bolusiob": 1.296939672888889, 
  "iob": 1.7849990462538894, 
  "activity": 0.01161815696649029
}