{
  "bolusiob": 0.4428535011200001, 
  "iob": 2.233898293861528, 
  "activity": 0.03240946208112874
}