{
  "bolusiob": 2.4507368, 
  "iob": 2.179313032618333, 
  "activity": -0.0005945943562610226
}