{
  "bolusiob": 0, 
  "iob": 0.6682264315373472, 
  "activity": 0.013391270211640206
}