{
  "bolusiob": 0.18408675639999972, 
  "iob": 1.6350763265999997, 
  "activity": 0.03204144620811286
}