{
  "bolusiob": 1.883761726271111, 
  "iob": 3.469482847075765, 
  "activity": 0.03205617231040564
}