{
  "bolusiob": 0, 
  "iob": 0.0569913524750804, 
  "activity": 0.0029731745149911806
}