{
  "bolusiob": 0, 
  "iob": -0.16113720654739494, 
  "activity": 0.002367085555555555
}