{
  "bolusiob": 0.5867850560000001, 
  "iob": 0.9742526270469518, 
  "activity": 0.007213342063492059
}