{
  "bolusiob": 0, 
  "iob": 0.43727894417829816, 
  "activity": 0.0033341598236331566
}