{
  "bolusiob": 0, 
  "iob": 0.30651586950109405, 
  "activity": 0.002705723350970017
}