{
  "bolusiob": 2.6763666774755555, 
  "iob": 3.7273005197160396, 
  "activity": 0.021692927601410932
}