{
  "bolusiob": 0, 
  "iob": 0.009966894842847372, 
  "activity": -0.003541058112874778
}