{
  "bolusiob": 0, 
  "iob": -0.019947757866666676, 
  "activity": -0.0010705467372134037
}