{
  "bolusiob": 0, 
  "iob": 0.45357704828458323, 
  "activity": 0.003952019506172838
}