{
  "bolusiob": 0, 
  "iob": 0.09117897554644437, 
  "activity": 0.005110793650793645
}