{
  "bolusiob": 0, 
  "iob": -0.02999551909317774, 
  "activity": -0.002074814938271604
}