{
  "bolusiob": 0.7351905707377777, 
  "iob": 1.5903689988346266, 
  "activity": 0.020454250529100514
}