{
  "bolusiob": 0, 
  "iob": 0.11724446813333339, 
  "activity": 0.005252204585537917
}