{
  "bolusiob": 0.9507022154311111, 
  "iob": 1.3699133510762114, 
  "activity": 0.007833915696649029
}