{
  "bolusiob": 0, 
  "iob": -0.7047372370361111, 
  "activity": -0.0025833950617283946
}