{
  "bolusiob": 0, 
  "iob": 0.481099463401613, 
  "activity": 0.004361243492063491
}