{
  "bolusiob": 0, 
  "iob": 0.7369193723177778, 
  "activity": 0.008458077601410933
}