{
  "bolusiob": 0, 
  "iob": 0.013623397711666707, 
  "activity": 0.003234629629629629
}