{
  "bolusiob": 1.9285430698800001, 
  "iob": 2.640479655498889, 
  "activity": 0.015101869488536151
}