{
  "bolusiob": 0, 
  "iob": 0.22013664543444444, 
  "activity": -0.00154320987654321
}