{
  "bolusiob": 0.19900326293333337, 
  "iob": 0.029136299081666678, 
  "activity": -0.0006333950617283954
}