{
  "bolusiob": 0, 
  "iob": -0.013113069763333318, 
  "activity": 0.0011790476190476186
}