{
  "bolusiob": 0, 
  "iob": 0.06196167805136124, 
  "activity": 0.0012455691358024689
}