{
  "bolusiob": 0, 
  "iob": 0.31187167899251184, 
  "activity": 0.002712019647266314
}