{
  "bolusiob": 0, 
  "iob": -0.014273899782777794, 
  "activity": 0.000924585537918871
}