{
  "bolusiob": 0, 
  "iob": 0.6188012336456945, 
  "activity": 0.011020828924162254
}