{
  "bolusiob": 0, 
  "iob": 0.31192145023833334, 
  "activity": 0.011786737213403875
}