{
  "bolusiob": 0.04576888000000001, 
  "iob": 1.093714745806667, 
  "activity": 0.027216578483245144
}