{
  "bolusiob": 0, 
  "iob": 0.1474075559241589, 
  "activity": 0.00382971283950617
}