{
  "bolusiob": 0, 
  "iob": 0.09513652991297755, 
  "activity": -0.0011193737037037035
}