{
  "bolusiob": 0, 
  "iob": 0.3300552969804167, 
  "activity": 0.005515194003527337
}