{
  "bolusiob": 0, 
  "iob": 0.8897610010134128, 
  "activity": 0.00944866504409171
}