{
  "bolusiob": 0.8275112572133334, 
  "iob": 2.4491989346799996, 
  "activity": 0.0355195061728395
}