{
  "bolusiob": 0, 
  "iob": -0.1276200520827778, 
  "activity": -0.0009359876543209875
}