{
  "bolusiob": 4.6225697335066664, 
  "iob": 5.269041589805735, 
  "activity": 0.010364912186948851
}