{
  "bolusiob": 0.28975657622666673, 
  "iob": 1.3821621565328819, 
  "activity": 0.028973588871252193
}