{
  "bolusiob": 2.597025998311111, 
  "iob": 3.2707658150511114, 
  "activity": 0.014850088183421515
}