{
  "bolusiob": 0, 
  "iob": 0.2699494040777778, 
  "activity": 0.0026662962962962955
}