{
  "bolusiob": 0, 
  "iob": -0.23012303721760477, 
  "activity": -0.002870714320987654
}