{
  "bolusiob": 0.06327620138666694, 
  "iob": 1.4775261242761115, 
  "activity": 0.03402328924162257
}