{
  "bolusiob": 0, 
  "iob": 0.8702885343013417, 
  "activity": 0.009566740035273363
}