{
  "bolusiob": 0, 
  "iob": 0.09886308086444445, 
  "activity": 0.00013123456790123454
}