{
  "bolusiob": 0.009941594879999838, 
  "iob": 1.3414747029133336, 
  "activity": 0.027451358024691355
}