{
  "bolusiob": 0.29026445749333335, 
  "iob": 0.6670494853261111, 
  "activity": 0.0069119047619047615
}