{
  "bolusiob": 0, 
  "iob": 0.5078154178072033, 
  "activity": 0.007338800899470895
}