{
  "bolusiob": 0.5945985, 
  "iob": 2.8973260997717896, 
  "activity": 0.05621059700176365
}