{
  "bolusiob": 4.894428180444445, 
  "iob": 5.162171904391111, 
  "activity": 0.008000141093474425
}