{
  "bolusiob": 0, 
  "iob": 0.2115070369857195, 
  "activity": 0.0012371253086419743
}