{
  "bolusiob": 0, 
  "iob": 0.6035907907532, 
  "activity": 0.0036204416049382716
}