{
  "bolusiob": 0, 
  "iob": 0.48336886429557496, 
  "activity": 0.003977284162257496
}