{
  "bolusiob": 0, 
  "iob": -0.0951826012288888, 
  "activity": 0.0018764726631393283
}