{
  "bolusiob": 0, 
  "iob": 0.030492395614999983, 
  "activity": 0.003006084656084655
}