{
  "bolusiob": 0, 
  "iob": 0.4633142533213921, 
  "activity": 0.0056200528924162255
}