{
  "bolusiob": 0, 
  "iob": -0.14302270131055556, 
  "activity": 0.0006850264550264543
}