{
  "bolusiob": 0, 
  "iob": 0.12629506380023342, 
  "activity": 0.0023200616049382718
}