{
  "bolusiob": 0, 
  "iob": -0.06735002771722225, 
  "activity": 0.0012214109347442673
}