{
  "bolusiob": 0, 
  "iob": 0.014271528006666645, 
  "activity": -0.0021659259259259253
}