{
  "bolusiob": 0, 
  "iob": 0.06590771610888888, 
  "activity": 0.0014895590828924157
}