{
  "bolusiob": 1.696201280853333, 
  "iob": 2.3971317080552783, 
  "activity": 0.012525987654320985
}