{
  "bolusiob": 0, 
  "iob": 0.11694914421722222, 
  "activity": 0.0032099470899470883
}