{
  "bolusiob": 0, 
  "iob": -0.015635872154544497, 
  "activity": -0.0014684895061728394
}