{
  "bolusiob": 0, 
  "iob": -0.06808865434722211, 
  "activity": 0.006097257495590824
}