{
  "bolusiob": 0, 
  "iob": 0.3782921138202888, 
  "activity": 0.002953148148148147
}