{
  "bolusiob": 0.7410380120355554, 
  "iob": 1.326900550595, 
  "activity": 0.01971604938271605
}