{
  "bolusiob": 0, 
  "iob": -0.1164507459193423, 
  "activity": 0.0007748061199294528
}