{
  "bolusiob": 1.677573549511111, 
  "iob": 1.9918595991879167, 
  "activity": 0.0039352116402116355
}