{
  "bolusiob": 0, 
  "iob": 0.2664400740427778, 
  "activity": 0.003355061728395061
}