{
  "bolusiob": 0, 
  "iob": 0.029582698351666672, 
  "activity": 0.0010364197530864198
}