{
  "bolusiob": 0, 
  "iob": 0.4968340364865834, 
  "activity": 0.00849195767195767
}