{
  "bolusiob": 0, 
  "iob": 0.09154515996184412, 
  "activity": -0.0022830128747795423
}