{
  "bolusiob": 0.31862629119999997, 
  "iob": 0.68126580766, 
  "activity": 0.006726243386243386
}