{
  "bolusiob": 1.46028838016, 
  "iob": 2.0677527462370002, 
  "activity": 0.013309844797178127
}