{
  "bolusiob": 0, 
  "iob": 0.253218937548889, 
  "activity": 0.009395291005291002
}