{
  "bolusiob": 0, 
  "iob": 0.12630632258399294, 
  "activity": 0.002266437477954145
}