{
  "bolusiob": 0, 
  "iob": 0.34362005195039624, 
  "activity": 0.003170705837742503
}