{
  "bolusiob": 0, 
  "iob": 1.1623386768262112, 
  "activity": 0.03947135783068782
}