{
  "bolusiob": 0, 
  "iob": -0.1344288596003769, 
  "activity": -0.0021796607231040553
}