{
  "bolusiob": 0, 
  "iob": 0.5907882974743056, 
  "activity": 0.013020008818342149
}