{
  "bolusiob": 0, 
  "iob": 0.049471846640000004, 
  "activity": 7.185185185185183e-05
}