{
  "bolusiob": 0, 
  "iob": 0.08975101915222222, 
  "activity": -0.0026994003527336854
}