{
  "bolusiob": 4.4680774464, 
  "iob": 4.867437498798907, 
  "activity": 0.015391415449735445
}