{
  "bolusiob": 0, 
  "iob": 0.09801020605555556, 
  "activity": 0.00019444444444444443
}