{
  "bolusiob": 0, 
  "iob": 0.5484357023883333, 
  "activity": 0.01617680776014109
}