{
  "bolusiob": 0, 
  "iob": 0.34950649412604706, 
  "activity": 0.0057033685185185175
}