{
  "bolusiob": 0, 
  "iob": -0.48642084308611117, 
  "activity": -0.005803086419753085
}