{
  "bolusiob": 0, 
  "iob": 0.7341221285004982, 
  "activity": 0.008437980423280422
}