{
  "bolusiob": 0, 
  "iob": -0.31769881764912444, 
  "activity": -0.004918650917107584
}