{
  "bolusiob": 0.24103646570666662, 
  "iob": 1.198457573991111, 
  "activity": 0.027957918871252204
}