{
  "bolusiob": 0, 
  "iob": 0.15585984698703642, 
  "activity": 0.00187760135802469
}