{
  "bolusiob": 0.12787128693333333, 
  "iob": 0.32904542279292975, 
  "activity": 0.0022681219576719575
}