{
  "bolusiob": -2.7104999999971735e-05, 
  "iob": 1.3274272905757312, 
  "activity": 0.02091664042328043
}