{
  "bolusiob": 0.8591388916933334, 
  "iob": 1.4724479964171004, 
  "activity": 0.008937636772486768
}