{
  "bolusiob": 0, 
  "iob": 0.11147986997166667, 
  "activity": 0.0015948500881834216
}