{
  "bolusiob": 0, 
  "iob": 0.04970393825111111, 
  "activity": 5.024691358024691e-05
}