{
  "bolusiob": 0.6254709754799999, 
  "iob": 2.170638849122223, 
  "activity": 0.027763827160493824
}