{
  "bolusiob": 0.906140716, 
  "iob": 1.578141090954725, 
  "activity": 0.008851243474426807
}