{
  "bolusiob": 0, 
  "iob": 0.13023184770297078, 
  "activity": -0.0007861109876543277
}