{
  "bolusiob": 0.6543754456177778, 
  "iob": 1.8004150369751213, 
  "activity": 0.026829644708994706
}