{
  "bolusiob": 0, 
  "iob": 0.4025243115523514, 
  "activity": 0.004192848377425043
}