{
  "bolusiob": 2.7125416358400005, 
  "iob": 4.317748838234792, 
  "activity": 0.03562880952380951
}