{
  "bolusiob": 0, 
  "iob": -0.07974408546529965, 
  "activity": 0.0034697730687830684
}