{
  "bolusiob": 0, 
  "iob": 0.5424183069081964, 
  "activity": 0.01113124199294532
}