{
  "bolusiob": 2.69754447152, 
  "iob": 3.077446689491578, 
  "activity": 0.011897609700176365
}