{
  "bolusiob": 0, 
  "iob": -0.28665212434987986, 
  "activity": 0.0006989240388007065
}