{
  "bolusiob": 0, 
  "iob": 0.14943719107236114, 
  "activity": 0.0014932010582010577
}