{
  "bolusiob": 0, 
  "iob": 0.6066524638061112, 
  "activity": 0.008452610229276895
}