{
  "bolusiob": 0, 
  "iob": 0.8155596452081111, 
  "activity": 0.02069576719576719
}