{
  "bolusiob": 0, 
  "iob": 0.46718045623333343, 
  "activity": 0.008957178130511466
}