{
  "bolusiob": 0, 
  "iob": 0.13732527005333334, 
  "activity": 0.0006748148148148147
}