{
  "bolusiob": 0, 
  "iob": 0.31848433944708565, 
  "activity": 0.00017721604938271683
}