{
  "bolusiob": 0.5498773540266667, 
  "iob": 1.7898798971412202, 
  "activity": 0.025118394797178128
}