{
  "bolusiob": 0.9607255333333334, 
  "iob": 2.3656457157820316, 
  "activity": 0.024162924867724863
}