{
  "bolusiob": 1.8597663953777777, 
  "iob": 2.2514216816622223, 
  "activity": 0.01502091710758377
}