{
  "bolusiob": 0, 
  "iob": 0.17474449188571917, 
  "activity": 0.0003064519400352752
}