{
  "bolusiob": 1.1827809777777776, 
  "iob": 1.4421126918312024, 
  "activity": 0.005266843386243385
}