{
  "bolusiob": 1.890858983271111, 
  "iob": 2.699992657106906, 
  "activity": 0.017053305555555554
}