{
  "bolusiob": 0.5330044677511111, 
  "iob": 2.185461307413102, 
  "activity": 0.04968578470899471
}