{
  "bolusiob": 0, 
  "iob": -0.09460647301111112, 
  "activity": -0.0019203791887125218
}