{
  "bolusiob": 1.6664677151644447, 
  "iob": 2.9624219648455554, 
  "activity": 0.03233386243386242
}