{
  "bolusiob": 0, 
  "iob": 0.12932212494555556, 
  "activity": 0.0009987037037037035
}