{
  "bolusiob": 0, 
  "iob": 0.4259202544122223, 
  "activity": 0.007320176366843033
}