{
  "bolusiob": 0, 
  "iob": 1.2215822252633337, 
  "activity": 0.025553791887125216
}