{
  "bolusiob": 0.9462827409466668, 
  "iob": 2.243046082368889, 
  "activity": 0.022756860670194
}