{
  "bolusiob": 0.0003206479333333623, 
  "iob": 0.6516591536277776, 
  "activity": 0.009357142857142856
}