{
  "bolusiob": 0, 
  "iob": 1.0003565027661114, 
  "activity": 0.032948659611992934
}