{
  "bolusiob": 0.02286371442666676, 
  "iob": 0.7929309919660004, 
  "activity": 0.023933941798941802
}