{
  "bolusiob": 0.6134707564800002, 
  "iob": 2.5801189834013836, 
  "activity": 0.03938242098765431
}