{
  "bolusiob": 0, 
  "iob": 0.24048848659944702, 
  "activity": 0.005542166490299822
}