{
  "bolusiob": 0, 
  "iob": 0.027437213911111265, 
  "activity": 0.009132063492063492
}