{
  "bolusiob": 0, 
  "iob": 0.3459830400779079, 
  "activity": 0.005173104074074074
}