{
  "bolusiob": 0.58577816128, 
  "iob": 2.0160239360641246, 
  "activity": 0.023196455079365075
}