{
  "bolusiob": -3.856133333424161e-06, 
  "iob": 1.0536130010994225, 
  "activity": 0.02222539005291005
}