{
  "bolusiob": 0, 
  "iob": -0.04829230369777784, 
  "activity": -0.0001051146384479714
}