{
  "bolusiob": 3.855934780213334, 
  "iob": 5.236632231337917, 
  "activity": 0.02911347416225749
}