{
  "bolusiob": 0, 
  "iob": 0.18512136920944441, 
  "activity": 0.0021599823633156965
}