{
  "bolusiob": 2.44108965856, 
  "iob": 2.6345219385650003, 
  "activity": 0.006954761904761904
}