{
  "bolusiob": 1.436128888888889, 
  "iob": 2.071297740530289, 
  "activity": 0.012878007054673717
}