{
  "bolusiob": 1.9236457539733336, 
  "iob": 2.9781771167588884, 
  "activity": 0.020442504409171072
}