{
  "bolusiob": 0.07175700000000007, 
  "iob": 2.2219765777637726, 
  "activity": 0.04836446701940035
}