{
  "bolusiob": 0.801607688, 
  "iob": 1.3239781132681359, 
  "activity": 0.009067284303350968
}