{
  "bolusiob": 0, 
  "iob": 0.1508738040399365, 
  "activity": 0.0013299821869488528
}