{
  "bolusiob": 0, 
  "iob": -0.6860125558895837, 
  "activity": 0.0020441798412698365
}