{
  "bolusiob": 0, 
  "iob": -0.10109748222055556, 
  "activity": 0.00016104056437389754
}