{
  "bolusiob": 0, 
  "iob": 0.27317184925391796, 
  "activity": 0.002204435537918872
}