{
  "bolusiob": 0, 
  "iob": 0.6732391779559116, 
  "activity": 0.007380124197530865
}