{
  "bolusiob": 0, 
  "iob": -0.024142065686653266, 
  "activity": -0.0009430865432098763
}