{
  "bolusiob": 1.8143032828977774, 
  "iob": 2.74892146298689, 
  "activity": 0.01893645961199294
}