{
  "bolusiob": 0, 
  "iob": 0.5501367597698111, 
  "activity": 0.005242925379188712
}