{
  "bolusiob": 0, 
  "iob": -0.11965879324552464, 
  "activity": -0.002985573051146384
}