{
  "bolusiob": 0, 
  "iob": 0.19093297786670085, 
  "activity": 0.0027186997354497347
}