{
  "bolusiob": 0, 
  "iob": 0.39921399024772225, 
  "activity": 0.0022546296296296294
}