{
  "bolusiob": 0, 
  "iob": 0.154011745991396, 
  "activity": 0.002603774091710758
}