{
  "bolusiob": 0.49000871708444454, 
  "iob": 0.7173264566044444, 
  "activity": 0.004140246913580246
}