{
  "bolusiob": 0, 
  "iob": 0.4148662071422223, 
  "activity": 0.00859142857142857
}