{
  "bolusiob": 0.7937921663288887, 
  "iob": 1.899345377514222, 
  "activity": 0.01950753086419753
}