{
  "bolusiob": 0, 
  "iob": -0.5181665548130122, 
  "activity": -0.005086305238095237
}