{
  "bolusiob": 0, 
  "iob": 0.3841640414067388, 
  "activity": 0.0050215794708994696
}