{
  "bolusiob": 0, 
  "iob": 0.09464305449555555, 
  "activity": 0.001744373897707231
}