{
  "bolusiob": 0, 
  "iob": 0.18710557624369376, 
  "activity": 0.001383659523809523
}