{
  "bolusiob": 0, 
  "iob": 0.7514401719160617, 
  "activity": 0.022986084973544967
}