{
  "bolusiob": 0, 
  "iob": 0.11279731118113182, 
  "activity": 0.006863880158730158
}