{
  "bolusiob": 0, 
  "iob": 0.24023413271944444, 
  "activity": 0.0031167019400352735
}