{
  "bolusiob": 0.004153737906666466, 
  "iob": 1.7474745806028322, 
  "activity": 0.036459691252204586
}