{
  "bolusiob": 0, 
  "iob": -0.00033350282666657624, 
  "activity": 0.0005876543209876528
}