{
  "bolusiob": 1.2628305341333332, 
  "iob": 1.8019292028803335, 
  "activity": 0.014902169312169311
}