{
  "bolusiob": 0, 
  "iob": 0.15397854650069495, 
  "activity": 0.0034372434038800704
}