{
  "bolusiob": 0, 
  "iob": 0.015995716883333334, 
  "activity": 0.002279188712522044
}