{
  "bolusiob": 0, 
  "iob": 0.344524084512758, 
  "activity": 0.007722746155202821
}