{
  "bolusiob": 1.5695007068444444, 
  "iob": 1.9705417284045832, 
  "activity": 0.005230273368606702
}