{
  "bolusiob": 0, 
  "iob": 0.176893226815945, 
  "activity": 0.005724265273368606
}