{
  "bolusiob": 0, 
  "iob": -0.08926855389062929, 
  "activity": -0.001198976984126984
}