{
  "bolusiob": 0, 
  "iob": 0.07422671733499998, 
  "activity": -0.004687989417989417
}