{
  "bolusiob": 1.0179787595377776, 
  "iob": 1.8432802635403334, 
  "activity": 0.01580590828924162
}