{
  "bolusiob": 0.005245137186666593, 
  "iob": 0.997418003287889, 
  "activity": 0.03391247386243386
}