{
  "bolusiob": 1.0706326561955555, 
  "iob": 1.5907108336133335, 
  "activity": 0.007920414462081127
}