{
  "bolusiob": 0, 
  "iob": 0.39114956092581343, 
  "activity": 0.019721869365079366
}