{
  "bolusiob": 0, 
  "iob": 0.20385661172311131, 
  "activity": 0.0032339555731922395
}