{
  "bolusiob": 1.550566352711111, 
  "iob": 2.0750822640616637, 
  "activity": 0.012451781216931215
}