{
  "bolusiob": 0.023940973600000026, 
  "iob": 0.675182213360776, 
  "activity": 0.022639929188712517
}