{
  "bolusiob": 1.9980348013333336, 
  "iob": 3.5723617990514764, 
  "activity": 0.03591075855379189
}