{
  "bolusiob": 0, 
  "iob": 0.8757267421415087, 
  "activity": 0.008346861410934743
}