{
  "bolusiob": 0, 
  "iob": 0.6049751308454167, 
  "activity": 0.01379438271604938
}