{
  "bolusiob": 1.4615298477644445, 
  "iob": 2.876754782591111, 
  "activity": 0.03456938271604937
}