{
  "bolusiob": 0, 
  "iob": 1.0339273071333333, 
  "activity": 0.0329116049382716
}