{
  "bolusiob": 0, 
  "iob": 0.05508528481914153, 
  "activity": -0.0006051411816578483
}