{
  "bolusiob": 0, 
  "iob": 0.07631599562666654, 
  "activity": 0.0060123456790123425
}