{
  "bolusiob": 0, 
  "iob": -0.306683880467397, 
  "activity": -0.0052438092592592585
}