{
  "bolusiob": 0, 
  "iob": 0.7004475225700983, 
  "activity": 0.008478858306878306
}