{
  "bolusiob": 0, 
  "iob": 0.2728276024757932, 
  "activity": 0.0041299468253968245
}