{
  "bolusiob": 0, 
  "iob": -0.15295933751899596, 
  "activity": -0.002547336772486772
}