{
  "bolusiob": 1.0238089298133333, 
  "iob": 2.596733804468333, 
  "activity": 0.03519453262786595
}