{
  "bolusiob": 1.53132606208, 
  "iob": 1.7215852267481113, 
  "activity": 0.001822627865961199
}