{
  "bolusiob": 0, 
  "iob": 0.20832977541091832, 
  "activity": 0.00089682548500882
}