{
  "bolusiob": 0, 
  "iob": 0.1407777940985921, 
  "activity": 0.007404188624338622
}