{
  "bolusiob": 0, 
  "iob": 0.2164765556022222, 
  "activity": -0.002834497354497354
}