{
  "bolusiob": 0, 
  "iob": 0.48288647167722554, 
  "activity": 0.007805061569664902
}