{
  "bolusiob": 0, 
  "iob": 0.07338543546999951, 
  "activity": 0.008885343915343912
}