{
  "bolusiob": 0.0022220485466666775, 
  "iob": 0.7433684040926047, 
  "activity": 0.022162358201058198
}