{
  "bolusiob": -0.0001089509333333516, 
  "iob": 0.31631701919111105, 
  "activity": 0.00684716049382716
}