{
  "bolusiob": 0.3058245278666667, 
  "iob": 0.8073133926101389, 
  "activity": 0.008994929453262785
}