{
  "bolusiob": 0, 
  "iob": 0.3522924075163453, 
  "activity": 0.008204073262786594
}