{
  "bolusiob": 0, 
  "iob": -0.27568094127246145, 
  "activity": -0.0027219400705467372
}