{
  "bolusiob": 0.01986440654666647, 
  "iob": 1.102666887414861, 
  "activity": 0.023251895943562605
}