{
  "bolusiob": 2.354853345848889, 
  "iob": 2.775595592462222, 
  "activity": 0.015527619047619044
}