{
  "bolusiob": 2.5610804144355557, 
  "iob": 3.7233372937569, 
  "activity": 0.02278742111111111
}