{
  "bolusiob": -7.621120000012027e-05, 
  "iob": 0.5076753533894445, 
  "activity": 0.00964216931216931
}