{
  "bolusiob": 0, 
  "iob": -0.32280845748251885, 
  "activity": -0.004756120052910052
}