{
  "bolusiob": 0, 
  "iob": 0.6404559797422222, 
  "activity": 0.008502768959435627
}