{
  "bolusiob": 0, 
  "iob": 0.019731120581111136, 
  "activity": 0.0034761111111111104
}