{
  "bolusiob": 0, 
  "iob": 0.4728900863546258, 
  "activity": 0.0058350440740740726
}