{
  "bolusiob": 1.5245145935644444, 
  "iob": 2.4207625640725245, 
  "activity": 0.015242345802469134
}