{
  "bolusiob": 0.5116947949999999, 
  "iob": 2.031610067048125, 
  "activity": 0.03274475308641975
}