{
  "bolusiob": 1.4252211738, 
  "iob": 4.4431318762, 
  "activity": 0.05496772486772486
}