{
  "bolusiob": 0, 
  "iob": 0.06158174395633329, 
  "activity": -0.0004553439153439149
}