{
  "bolusiob": 0.11117700000000003, 
  "iob": 0.9166200000000001, 
  "activity": 0.015555555555555552
}