{
  "bolusiob": 0, 
  "iob": 0.2537893305469196, 
  "activity": 0.0071438617636684285
}