{
  "bolusiob": -8.3538039999842e-05, 
  "iob": 0.9661244757884895, 
  "activity": 0.02681375634920634
}