{
  "bolusiob": 0, 
  "iob": -0.14075837947055558, 
  "activity": -0.0017458553791887127
}