{
  "bolusiob": 0, 
  "iob": 0.7387912828934399, 
  "activity": 0.006687236366843031
}