{
  "bolusiob": 0, 
  "iob": 0.6414529730274595, 
  "activity": 0.005474806384479716
}