{
  "bolusiob": 0, 
  "iob": 0.7917687641393002, 
  "activity": 0.01060785324514991
}