{
  "bolusiob": 0.11537168992000005, 
  "iob": 0.5391833020733334, 
  "activity": 0.008447548500881833
}