{
  "bolusiob": 0, 
  "iob": 0.4975258809969214, 
  "activity": 0.008561728130511462
}