{
  "bolusiob": 0, 
  "iob": -0.01930762073977326, 
  "activity": -0.0009796297530864195
}