{
  "bolusiob": 0, 
  "iob": 0.5044491548494054, 
  "activity": 0.0039032276190476183
}