{
  "bolusiob": 0, 
  "iob": 0.25562359912635946, 
  "activity": 0.0004155909171075817
}