{
  "bolusiob": 0, 
  "iob": 0.18059587884944445, 
  "activity": 0.0021774779541446207
}