{
  "bolusiob": 0, 
  "iob": 0.19950434647865134, 
  "activity": 0.005426273386243384
}