{
  "bolusiob": 0.8728659033600001, 
  "iob": 1.264728213787555, 
  "activity": 0.010158866402116402
}