{
  "bolusiob": 0.8546053164977779, 
  "iob": 1.337203272503972, 
  "activity": 0.014556604938271602
}