{
  "bolusiob": 1.2242959772533335, 
  "iob": 3.1167509444539165, 
  "activity": 0.03128808035273368
}