{
  "bolusiob": 0.18555757210666693, 
  "iob": 1.5977277411122224, 
  "activity": 0.03215363315696648
}