{
  "bolusiob": 0, 
  "iob": 0.41776051510272544, 
  "activity": 0.003718809435626102
}