{
  "bolusiob": 0, 
  "iob": -0.5891202371422223, 
  "activity": -0.0022561552028218692
}