{
  "bolusiob": 0.30011883616, 
  "iob": 1.480602517327817, 
  "activity": 0.01404178151675485
}