{
  "bolusiob": 0, 
  "iob": 0.6227864891436068, 
  "activity": 0.0030497097354497352
}