{
  "bolusiob": 0.8522718402799999, 
  "iob": 3.7890022010066664, 
  "activity": 0.052424514991181635
}