{
  "bolusiob": 0.7333612000000002, 
  "iob": 1.8520621468866667, 
  "activity": 0.01594991181657848
}