{
  "bolusiob": 0, 
  "iob": 0.27389990099277783, 
  "activity": 0.0034223633156966493
}