{
  "bolusiob": 2.5390347382577776, 
  "iob": 3.0071666004688327, 
  "activity": 0.013714761375661372
}