{
  "bolusiob": 0, 
  "iob": -0.5919814370353336, 
  "activity": -0.000667936507936512
}