{
  "bolusiob": 0, 
  "iob": 0.5936343754653333, 
  "activity": 0.007610088183421516
}