{
  "bolusiob": 0.19952227584000004, 
  "iob": 1.8249935291423307, 
  "activity": 0.03971663130511464
}