{
  "bolusiob": 0, 
  "iob": 1.2762864314277218, 
  "activity": 0.020369109647266303
}