{
  "bolusiob": 0, 
  "iob": 0.21238649216958336, 
  "activity": 0.00136484126984127
}