{
  "bolusiob": 0, 
  "iob": 0.46055635073333334, 
  "activity": 0.014500881834215166
}