{
  "bolusiob": 0, 
  "iob": -0.43269243385917144, 
  "activity": -0.005881410970017635
}