{
  "bolusiob": 1.1009862158933335, 
  "iob": 2.850382024261667, 
  "activity": 0.027060961199294527
}