{
  "bolusiob": 0, 
  "iob": 0.42289258329746887, 
  "activity": 0.0050059789947089935
}