{
  "bolusiob": 0.21511796480000003, 
  "iob": 0.6225600060933334, 
  "activity": 0.00748479717813051
}