{
  "bolusiob": 3.910915668426667, 
  "iob": 4.986013942839792, 
  "activity": 0.03040626984126983
}