{
  "bolusiob": 0, 
  "iob": 0.49863412354373093, 
  "activity": 0.004129100723104057
}