{
  "bolusiob": 0, 
  "iob": 0.8798943868490209, 
  "activity": 0.014765008924162262
}