{
  "bolusiob": 0, 
  "iob": 0.06616141941277777, 
  "activity": 0.0023773368606701934
}