{
  "bolusiob": 1.1702298524444446, 
  "iob": 3.7697680603069514, 
  "activity": 0.061346930952380925
}