{
  "bolusiob": 0, 
  "iob": -0.0027029846449913575, 
  "activity": -0.00042910026455026426
}