{
  "bolusiob": 0, 
  "iob": 0.014643751373333328, 
  "activity": 0.0008215167548500877
}