{
  "bolusiob": 0, 
  "iob": 0.1524199531923611, 
  "activity": -0.0007297089947089943
}