{
  "bolusiob": 0, 
  "iob": 0.5044545298185369, 
  "activity": 0.008551793774250442
}