{
  "bolusiob": 0, 
  "iob": 0.7108328064210839, 
  "activity": 0.015680688148148145
}