{
  "bolusiob": 0, 
  "iob": 0.3841336382909556, 
  "activity": 0.002930255731922398
}