{
  "bolusiob": 0, 
  "iob": -0.2933498837694445, 
  "activity": -0.0030818430335097
}