{
  "bolusiob": 0, 
  "iob": 0.2060433795831111, 
  "activity": 0.005105793650793651
}