{
  "bolusiob": 0.8310528811600003, 
  "iob": 2.704161123195, 
  "activity": 0.029716216931216927
}