{
  "bolusiob": 1.1304858942933333, 
  "iob": 2.1598125871230094, 
  "activity": 0.0392730862962963
}