{
  "bolusiob": 0, 
  "iob": -0.12741869940302095, 
  "activity": 0.0015387172486772472
}