{
  "bolusiob": 2.9351145474844444, 
  "iob": 3.330188940978889, 
  "activity": 0.012563844797178128
}