{
  "bolusiob": 0, 
  "iob": 0.6844636573077779, 
  "activity": 0.008363262786596118
}