{
  "bolusiob": 1.3829495194800001, 
  "iob": 3.194618793314202, 
  "activity": 0.03455367301587301
}