{
  "bolusiob": 0, 
  "iob": 0.5585410747675555, 
  "activity": 0.007564144620811288
}