{
  "bolusiob": 0, 
  "iob": 0.493087762041667, 
  "activity": 0.013355017636684306
}