{
  "bolusiob": 0, 
  "iob": -0.25065974993143947, 
  "activity": 0.0006843800705467369
}