{
  "bolusiob": 0, 
  "iob": 0.312407986259056, 
  "activity": 0.0009104082010582009
}