{
  "bolusiob": 0, 
  "iob": 0.14638471246611112, 
  "activity": -0.00024345679012345708
}