{
  "bolusiob": 0, 
  "iob": 0.04334818778333335, 
  "activity": 0.0027839682539682535
}