{
  "bolusiob": 2.9959237074000002, 
  "iob": 4.848176113947222, 
  "activity": 0.030814920634920626
}