{
  "bolusiob": 0, 
  "iob": -0.09306583596272182, 
  "activity": 0.001387477865961199
}