{
  "bolusiob": 0, 
  "iob": 0.7815432115351346, 
  "activity": 0.013943148783068777
}