{
  "bolusiob": 0, 
  "iob": 0.32129807483468914, 
  "activity": 0.007023545238095237
}