{
  "bolusiob": 0, 
  "iob": 0.6272092190333334, 
  "activity": 0.02067548500881834
}