{
  "bolusiob": 0.1427328690133331, 
  "iob": 1.705546057780556, 
  "activity": 0.03597985890652556
}