{
  "bolusiob": 1.49120196352, 
  "iob": 1.1717350478398894, 
  "activity": -0.003831922398589065
}