{
  "bolusiob": 0, 
  "iob": -0.49994603848721925, 
  "activity": -0.005237327777777776
}