{
  "bolusiob": 0, 
  "iob": 0.7001072873109435, 
  "activity": 0.008357037777777774
}