{
  "bolusiob": 0, 
  "iob": 0.38340012007856505, 
  "activity": 0.0008812878483245151
}