{
  "bolusiob": 0, 
  "iob": 0.5169078267339606, 
  "activity": 0.01318116449735449
}