{
  "bolusiob": 0, 
  "iob": 0.2647040334036664, 
  "activity": 0.003370387883597884
}