{
  "bolusiob": 0, 
  "iob": 0.9194869101000003, 
  "activity": 0.024968253968253966
}