{
  "bolusiob": 0, 
  "iob": 0.05044716401472223, 
  "activity": 0.002982363315696649
}