{
  "bolusiob": 1.4770454204088892, 
  "iob": 2.274506189516667, 
  "activity": 0.02203206349206349
}