{
  "bolusiob": 0.9954432694800002, 
  "iob": 1.9535857007937503, 
  "activity": 0.014701754850088181
}