{
  "bolusiob": 2.8610034490666667, 
  "iob": 2.9589633222666665, 
  "activity": 0.005029629629629629
}