{
  "bolusiob": 0, 
  "iob": 0.19387670917271407, 
  "activity": 0.0052518551322751315
}