{
  "bolusiob": 0, 
  "iob": 0.4908549691111154, 
  "activity": 0.005289858924162259
}