{
  "bolusiob": 0.933939077688889, 
  "iob": 0.9809413560888889, 
  "activity": 0.0020345679012345676
}