{
  "bolusiob": 0, 
  "iob": 0.08498889090182726, 
  "activity": 0.0027299119047619023
}