{
  "bolusiob": 0.5450906738000001, 
  "iob": 1.3615390652547388, 
  "activity": 0.014054532733686065
}