{
  "bolusiob": 0, 
  "iob": -0.18615307843778284, 
  "activity": -0.0018353766490299816
}