{
  "bolusiob": 0, 
  "iob": -0.049845949611111114, 
  "activity": -3.2716049382716046e-05
}