{
  "bolusiob": 0, 
  "iob": 0.1485097218750629, 
  "activity": 0.00434421553791887
}