{
  "bolusiob": 0.5663143788444444, 
  "iob": 1.511059741741806, 
  "activity": 0.016540723104056437
}