{
  "bolusiob": 0.04713093853333339, 
  "iob": 0.5693805943555557, 
  "activity": 0.010930864197530862
}