{
  "bolusiob": 0.12861635966666674, 
  "iob": 1.3059689394118057, 
  "activity": 0.02544679894179893
}