{
  "bolusiob": 0, 
  "iob": 0.08041532083745281, 
  "activity": 0.002491023015873016
}