{
  "bolusiob": 0, 
  "iob": -0.557014294533889, 
  "activity": -0.003539470899470899
}