{
  "bolusiob": 0, 
  "iob": 0.45331679320375007, 
  "activity": 0.003951190476190476
}