{
  "bolusiob": 0, 
  "iob": -0.05089338223704461, 
  "activity": 0.0013086418694885364
}