{
  "bolusiob": 0, 
  "iob": -0.2683417393296711, 
  "activity": -0.00151400365079365
}