{
  "bolusiob": 0, 
  "iob": 0.3539806946648321, 
  "activity": 0.006943185714285713
}