{
  "bolusiob": 0, 
  "iob": 0.7187690979800814, 
  "activity": 0.024580193738977064
}