{
  "bolusiob": 0, 
  "iob": 0.12267335319729654, 
  "activity": 0.003957266208112874
}