{
  "bolusiob": 0.17420163679999998, 
  "iob": 0.5928935505933333, 
  "activity": 0.007849876543209875
}