{
  "bolusiob": 0, 
  "iob": 0.22992019817762038, 
  "activity": 0.005369309347442679
}