{
  "bolusiob": 0, 
  "iob": 0.21316876865584278, 
  "activity": 0.0021119045326278654
}