{
  "bolusiob": 0.4661947709466667, 
  "iob": 1.250957350663667, 
  "activity": 0.013837684479717812
}