{
  "bolusiob": 0, 
  "iob": -0.08214501293564266, 
  "activity": 0.0008028926807760095
}