{
  "bolusiob": 0, 
  "iob": 0.00046208270500000537, 
  "activity": 0.0001193121693121694
}