{
  "bolusiob": 0, 
  "iob": 0.38367429904242756, 
  "activity": 0.004980149947089947
}