{
  "bolusiob": 0, 
  "iob": 0.5803879812083333, 
  "activity": 0.016624955908289243
}