{
  "bolusiob": 1.09351681536, 
  "iob": 1.0853016331283332, 
  "activity": 0.0005316225749559082
}