{
  "bolusiob": 0.77752212848, 
  "iob": 1.1446257521222223, 
  "activity": 0.0035405291005291
}