{
  "bolusiob": 0, 
  "iob": 0.626064948126667, 
  "activity": 0.01618920634920635
}