{
  "bolusiob": 0, 
  "iob": -0.5509620304061159, 
  "activity": -0.0047951055555555564
}