{
  "bolusiob": 0, 
  "iob": 0.23070261208214082, 
  "activity": 0.0015903664021164016
}