{
  "bolusiob": 0, 
  "iob": -0.37143212627890476, 
  "activity": -0.0012726406525573192
}