{
  "bolusiob": 0.1544152943999998, 
  "iob": 2.416018016857957, 
  "activity": 0.05047941534391533
}