{
  "bolusiob": 0, 
  "iob": -0.10954198791167152, 
  "activity": -0.0012059522927689592
}