{
  "bolusiob": 0, 
  "iob": -0.20777432445216218, 
  "activity": 0.0003037737566137547
}