{
  "bolusiob": 4.652174585244444, 
  "iob": 5.2631857189244435, 
  "activity": 0.01774172839506172
}