{
  "bolusiob": 0.05059695274666662, 
  "iob": 0.21957317098236115, 
  "activity": 0.01909445326278658
}