{
  "bolusiob": 0, 
  "iob": 0.6213898353136666, 
  "activity": 0.007313791887125219
}