{
  "bolusiob": 0, 
  "iob": 0.2691143840388825, 
  "activity": 0.005211856613756612
}