{
  "bolusiob": 1.224823653511111, 
  "iob": 1.888477947493472, 
  "activity": 0.009309109347442678
}