{
  "bolusiob": 0, 
  "iob": 0.33535856699696054, 
  "activity": 0.0027013493298059963
}