{
  "bolusiob": 0, 
  "iob": -0.577802704553889, 
  "activity": -0.0015715432098765431
}