{
  "bolusiob": 0, 
  "iob": 0.34123312682639007, 
  "activity": 0.004211790052910052
}