{
  "bolusiob": 0, 
  "iob": -0.1480176695216223, 
  "activity": -0.00013959447971781546
}