{
  "bolusiob": 0, 
  "iob": 0.07819514657222154, 
  "activity": 6.523809523809316e-05
}