{
  "bolusiob": 0, 
  "iob": 0.2593941837776224, 
  "activity": 0.0015390602645502642
}