{
  "bolusiob": 0.8719285724799999, 
  "iob": 1.7032254725783336, 
  "activity": 0.02673944444444444
}