{
  "bolusiob": 0.38945417365333346, 
  "iob": 2.0278306504816666, 
  "activity": 0.03643178130511463
}