{
  "bolusiob": 0, 
  "iob": 0.6765750410472682, 
  "activity": 0.007286155943562607
}