{
  "bolusiob": 0, 
  "iob": 0.17287766731062276, 
  "activity": 0.004894338095238094
}