{
  "bolusiob": 0, 
  "iob": 0.14991259243733152, 
  "activity": 0.0011776630511463836
}