{
  "bolusiob": 1.07285116672, 
  "iob": 1.6801588226616666, 
  "activity": 0.010444991181657846
}