{
  "bolusiob": 0, 
  "iob": -0.2571347749391765, 
  "activity": -0.005509191005291005
}