{
  "bolusiob": 0, 
  "iob": -0.2280728734622295, 
  "activity": -0.0031951411111111106
}