{
  "bolusiob": 0.7681056490666667, 
  "iob": 1.8550481268070325, 
  "activity": 0.021755731657848318
}