{
  "bolusiob": 0, 
  "iob": 0.35611164012307156, 
  "activity": 0.00481796287477954
}