{
  "bolusiob": 0.8426422849466667, 
  "iob": 2.2041691038484834, 
  "activity": 0.02157018915343915
}