{
  "bolusiob": 0.8749902140088888, 
  "iob": 1.0698655214138975, 
  "activity": 0.016213562239858904
}