{
  "bolusiob": 0, 
  "iob": -0.07635143804222222, 
  "activity": 0.0012321075837742504
}