{
  "bolusiob": 3.7058047886222223, 
  "iob": 5.097495609095556, 
  "activity": 0.03072153439153438
}