{
  "bolusiob": 0.0031451299999998295, 
  "iob": 0.7780626951208891, 
  "activity": 0.019546818342151676
}