{
  "bolusiob": 2.4849608058311112, 
  "iob": 2.6999937030515375, 
  "activity": 0.004849929576719577
}