{
  "bolusiob": 0, 
  "iob": 0.7376882119936737, 
  "activity": 0.007883933456790122
}