{
  "bolusiob": 0, 
  "iob": 0.18978113481249048, 
  "activity": -0.0005097880952380949
}