{
  "bolusiob": 0, 
  "iob": 0.7254580860797774, 
  "activity": 0.021058941798941792
}