{
  "bolusiob": 0, 
  "iob": 0.4179093278743363, 
  "activity": 0.00889467049382716
}