{
  "bolusiob": 3.088793419782222, 
  "iob": 4.091300984885692, 
  "activity": 0.025143050617283946
}