{
  "bolusiob": 0, 
  "iob": 0.8564962327131113, 
  "activity": 0.02122927689594356
}