{
  "bolusiob": 0, 
  "iob": 0.29785253009311113, 
  "activity": 0.002337248677248677
}