{
  "bolusiob": 0, 
  "iob": 0.5639512501732437, 
  "activity": 0.012900463703703706
}