{
  "bolusiob": 0, 
  "iob": 0.024455652062333078, 
  "activity": -0.0003933733686067014
}