{
  "bolusiob": 1.8336775434666666, 
  "iob": 3.357795968035983, 
  "activity": 0.03227865970017636
}