{
  "bolusiob": 0.7506906131200001, 
  "iob": 1.5507197899755558, 
  "activity": 0.02604221340388007
}