{
  "bolusiob": 0, 
  "iob": 0.30309540036833327, 
  "activity": 0.007037971781305112
}