{
  "bolusiob": 0, 
  "iob": 0.11727736570173472, 
  "activity": 0.002480511199294532
}