{
  "bolusiob": 0, 
  "iob": 0.43667413043708325, 
  "activity": 0.021725626102292752
}