{
  "bolusiob": 0, 
  "iob": 0.0031761773199999385, 
  "activity": -0.0022647089947089947
}