{
  "bolusiob": 0, 
  "iob": 0.11820858950644444, 
  "activity": 0.0011826102292768958
}