{
  "bolusiob": 0, 
  "iob": 0.487583323809861, 
  "activity": 0.004132477954144619
}