{
  "bolusiob": 0.4524052873777778, 
  "iob": 0.9542022839933334, 
  "activity": 0.010379453262786591
}