{
  "bolusiob": 0, 
  "iob": 0.6145771231211111, 
  "activity": 0.008572927689594355
}