{
  "bolusiob": 1.3200171925333333, 
  "iob": 2.8640165442005205, 
  "activity": 0.03397267195767195
}