{
  "bolusiob": 0.007203749666666715, 
  "iob": 0.22296051204333353, 
  "activity": 0.010817971781305113
}