{
  "bolusiob": 0, 
  "iob": 0.804834549513649, 
  "activity": 0.019225291111111105
}