{
  "bolusiob": 0, 
  "iob": 0.6072335385699998, 
  "activity": 0.008288959435626103
}