{
  "bolusiob": 0.13531891442666671, 
  "iob": 1.1422667570592226, 
  "activity": 0.02546127865961199
}