{
  "bolusiob": 0, 
  "iob": -0.2383675622460004, 
  "activity": -0.0059237388888888865
}