{
  "bolusiob": 0, 
  "iob": 0.06489413581912626, 
  "activity": -0.0006655466490299823
}