{
  "bolusiob": 0.014440916666666581, 
  "iob": 0.42647021418666664, 
  "activity": 0.011596578483245149
}