{
  "bolusiob": 0, 
  "iob": -0.26972311351349243, 
  "activity": -0.001605288553791887
}