{
  "bolusiob": 0, 
  "iob": 0.57644725871375, 
  "activity": 0.0067285626102292755
}