{
  "bolusiob": 0.43466812757333334, 
  "iob": 0.4293940908509506, 
  "activity": 0.000866084285714286
}