{
  "bolusiob": 0, 
  "iob": -0.28139021750578663, 
  "activity": 0.00042680763668430323
}