{
  "bolusiob": 0, 
  "iob": 0.007370199317340859, 
  "activity": 0.0011581895061728391
}