{
  "bolusiob": 0, 
  "iob": 0.23227531397021803, 
  "activity": 0.005158482980599646
}