{
  "bolusiob": 0.009995141573333222, 
  "iob": 1.057483573194861, 
  "activity": 0.022765335097001762
}