{
  "bolusiob": 0, 
  "iob": 0.5282098830860985, 
  "activity": 0.005480697019400352
}