{
  "bolusiob": 0, 
  "iob": 6.193606999999046e-05, 
  "activity": 4.126984126984123e-05
}