{
  "bolusiob": 0, 
  "iob": 0.559407282295, 
  "activity": 0.007898395061728394
}