{
  "bolusiob": 0.2875099542533333, 
  "iob": 1.757139472706055, 
  "activity": 0.028927575044091713
}