{
  "bolusiob": 1.1821916596933333, 
  "iob": 2.3542914775522226, 
  "activity": 0.020886208112874775
}