{
  "bolusiob": 1.4984385096533333, 
  "iob": 3.0319021645991664, 
  "activity": 0.03117798059964726
}