{
  "bolusiob": 0, 
  "iob": 0.27057798947, 
  "activity": 0.006620440917107582
}