{
  "bolusiob": 0, 
  "iob": -0.6674471638166667, 
  "activity": -0.005739999999999999
}