{
  "bolusiob": 0, 
  "iob": 0.4828819606772223, 
  "activity": 0.003325352733686067
}