{
  "bolusiob": 0, 
  "iob": -0.21254648832029993, 
  "activity": 0.005617521552028209
}