{
  "bolusiob": 0.78830601332, 
  "iob": 1.9384119921509722, 
  "activity": 0.018603871252204578
}