{
  "bolusiob": 2.1255349942577775, 
  "iob": 3.2781271474911113, 
  "activity": 0.033653192239858895
}