{
  "bolusiob": 0, 
  "iob": 0.5097222966615199, 
  "activity": 0.007009030105820105
}