{
  "bolusiob": 0, 
  "iob": 0.6603402100213317, 
  "activity": 0.010532363880070538
}