{
  "bolusiob": 4.111431896088889, 
  "iob": 6.200873661052222, 
  "activity": 0.037793298059964724
}