{
  "bolusiob": 0, 
  "iob": 0.20722162436217595, 
  "activity": 0.0029324689770723104
}