{
  "bolusiob": 0, 
  "iob": 0.5855431883742223, 
  "activity": 0.004314320987654321
}