{
  "bolusiob": 0, 
  "iob": 0.31581006337385137, 
  "activity": 0.0064143054850088164
}