{
  "bolusiob": 0, 
  "iob": -0.1431020713570748, 
  "activity": -0.0025258550970017643
}