{
  "bolusiob": 0, 
  "iob": 0.520765564654988, 
  "activity": 0.007729841216931215
}