{
  "bolusiob": 0, 
  "iob": 0.18936289677955714, 
  "activity": -0.0003171425925925926
}