{
  "bolusiob": 0, 
  "iob": 0.351303494175161, 
  "activity": 0.0037451235802469134
}