{
  "bolusiob": 0, 
  "iob": 0.12743351960450341, 
  "activity": 0.002915841375661375
}