{
  "bolusiob": 0, 
  "iob": -0.23061418617137308, 
  "activity": 0.0003653789241622579
}