{
  "bolusiob": 0, 
  "iob": 0.6056859673593017, 
  "activity": 0.008660898941798941
}