{
  "bolusiob": 0.55653341728, 
  "iob": 2.1693180773794443, 
  "activity": 0.028570061728395057
}