{
  "bolusiob": 0, 
  "iob": 0.27794471358791656, 
  "activity": 0.010523430335096999
}