{
  "bolusiob": 0.7340322562799997, 
  "iob": 3.6777285962066664, 
  "activity": 0.05425731922398587
}