{
  "bolusiob": 0, 
  "iob": 0.33618279940251344, 
  "activity": 0.00800229188712522
}