{
  "bolusiob": 0.30576955549333334, 
  "iob": 2.205621361980856, 
  "activity": 0.0423498233686067
}