{
  "bolusiob": 0, 
  "iob": -0.4390346955365279, 
  "activity": -0.008231102292768957
}