{
  "bolusiob": 0.3949026225733333, 
  "iob": 1.3138397860544884, 
  "activity": 0.01259319232804232
}