{
  "bolusiob": 0, 
  "iob": 0.2624675428679073, 
  "activity": 0.004546473033509697
}