{
  "bolusiob": 0, 
  "iob": 0.6479630455202, 
  "activity": 0.023418430211640206
}