{
  "bolusiob": 0, 
  "iob": 0.27065612438333336, 
  "activity": 0.00676305114638448
}