{
  "bolusiob": 2.7995911290666666, 
  "iob": 3.4866048195579373, 
  "activity": 0.013519303474426807
}