{
  "bolusiob": 1.8672855153777779, 
  "iob": 2.21902167382642, 
  "activity": 0.009184797089947088
}