{
  "bolusiob": 0, 
  "iob": 1.2848951588511115, 
  "activity": 0.03298707231040564
}