{
  "bolusiob": 0, 
  "iob": -0.15644921566694892, 
  "activity": 0.0016407490652557252
}