{
  "bolusiob": 0.5388309864000002, 
  "iob": 1.7953280924400004, 
  "activity": 0.017649629629629623
}