{
  "bolusiob": 0, 
  "iob": 0.05398915503188891, 
  "activity": 0.0008808730158730165
}