{
  "bolusiob": 0, 
  "iob": 0.28915164452013886, 
  "activity": 0.0018445767195767193
}