{
  "bolusiob": 0, 
  "iob": 0.7872220970950747, 
  "activity": 0.007103212962962962
}