{
  "bolusiob": 4.603170028888889, 
  "iob": 5.389421066332221, 
  "activity": 0.025172698412698404
}