{
  "bolusiob": 0, 
  "iob": 0.17160591760145338, 
  "activity": 0.008261904638447969
}