{
  "bolusiob": 0, 
  "iob": 0.13177422717069445, 
  "activity": 0.0012041005291005293
}