{
  "bolusiob": 0, 
  "iob": -0.6795625314444445, 
  "activity": -0.006881472663139329
}