{
  "bolusiob": 1.27656575888, 
  "iob": 1.7328750927733332, 
  "activity": 0.009052522045855375
}