{
  "bolusiob": 0, 
  "iob": 0.11610569983902777, 
  "activity": 0.00047803350970017583
}