{
  "bolusiob": 1.1440555756000004, 
  "iob": 2.472499223066667, 
  "activity": 0.020570370370370364
}