{
  "bolusiob": 0.745861152, 
  "iob": 1.5011302822441155, 
  "activity": 0.01395977082892416
}