{
  "bolusiob": 1.5763242282977779, 
  "iob": 2.94497112054, 
  "activity": 0.03441537918871251
}