{
  "bolusiob": 0, 
  "iob": 0.9234039020771506, 
  "activity": 0.018498439506172838
}