{
  "bolusiob": 0, 
  "iob": 0.7515665879453323, 
  "activity": 0.005245798306878305
}