{
  "bolusiob": 0, 
  "iob": 0.6158701547412828, 
  "activity": 0.006933824356261022
}