{
  "bolusiob": 0, 
  "iob": 0.012143476231111158, 
  "activity": 0.00015100529100529043
}