{
  "bolusiob": 1.5918962829333334, 
  "iob": 4.289584421233333, 
  "activity": 0.043309629629629615
}