{
  "bolusiob": 0, 
  "iob": 0.7030042814392363, 
  "activity": 0.007133598624338626
}