{
  "bolusiob": 0, 
  "iob": 0.5776691397136291, 
  "activity": 0.0036978487830687822
}