{
  "bolusiob": 1.6154359350044445, 
  "iob": 2.0945687063982446, 
  "activity": 0.018315722980599646
}