{
  "bolusiob": 0, 
  "iob": 0.19247316894999988, 
  "activity": -0.0012928571428571438
}