{
  "bolusiob": 0, 
  "iob": 0.05580213051999998, 
  "activity": 0.0038931216931216905
}