{
  "bolusiob": 0.5198975436800002, 
  "iob": 2.1724936420238894, 
  "activity": 0.036121164021164005
}