{
  "bolusiob": 0, 
  "iob": 0.6119787422897779, 
  "activity": 0.01460553791887124
}