{
  "bolusiob": 0, 
  "iob": 0.31550160973124997, 
  "activity": 0.0017029717813051147
}