{
  "bolusiob": 0, 
  "iob": -0.3198024493617486, 
  "activity": 0.004754812257495589
}