{
  "bolusiob": 2.00269796064, 
  "iob": 3.9298939055276048, 
  "activity": 0.039745198412698406
}