{
  "bolusiob": 0, 
  "iob": -0.013427559462434367, 
  "activity": 0.0014124224867724865
}