{
  "bolusiob": 0, 
  "iob": -0.6842415158204572, 
  "activity": 0.0030689770194003486
}