{
  "bolusiob": 0, 
  "iob": -0.07736757541049327, 
  "activity": -0.0008085186419753085
}