{
  "bolusiob": 0.0009412693333333167, 
  "iob": 0.5098615378843602, 
  "activity": 0.0053982805114638445
}