{
  "bolusiob": 0, 
  "iob": 0.23450957894683927, 
  "activity": 0.004544091446208112
}