{
  "bolusiob": 0, 
  "iob": 0.5054190920941601, 
  "activity": 0.011914182486772479
}