{
  "bolusiob": 0.9491100872222222, 
  "iob": 1.5487317655116666, 
  "activity": 0.013217125220458552
}