{
  "bolusiob": 0.19992013140000015, 
  "iob": 2.554581050318591, 
  "activity": 0.050502481569664893
}