{
  "bolusiob": 0, 
  "iob": -0.3395812847733333, 
  "activity": -0.0039179541446208105
}