{
  "bolusiob": 0, 
  "iob": -0.07051996652678835, 
  "activity": -0.001314950758377427
}