{
  "bolusiob": 0.04602593770666679, 
  "iob": 0.6456626071877068, 
  "activity": 0.015096119805996473
}