{
  "bolusiob": 0, 
  "iob": 0.013137287660000007, 
  "activity": 0.0007788359788359787
}