{
  "bolusiob": 0, 
  "iob": 0.1262889844800002, 
  "activity": 0.005578835978835978
}