{
  "bolusiob": 0, 
  "iob": 0.6883072579576363, 
  "activity": 0.007256349947089946
}