{
  "bolusiob": 1.3445049763911112, 
  "iob": 2.386535196498334, 
  "activity": 0.03091609347442681
}