{
  "bolusiob": 0, 
  "iob": 0.7075948471102335, 
  "activity": 0.007019730546737213
}