{
  "bolusiob": 0, 
  "iob": 0.21611771475680375, 
  "activity": 0.00266454176366843
}