{
  "bolusiob": -0.00010439586666666223, 
  "iob": 0.7806992961397778, 
  "activity": 0.024279206349206342
}