{
  "bolusiob": 0, 
  "iob": 0.1936892883722991, 
  "activity": 0.0029030251499118165
}