{
  "bolusiob": 0, 
  "iob": -0.1427444274427366, 
  "activity": -0.00019110241622574963
}