{
  "bolusiob": 2.3233409409244445, 
  "iob": 3.418471765861667, 
  "activity": 0.033333350970017626
}