{
  "bolusiob": 0, 
  "iob": 0.5636607604314443, 
  "activity": 0.011521358024691354
}