{
  "bolusiob": 0, 
  "iob": -0.47218037341480157, 
  "activity": -0.005430141340388005
}