{
  "bolusiob": 0, 
  "iob": -0.004973158270555569, 
  "activity": 0.002228068783068781
}