{
  "bolusiob": 0.19248461760000002, 
  "iob": 1.7909721744000004, 
  "activity": 0.031688888888888884
}