{
  "bolusiob": 0, 
  "iob": 0.24559925200218577, 
  "activity": 0.0018353616931216924
}