{
  "bolusiob": 0, 
  "iob": 0.4634164878082209, 
  "activity": 0.0057911903880070534
}