{
  "bolusiob": 0, 
  "iob": 1.8271333745322225, 
  "activity": 0.04986373897707231
}