{
  "bolusiob": 0, 
  "iob": 0.025378729396666695, 
  "activity": 0.0027790123456790114
}