{
  "bolusiob": 0, 
  "iob": 0.16820018463983474, 
  "activity": -0.000563562345679012
}