{
  "bolusiob": 0, 
  "iob": 0.2777207457811606, 
  "activity": 0.003361499488536155
}