{
  "bolusiob": 1.0622902610533336, 
  "iob": 2.310337200558889, 
  "activity": 0.02043054710758377
}