{
  "bolusiob": 0, 
  "iob": 0.8247382308704974, 
  "activity": 0.016199021534391532
}