{
  "bolusiob": 0, 
  "iob": 0.7019307476429024, 
  "activity": 0.008266869312169313
}