{
  "bolusiob": 0, 
  "iob": 0.7170946906026583, 
  "activity": 0.008404572592592592
}