{
  "bolusiob": 0, 
  "iob": 0.47880211252652777, 
  "activity": 0.004240061728395062
}