{
  "bolusiob": 0.23454233333333313, 
  "iob": 1.7920545413970213, 
  "activity": 0.03142583747795414
}