{
  "bolusiob": 0, 
  "iob": 0.4057178076549541, 
  "activity": 0.015068430070546736
}