{
  "bolusiob": 0, 
  "iob": 0.18065065672011138, 
  "activity": 0.004953135537918872
}