{
  "bolusiob": 0, 
  "iob": 0.8252194432942899, 
  "activity": 0.014455847195767197
}