{
  "bolusiob": 0, 
  "iob": 0.10100884990336431, 
  "activity": 0.002561684126984126
}