{
  "bolusiob": 3.07754272208, 
  "iob": 3.457602988848886, 
  "activity": 0.013453739171075832
}