{
  "bolusiob": 1.4265034866666668, 
  "iob": 4.1982099594577775, 
  "activity": 0.0450869135802469
}