{
  "bolusiob": 1.894434978702222, 
  "iob": 1.9055197893205553, 
  "activity": 0.0013540211640211634
}