{
  "bolusiob": 0, 
  "iob": 0.002546687033333323, 
  "activity": 0.0003871252204585532
}