{
  "bolusiob": 3.4133265880000003, 
  "iob": 5.073392821301055, 
  "activity": 0.03306014082892416
}