{
  "bolusiob": 0, 
  "iob": 0.689133980594485, 
  "activity": 0.013893368977072303
}