{
  "bolusiob": 0.18078842640000015, 
  "iob": 1.47944726844, 
  "activity": 0.022760740740740734
}