{
  "bolusiob": 0.49883100000000036, 
  "iob": 3.2021130813435636, 
  "activity": 0.052008438888888876
}