{
  "bolusiob": 0, 
  "iob": 0.2803264845979166, 
  "activity": 0.009431155202821864
}