{
  "bolusiob": 0, 
  "iob": 0.32611900402500005, 
  "activity": 0.0011717901234567902
}