{
  "bolusiob": 0, 
  "iob": 0.21135650913943915, 
  "activity": 0.002176684038800705
}