{
  "bolusiob": 0, 
  "iob": 0.03327732342565977, 
  "activity": 0.003953602292768959
}