{
  "bolusiob": 0.013289769999999979, 
  "iob": 0.855526163517, 
  "activity": 0.020586574955908283
}