{
  "bolusiob": 0, 
  "iob": -0.2151041165596667, 
  "activity": -0.0015929276895943556
}