{
  "bolusiob": 0, 
  "iob": 0.0664800165468403, 
  "activity": -0.0009040917107583773
}