{
  "bolusiob": 0.012791313599999632, 
  "iob": 2.1134555289863126, 
  "activity": 0.0513908815696649
}