{
  "bolusiob": 0.5112929024, 
  "iob": 0.7697745386933333, 
  "activity": 0.005507019400352733
}