{
  "bolusiob": 0, 
  "iob": 0.6584890133648513, 
  "activity": 0.0035188279012345674
}