{
  "bolusiob": 0, 
  "iob": 0.4056266996364445, 
  "activity": 0.004389973544973543
}