{
  "bolusiob": 0, 
  "iob": 0.18091555704221154, 
  "activity": 0.0015148764550264545
}