{
  "bolusiob": 0.05137988533333327, 
  "iob": 0.4553052360555556, 
  "activity": 0.008405361552028218
}