{
  "bolusiob": 0.15448707498666675, 
  "iob": 0.5766497462177778, 
  "activity": 0.00804296296296296
}