{
  "bolusiob": 0.136929024, 
  "iob": 0.5858465636819297, 
  "activity": 0.012893421199294533
}