{
  "bolusiob": 0.012173450666666563, 
  "iob": 0.7041257833226249, 
  "activity": 0.018884426543209876
}