{
  "bolusiob": 3.2090127387022225, 
  "iob": 3.362137248983785, 
  "activity": 0.005888417107583773
}