{
  "bolusiob": 0, 
  "iob": 0.00021821205922218506, 
  "activity": 0.01084915343915344
}