{
  "bolusiob": 0, 
  "iob": -0.008597414565555558, 
  "activity": 0.0019612433862433855
}