{
  "bolusiob": 0, 
  "iob": 0.38260741763195205, 
  "activity": 0.006106991569664902
}