{
  "bolusiob": 2.1177472, 
  "iob": 2.2539378486385555, 
  "activity": 0.010633738977072309
}