{
  "bolusiob": 0, 
  "iob": -0.5318300581500001, 
  "activity": -0.004387707231040564
}