{
  "bolusiob": 0, 
  "iob": 0.5633305470803335, 
  "activity": 0.007642857142857141
}