{
  "bolusiob": 0.7997837818933333, 
  "iob": 2.2476183381955552, 
  "activity": 0.027816790123456787
}