{
  "bolusiob": 0, 
  "iob": -0.14232986406883935, 
  "activity": 0.0009558726984126981
}