{
  "bolusiob": 0, 
  "iob": -0.026522454196720405, 
  "activity": -0.002640123368606701
}