{
  "bolusiob": 0.003387999039999912, 
  "iob": 0.049380021619955604, 
  "activity": 0.00402864185185185
}