{
  "bolusiob": 0.06684719039999965, 
  "iob": 2.64900813109, 
  "activity": 0.060205820105820096
}