{
  "bolusiob": 1.52967059952, 
  "iob": 2.5408021746197917, 
  "activity": 0.03013120811287477
}