{
  "bolusiob": 0, 
  "iob": 0.9085488251362522, 
  "activity": 0.014272557530864193
}