{
  "bolusiob": 0, 
  "iob": 0.5944153785372477, 
  "activity": 0.007862376472663137
}