{
  "bolusiob": 0, 
  "iob": -0.2904301344864722, 
  "activity": -0.0031452913756613754
}