{
  "bolusiob": 0.5065896170666667, 
  "iob": 1.6741282270571658, 
  "activity": 0.022813932716049375
}