{
  "bolusiob": 0, 
  "iob": 0.35135947886555563, 
  "activity": 0.010429012345679008
}