{
  "bolusiob": 0, 
  "iob": 0.0020306452307055495, 
  "activity": 0.0002803439153439154
}