{
  "bolusiob": 0, 
  "iob": 0.3946213295301827, 
  "activity": 0.004970201410934744
}