{
  "bolusiob": 0, 
  "iob": 0.7643146138290694, 
  "activity": 0.013037322980599645
}