{
  "bolusiob": 0, 
  "iob": 0.9794014785050644, 
  "activity": 0.01578285724867724
}