{
  "bolusiob": 0, 
  "iob": 0.2784134534573891, 
  "activity": 0.003069505908289241
}