{
  "bolusiob": 0, 
  "iob": 0.5279233884015277, 
  "activity": 0.006489268077601408
}