{
  "bolusiob": 0, 
  "iob": 0.009987244691146679, 
  "activity": 0.0023716637566137547
}