{
  "bolusiob": 0, 
  "iob": 0.5261678149362069, 
  "activity": 0.007515555291005288
}