{
  "bolusiob": 0, 
  "iob": -0.21614512425615048, 
  "activity": -0.005491640123456788
}