{
  "bolusiob": 0.7760862464000002, 
  "iob": 2.567716058911729, 
  "activity": 0.030066260934744255
}