{
  "bolusiob": 2.5649520555555556, 
  "iob": 3.1621300453222223, 
  "activity": 0.01668650793650793
}