{
  "bolusiob": 0, 
  "iob": 0.14267425003333334, 
  "activity": 0.005765432098765431
}