{
  "bolusiob": 0, 
  "iob": 0.0952748841058754, 
  "activity": 0.001886446031746031
}