{
  "bolusiob": 0, 
  "iob": 0.2517861843087247, 
  "activity": 0.0041293030864197515
}