{
  "bolusiob": 0, 
  "iob": 0.41506762372527106, 
  "activity": 0.004072019312169311
}