{
  "bolusiob": 0, 
  "iob": -0.1783435727818889, 
  "activity": -0.001592786596119929
}