{
  "bolusiob": 0, 
  "iob": 0.4159182128000001, 
  "activity": 0.011894179894179895
}