{
  "bolusiob": 0, 
  "iob": 0.5940302689583837, 
  "activity": 0.0050859702998236325
}