{
  "bolusiob": 0, 
  "iob": 0.7084120130083151, 
  "activity": 0.023245979153439133
}