{
  "bolusiob": 0, 
  "iob": -0.09411984080875, 
  "activity": -0.0016659523809523808
}