{
  "bolusiob": 0, 
  "iob": 0.6856168096939685, 
  "activity": 0.015382275449735448
}