{
  "bolusiob": 0.03578773333333327, 
  "iob": 0.04256525400679112, 
  "activity": 0.005035696525573192
}