{
  "bolusiob": 0, 
  "iob": 0.39365474653666666, 
  "activity": 0.006950440917107583
}