{
  "bolusiob": 0, 
  "iob": 0.6953394350571668, 
  "activity": 0.008881398483245147
}