{
  "bolusiob": 0, 
  "iob": 0.10581822763333337, 
  "activity": 0.0050035273368606685
}