{
  "bolusiob": 0, 
  "iob": -0.11893609316432896, 
  "activity": 0.0005103616754850088
}