{
  "bolusiob": 0, 
  "iob": 0.36043332406747175, 
  "activity": 0.004941958042328042
}