{
  "bolusiob": 0, 
  "iob": 0.9943088125905557, 
  "activity": 0.02155749559082892
}