{
  "bolusiob": 0, 
  "iob": 0.22198650377226264, 
  "activity": 0.008546357918871251
}