{
  "bolusiob": 0, 
  "iob": 0.2120097883309092, 
  "activity": 0.005111146119929454
}