{
  "bolusiob": 0, 
  "iob": 0.6644023089852739, 
  "activity": 0.010265591093474422
}