{
  "bolusiob": 0, 
  "iob": 0.12979050805666667, 
  "activity": 0.0023782363315696647
}