{
  "bolusiob": 0.006943422933333276, 
  "iob": 0.6825606419064447, 
  "activity": 0.015443144285714283
}