{
  "bolusiob": 0, 
  "iob": 1.6441340012500003, 
  "activity": 0.04673280423280423
}