{
  "bolusiob": 0, 
  "iob": -0.005833124451397366, 
  "activity": 0.0026576189594356265
}