{
  "bolusiob": 0, 
  "iob": 0.5523494231688058, 
  "activity": 0.007335789576719575
}