{
  "bolusiob": 0.020691299200000013, 
  "iob": 0.8949627134620001, 
  "activity": 0.021048797178130504
}