{
  "bolusiob": 0, 
  "iob": 0.3674418423982665, 
  "activity": 0.015254250440917102
}