{
  "bolusiob": 2.4616289983288886, 
  "iob": 2.723099155618658, 
  "activity": 0.019881921781305115
}