{
  "bolusiob": 0, 
  "iob": 0.6901598610455179, 
  "activity": 0.010134938906525575
}