{
  "bolusiob": 0, 
  "iob": -0.14722038883943725, 
  "activity": 0.0006123102645502628
}