{
  "bolusiob": 0, 
  "iob": 0.7841581898320766, 
  "activity": 0.008875508324514989
}