{
  "bolusiob": 0.5292306720000001, 
  "iob": 1.8274248833716091, 
  "activity": 0.019367795802469136
}