{
  "bolusiob": 0.9342464945066665, 
  "iob": 1.0642131481350001, 
  "activity": 0.002630352733686066
}