{
  "bolusiob": 0.7029471734933332, 
  "iob": 1.1794547031038891, 
  "activity": 0.01924887125220458
}