{
  "bolusiob": 0, 
  "iob": -0.20957709508632882, 
  "activity": -0.0017335803703703702
}