{
  "bolusiob": 2.5074900812800003, 
  "iob": 2.66271575758, 
  "activity": 0.0055795767195767195
}