{
  "bolusiob": 0, 
  "iob": 0.7838959596327246, 
  "activity": 0.008477626701940032
}