{
  "bolusiob": 0, 
  "iob": 0.17126471151108136, 
  "activity": 0.004874722839506172
}