{
  "bolusiob": 0, 
  "iob": 0.8568960281367102, 
  "activity": 0.013056543633156963
}