{
  "bolusiob": 0, 
  "iob": 0.22000779125150038, 
  "activity": 0.005165008730158729
}