{
  "bolusiob": 0, 
  "iob": 0.35833173428954657, 
  "activity": 0.0062421517989417995
}