{
  "bolusiob": 0.5334451865600001, 
  "iob": 1.1014815686755557, 
  "activity": 0.009744444444444444
}