{
  "bolusiob": 0, 
  "iob": 0.2954993997580471, 
  "activity": 0.0053401939153439135
}