{
  "bolusiob": 0, 
  "iob": -0.007262695278914821, 
  "activity": 0.0032061839153439153
}