{
  "bolusiob": 0, 
  "iob": 1.2943187064666668, 
  "activity": 0.038077107583774236
}