{
  "bolusiob": 1.8900690588088889, 
  "iob": 3.4682008131721735, 
  "activity": 0.02689780779541446
}