{
  "bolusiob": 0, 
  "iob": 0.08989031386544782, 
  "activity": 0.0024519803350970012
}