{
  "bolusiob": 0.0895160240000003, 
  "iob": 2.151766197418472, 
  "activity": 0.03930933862433862
}