{
  "bolusiob": 0, 
  "iob": 0.15590773895923613, 
  "activity": 0.0019581569664903
}