{
  "bolusiob": 0.7169229523555556, 
  "iob": 1.1725308297222221, 
  "activity": 0.011923104056437386
}