{
  "bolusiob": 0, 
  "iob": 0.6570546617597776, 
  "activity": 0.006249661375661373
}