{
  "bolusiob": 0, 
  "iob": 0.2885518258872226, 
  "activity": 0.00661905987654321
}