{
  "bolusiob": 2.4867067555555558, 
  "iob": 2.7812943377833337, 
  "activity": 0.01981734567901234
}