{
  "bolusiob": 0.7863092251733336, 
  "iob": 2.787022164792677, 
  "activity": 0.03808246631393297
}