{
  "bolusiob": 0, 
  "iob": 0.6504278304421384, 
  "activity": 0.011294127460317459
}