{
  "bolusiob": -0.00010889354666657747, 
  "iob": 0.12407354111555552, 
  "activity": 0.010016331569664902
}