{
  "bolusiob": 0, 
  "iob": 1.0653256788188887, 
  "activity": 0.03601485008818341
}