{
  "bolusiob": 0, 
  "iob": -0.6132768781507304, 
  "activity": -0.0034498588183421506
}