{
  "bolusiob": 0, 
  "iob": 0.6506662674439313, 
  "activity": 0.0037601859259259254
}