{
  "bolusiob": 0, 
  "iob": 0.6243786859105557, 
  "activity": 0.008195414462081128
}