{
  "bolusiob": 1.6951813625244443, 
  "iob": 3.015755712468333, 
  "activity": 0.03425485008818341
}