{
  "bolusiob": 1.5079787333333337, 
  "iob": 2.648511391065166, 
  "activity": 0.02067669902998236
}