{
  "bolusiob": 0.3205594998, 
  "iob": 1.2202990479692666, 
  "activity": 0.01770985890652557
}