{
  "bolusiob": 0, 
  "iob": 0.11131600487986071, 
  "activity": -0.0008266401234567898
}