{
  "bolusiob": 4.040366719431111, 
  "iob": 3.717605561575789, 
  "activity": 0.0018760996472663124
}