{
  "bolusiob": 0, 
  "iob": 0.6883789125411334, 
  "activity": 0.0054236250617283955
}