{
  "bolusiob": 0.33552292469333334, 
  "iob": 1.6460163504414091, 
  "activity": 0.04364980587301587
}