{
  "bolusiob": 0, 
  "iob": 0.38816902356368066, 
  "activity": 0.005043210246913579
}