{
  "bolusiob": 0, 
  "iob": -0.3554106580737814, 
  "activity": -0.005978618783068782
}