{
  "bolusiob": 0, 
  "iob": 0.3081010341559916, 
  "activity": 0.004329073915343915
}