{
  "bolusiob": 0.0014212570666666258, 
  "iob": 1.5885657960994446, 
  "activity": 0.04708301587301588
}