{
  "bolusiob": 0, 
  "iob": -0.09485147721244444, 
  "activity": -0.0009189417989417989
}