{
  "bolusiob": 0, 
  "iob": -0.3739838852561111, 
  "activity": -0.00256389770723104
}