{
  "bolusiob": 0, 
  "iob": -0.02903334128611111, 
  "activity": -0.0014923456790123452
}