{
  "bolusiob": 0, 
  "iob": 0.4698953807338889, 
  "activity": 0.007470881834215167
}