{
  "bolusiob": 0, 
  "iob": -0.5888161084814817, 
  "activity": -0.005716014356261023
}