{
  "bolusiob": 0, 
  "iob": 0.4432490453475263, 
  "activity": 0.003971366931216931
}