{
  "bolusiob": 1.21718183808, 
  "iob": 2.4856776937926033, 
  "activity": 0.02242070008818342
}