{
  "bolusiob": 0.1728056228000001, 
  "iob": 0.7096973332000001, 
  "activity": 0.00891111111111111
}