{
  "bolusiob": 0.7911597208177779, 
  "iob": 0.7970515995377778, 
  "activity": 0.0005906172839506172
}