{
  "bolusiob": 0, 
  "iob": 1.065816839575, 
  "activity": 0.03397931216931216
}