{
  "bolusiob": 0, 
  "iob": 0.08064724368666688, 
  "activity": 0.0075559788359788336
}