{
  "bolusiob": 0.14843137269333337, 
  "iob": 0.21342459925167112, 
  "activity": 0.004111857760141094
}