{
  "bolusiob": 0.3046120950000001, 
  "iob": 1.7251839843335541, 
  "activity": 0.02317646440917106
}