{
  "bolusiob": 0, 
  "iob": -0.1045061955788889, 
  "activity": -0.0018647707231040564
}