{
  "bolusiob": 0, 
  "iob": 0.1718210632338132, 
  "activity": 0.015994303227513218
}