{
  "bolusiob": 0, 
  "iob": 0.5261966340776096, 
  "activity": 0.01654455063492063
}