{
  "bolusiob": 0, 
  "iob": -0.10984696069179038, 
  "activity": 0.0006853085890652438
}