{
  "bolusiob": 0.0739374792533333, 
  "iob": 0.49017987780888894, 
  "activity": 0.008422927689594356
}