{
  "bolusiob": 0, 
  "iob": 0.4304380660161612, 
  "activity": 0.0033349686419753073
}