{
  "bolusiob": 0, 
  "iob": -0.09368454453406105, 
  "activity": -4.632287477954154e-05
}