{
  "bolusiob": 1.9085568035555556, 
  "iob": 2.117457656158472, 
  "activity": 0.005534382716049381
}