{
  "bolusiob": 0, 
  "iob": 0.10322020867578209, 
  "activity": 0.0019894795414462075
}