{
  "bolusiob": 0, 
  "iob": 0.2829614672908797, 
  "activity": 0.0026130778483245145
}