{
  "bolusiob": 0, 
  "iob": 0.7424772564613793, 
  "activity": 0.010738201904761907
}