{
  "bolusiob": 0, 
  "iob": 0.4139355126430406, 
  "activity": 0.004915203192239858
}