{
  "bolusiob": 0, 
  "iob": -0.3406050117715861, 
  "activity": -0.0015664553439153441
}