{
  "bolusiob": 0, 
  "iob": -0.48499160127128377, 
  "activity": -0.007171675396825395
}