{
  "bolusiob": 0, 
  "iob": 0.03681372046383081, 
  "activity": 0.002501357848324515
}