{
  "bolusiob": 0, 
  "iob": 0.01770207196071978, 
  "activity": -0.0015862170546737213
}