{
  "bolusiob": 0, 
  "iob": 0.623619383395515, 
  "activity": 0.021430106137566116
}