{
  "bolusiob": 0, 
  "iob": 0.21520923922737398, 
  "activity": 0.0026108645679012344
}