{
  "bolusiob": 0, 
  "iob": -0.08591133546014326, 
  "activity": 0.0008661991710758376
}