{
  "bolusiob": 0, 
  "iob": -0.312484876808, 
  "activity": -0.0017955555555555554
}