{
  "bolusiob": 0, 
  "iob": 0.07238756538956069, 
  "activity": -0.0030843032627865955
}