{
  "bolusiob": 0, 
  "iob": -0.048493712743502275, 
  "activity": 0.010970484761904759
}