{
  "bolusiob": 0.8633908784311107, 
  "iob": 3.2975425761277775, 
  "activity": 0.05699148148148146
}