{
  "bolusiob": 0, 
  "iob": 0.1531749591538436, 
  "activity": 0.00521345352733686
}