{
  "bolusiob": 0, 
  "iob": 0.47019068644714657, 
  "activity": 0.003743104162257495
}