{
  "bolusiob": 0.5970915698133333, 
  "iob": 0.9061129841166666, 
  "activity": 0.009950194003527334
}