{
  "bolusiob": 0, 
  "iob": -0.2388801984421159, 
  "activity": -0.002778403915343915
}