{
  "bolusiob": 0.8691548678400001, 
  "iob": 0.989792482468889, 
  "activity": 0.0037683774250440887
}