{
  "bolusiob": 0.23599568640000013, 
  "iob": 2.7064343991021556, 
  "activity": 0.05606221313932979
}