{
  "bolusiob": 2.89059776768, 
  "iob": 3.3094979810466674, 
  "activity": 0.01516278659611993
}