{
  "bolusiob": 0.5697203741777778, 
  "iob": 1.0453873140406573, 
  "activity": 0.013036313562610227
}