{
  "bolusiob": 0.42629638506666667, 
  "iob": 1.4195145338018054, 
  "activity": 0.018129858906525572
}