{
  "bolusiob": 0.14816918873333335, 
  "iob": 1.4618167780446174, 
  "activity": 0.025547310846560842
}