{
  "bolusiob": 0, 
  "iob": 0.386392478593097, 
  "activity": 0.004280167601410935
}