{
  "bolusiob": -3.846847999997571e-05, 
  "iob": 0.5185388388250001, 
  "activity": 0.011886507936507935
}