{
  "bolusiob": 0.8604233613866668, 
  "iob": 2.5522246221393052, 
  "activity": 0.02781126102292768
}