{
  "bolusiob": 0, 
  "iob": 0.277721836265, 
  "activity": 0.002461172839506173
}