{
  "bolusiob": 0, 
  "iob": 0.42264652649389195, 
  "activity": 0.004755749788359787
}