{
  "bolusiob": 0, 
  "iob": 0.10774428541958336, 
  "activity": 0.0005379982363315693
}