{
  "bolusiob": 0.0008527481333333586, 
  "iob": 0.7956525627341158, 
  "activity": 0.01911065266313932
}