{
  "bolusiob": 0, 
  "iob": -0.09644497958958297, 
  "activity": -0.0021780600529100525
}