{
  "bolusiob": 0.21664116898666674, 
  "iob": 1.017540652317102, 
  "activity": 0.014295270546737208
}