{
  "bolusiob": 2.1660995458844443, 
  "iob": 2.5390485867977777, 
  "activity": 0.010430440917107582
}