{
  "bolusiob": 0, 
  "iob": 0.5844723785146859, 
  "activity": 0.004341200035273362
}