{
  "bolusiob": 0.10291611477333343, 
  "iob": 0.3662386619411686, 
  "activity": 0.0037693653439153435
}