{
  "bolusiob": 0, 
  "iob": 0.20543967648529798, 
  "activity": 0.0033858061728395047
}