{
  "bolusiob": 0, 
  "iob": 0.03619326660395836, 
  "activity": 0.0008080246913580248
}