{
  "bolusiob": 0, 
  "iob": 0.2759655919001046, 
  "activity": 0.0014266488888888883
}