{
  "bolusiob": 0, 
  "iob": 0.14924030157941087, 
  "activity": 0.00011994728395061729
}