{
  "bolusiob": 0, 
  "iob": 0.1778368779640393, 
  "activity": 0.001565581922398589
}