{
  "bolusiob": 0, 
  "iob": 0.8809669818109989, 
  "activity": 0.009798143350970016
}