{
  "bolusiob": 0, 
  "iob": 0.6651075862019149, 
  "activity": 0.022338042645502623
}