{
  "bolusiob": 0, 
  "iob": 0.04873477191774312, 
  "activity": 0.004400454144620811
}