{
  "bolusiob": 0.27492857027999995, 
  "iob": 1.7193340338133334, 
  "activity": 0.027721940035273365
}