{
  "bolusiob": 0.05067773013333332, 
  "iob": 0.6044835949772223, 
  "activity": 0.010102239858906523
}