{
  "bolusiob": 0, 
  "iob": 0.7308991334267351, 
  "activity": 0.0060621435449735445
}