{
  "bolusiob": 0, 
  "iob": 0.5469760339583938, 
  "activity": 0.007522347971781304
}