{
  "bolusiob": 0, 
  "iob": 0.3969713825722223, 
  "activity": 0.007247865961199292
}