{
  "bolusiob": 0, 
  "iob": 0.28586848487633854, 
  "activity": 0.006209256349206348
}