{
  "bolusiob": 0, 
  "iob": 0.5724830036950002, 
  "activity": 0.008340864197530863
}