{
  "bolusiob": 0, 
  "iob": 0.8528275335148707, 
  "activity": 0.01652431253968253
}