{
  "bolusiob": 2.724980716266667, 
  "iob": 2.9221425990666665, 
  "activity": 0.00728148148148148
}