{
  "bolusiob": 1.3617083354666668, 
  "iob": 1.8311953827620842, 
  "activity": 0.007779436084656086
}