{
  "bolusiob": 0, 
  "iob": 0.6529323941011111, 
  "activity": 0.008183527336860669
}