{
  "bolusiob": 2.1973832, 
  "iob": 2.6643860012306355, 
  "activity": 0.00951784823633156
}