{
  "bolusiob": 1.130721644, 
  "iob": 1.3918390851533335, 
  "activity": 0.004410987654320987
}