{
  "bolusiob": 0, 
  "iob": 0.08651919198958335, 
  "activity": 0.0011163051146384478
}