{
  "bolusiob": 0, 
  "iob": -0.3191208099794445, 
  "activity": -0.0007037742504409172
}