{
  "bolusiob": 0, 
  "iob": 0.9007325632192528, 
  "activity": 0.009688150970017632
}