{
  "bolusiob": 0.36530999242666673, 
  "iob": 1.7288936882915955, 
  "activity": 0.04463181645502646
}