{
  "bolusiob": 0, 
  "iob": -0.48563170649344456, 
  "activity": -0.007565008818342151
}