{
  "bolusiob": 0, 
  "iob": 0.19377768627611108, 
  "activity": 0.0021261199294532627
}