{
  "bolusiob": 0.08301364863999998, 
  "iob": 0.4169355457913333, 
  "activity": 0.01346017636684303
}