{
  "bolusiob": 0, 
  "iob": 0.21604940171380907, 
  "activity": 0.004860762698412697
}