{
  "bolusiob": 0, 
  "iob": 0.4412189135607292, 
  "activity": 0.0034625
}