{
  "bolusiob": 0, 
  "iob": 0.6142532414210341, 
  "activity": 0.007985417389770723
}