{
  "bolusiob": 0.006313454399999918, 
  "iob": 1.9004145085353403, 
  "activity": 0.04526171067019399
}