{
  "bolusiob": 0, 
  "iob": 0.30501242166944437, 
  "activity": 0.009326331569664902
}