{
  "bolusiob": 1.552742, 
  "iob": 2.267099219946165, 
  "activity": 0.018774922980599643
}