{
  "bolusiob": 1.3549989959466666, 
  "iob": 2.6244254853577775, 
  "activity": 0.021419082892416223
}