{
  "bolusiob": 0, 
  "iob": 0.1709308090131111, 
  "activity": 0.002523167548500881
}