{
  "bolusiob": 1.7199818042666668, 
  "iob": 2.7384689822599997, 
  "activity": 0.021823633156966483
}