{
  "bolusiob": 0, 
  "iob": -0.15317670412152595, 
  "activity": -0.0012620193121693122
}