{
  "bolusiob": 0, 
  "iob": -0.06423944825246883, 
  "activity": 0.014660493562610222
}