{
  "bolusiob": 0, 
  "iob": 0.6817849339075237, 
  "activity": 0.008275550846560844
}