{
  "bolusiob": 0, 
  "iob": 0.5349153532299998, 
  "activity": 0.025462592592592585
}