{
  "bolusiob": 0, 
  "iob": -0.4324138126848757, 
  "activity": -0.003074938447971781
}