{
  "bolusiob": 0, 
  "iob": 0.622243696846663, 
  "activity": 0.005654118641975307
}