{
  "bolusiob": 0, 
  "iob": -0.05982196513555553, 
  "activity": 0.0009374955908289253
}