{
  "bolusiob": 0, 
  "iob": 0.5969025194333335, 
  "activity": 0.01687654320987654
}