{
  "bolusiob": 0, 
  "iob": -0.08948652514974874, 
  "activity": -0.002306878218694885
}