{
  "bolusiob": 0.010475654440000115, 
  "iob": 1.175402003492518, 
  "activity": 0.02830731895943562
}