{
  "bolusiob": 0.004662976000000052, 
  "iob": 1.0737680033481138, 
  "activity": 0.017126331569664893
}