{
  "bolusiob": 1.231087960728889, 
  "iob": 1.6706299067733335, 
  "activity": 0.005539462081128747
}