{
  "bolusiob": 0, 
  "iob": -0.2516936172133754, 
  "activity": 0.0002677775837742495
}