{
  "bolusiob": 3.519464475093333, 
  "iob": 4.077175416290417, 
  "activity": 0.014236146384479717
}