{
  "bolusiob": 0, 
  "iob": 0.17165503246593175, 
  "activity": 0.0021630685537918867
}