{
  "bolusiob": 0, 
  "iob": 0.36451888661879994, 
  "activity": 0.006402786719576718
}