{
  "bolusiob": 0, 
  "iob": 0.01538533256666666, 
  "activity": 0.0007763668430335092
}