{
  "bolusiob": 0.9022955174399999, 
  "iob": 1.5109246766072222, 
  "activity": 0.017509999999999994
}