{
  "bolusiob": 0, 
  "iob": 0.21221533577388896, 
  "activity": 0.003997407407407407
}