{
  "bolusiob": 0, 
  "iob": -0.31613687652547995, 
  "activity": -0.0018501412169312165
}