{
  "bolusiob": 1.3613904119733333, 
  "iob": 3.0104270916680687, 
  "activity": 0.03547975317460317
}