{
  "bolusiob": 0.30423457698666667, 
  "iob": 1.0890328162182157, 
  "activity": 0.013326585537918868
}