{
  "bolusiob": 0, 
  "iob": -0.5646807995484446, 
  "activity": -0.0056367266313933
}