{
  "bolusiob": 0, 
  "iob": -0.2118578130018889, 
  "activity": -0.0015950793650793644
}