{
  "bolusiob": 0, 
  "iob": 0.30207906925297995, 
  "activity": 0.002635105731922398
}