{
  "bolusiob": -0.0003901333333336532, 
  "iob": 1.0659721172701389, 
  "activity": 0.020658668430335092
}