{
  "bolusiob": 0, 
  "iob": 0.022799848136664684, 
  "activity": 0.0011051143738977066
}