{
  "bolusiob": 0.2350881104, 
  "iob": 0.7688399397499999, 
  "activity": 0.008850617283950615
}