{
  "bolusiob": 0, 
  "iob": -0.28631949868022755, 
  "activity": -0.0013882893121693139
}