{
  "bolusiob": 0, 
  "iob": 0.7861859464703209, 
  "activity": 0.00953535738977072
}