{
  "bolusiob": 0.05609636026666687, 
  "iob": 0.8141426295545289, 
  "activity": 0.02427338597883597
}