{
  "bolusiob": 0, 
  "iob": -0.5218158298270833, 
  "activity": -0.00822126102292769
}