{
  "bolusiob": 0, 
  "iob": 0.6043944818413761, 
  "activity": 0.005013412980599646
}