{
  "bolusiob": 0, 
  "iob": 0.5406712698842457, 
  "activity": 0.0076622346737213395
}