{
  "bolusiob": 0, 
  "iob": -0.09432732738916666, 
  "activity": -0.0019538800705467376
}