{
  "bolusiob": 0.4589291856, 
  "iob": 3.4923898828100004, 
  "activity": 0.06110740740740739
}