{
  "bolusiob": 0, 
  "iob": 0.9385293064111112, 
  "activity": 0.027005731922398583
}