{
  "bolusiob": 0, 
  "iob": -0.30955812908222224, 
  "activity": -0.004017936507936508
}