{
  "bolusiob": 0, 
  "iob": -0.6798772212181112, 
  "activity": -0.0022372486772486763
}