{
  "bolusiob": 0.05262726346666663, 
  "iob": 0.9058670091072222, 
  "activity": 0.019977363315696644
}