{
  "bolusiob": 0, 
  "iob": 0.4902437223085014, 
  "activity": 0.0077239503527336845
}