{
  "bolusiob": 0, 
  "iob": -0.2523885677534774, 
  "activity": 0.000456733333333333
}