{
  "bolusiob": 0, 
  "iob": 0.11301598885569444, 
  "activity": 0.0005032363315696644
}