{
  "bolusiob": 1.0902488082666668, 
  "iob": 2.030656885967209, 
  "activity": 0.02064356234567901
}