{
  "bolusiob": 2.2670172245333333, 
  "iob": 3.658845931593623, 
  "activity": 0.030260475661375654
}