{
  "bolusiob": 1.702584663271111, 
  "iob": 2.6078878702665413, 
  "activity": 0.018068586490299816
}