{
  "bolusiob": 0, 
  "iob": -0.04371553664863991, 
  "activity": 0.00013454132275132308
}