{
  "bolusiob": 0, 
  "iob": -0.06828412461777777, 
  "activity": -0.001745061728395061
}