{
  "bolusiob": 0, 
  "iob": -0.43225733955555556, 
  "activity": -0.005731287477954144
}