{
  "bolusiob": 0, 
  "iob": 0.13421741839, 
  "activity": 0.003793121693121692
}