{
  "bolusiob": 0, 
  "iob": 0.003612310355190107, 
  "activity": 0.0009069311111111105
}