{
  "bolusiob": 0, 
  "iob": -0.1589967329081712, 
  "activity": -0.003941940017636683
}