{
  "bolusiob": 0, 
  "iob": 0.3939067033004181, 
  "activity": 0.00425819229276896
}