{
  "bolusiob": 0, 
  "iob": 0.001989914374999996, 
  "activity": 0.0003373015873015869
}