{
  "bolusiob": 0.1636834464799998, 
  "iob": 1.953470955912207, 
  "activity": 0.04123768932980599
}