{
  "bolusiob": 0, 
  "iob": 0.08896630418958335, 
  "activity": 0.001058068783068783
}