{
  "bolusiob": 0, 
  "iob": 0.4394232347280256, 
  "activity": 0.005702078783068784
}