{
  "bolusiob": 0, 
  "iob": 0.6689102574486667, 
  "activity": 0.006394917107583774
}