{
  "bolusiob": 0, 
  "iob": 0.16350728322233463, 
  "activity": -0.0006934831393298063
}