{
  "bolusiob": 0.1456230442666667, 
  "iob": 0.7341111294722223, 
  "activity": 0.00836774250440917
}