{
  "bolusiob": 1.2026841529955556, 
  "iob": 2.315504437625645, 
  "activity": 0.04070624326278659
}