{
  "bolusiob": 0, 
  "iob": 0.15122047272202094, 
  "activity": 0.003041865714285714
}