{
  "bolusiob": 0, 
  "iob": -0.2472923756635278, 
  "activity": 0.009558439029982352
}