{
  "bolusiob": 0, 
  "iob": 1.2688528982273353, 
  "activity": 0.035998642239858894
}