{
  "bolusiob": 0, 
  "iob": -0.09396284011111111, 
  "activity": -0.00036172839506172836
}