{
  "bolusiob": 0.23956710333333336, 
  "iob": 0.7548255522222223, 
  "activity": 0.008160493827160492
}