{
  "bolusiob": 0, 
  "iob": 0.8378325242600254, 
  "activity": 0.010662305361552025
}