{
  "bolusiob": 0, 
  "iob": 0.2996969206247771, 
  "activity": 0.004276340229276896
}