{
  "bolusiob": 0, 
  "iob": 0.007076878273333337, 
  "activity": 0.0005728395061728392
}