{
  "bolusiob": 0, 
  "iob": 0.17632037900000003, 
  "activity": 0.0030222222222222213
}