{
  "bolusiob": 0, 
  "iob": 0.6224695064691416, 
  "activity": 0.0052452119223985886
}