{
  "bolusiob": 0, 
  "iob": -0.2498978949808238, 
  "activity": -0.0073862291887125215
}