{
  "bolusiob": 0, 
  "iob": 0.3011639302061112, 
  "activity": 0.0039347089947089926
}