{
  "bolusiob": 0, 
  "iob": 0.08710587518144369, 
  "activity": -0.0020419220458553792
}