{
  "bolusiob": 1.4285474976000003, 
  "iob": 2.5750348944000003, 
  "activity": 0.018355555555555552
}