{
  "bolusiob": 0.50102497136, 
  "iob": 1.5201642394742283, 
  "activity": 0.019899947195767192
}