{
  "bolusiob": 0, 
  "iob": 0.24763978427904804, 
  "activity": 0.0030508286596119915
}