{
  "bolusiob": 0, 
  "iob": -0.10309335829111113, 
  "activity": -0.0030700352733686064
}