{
  "bolusiob": 0, 
  "iob": -0.5285405245216667, 
  "activity": -0.0054186948853615505
}