{
  "bolusiob": 0, 
  "iob": 0.06970856048298613, 
  "activity": 0.0003533156966490303
}