{
  "bolusiob": 0, 
  "iob": 0.30303288505313764, 
  "activity": 0.005406384603174602
}