{
  "bolusiob": 0, 
  "iob": 1.1885427537983333, 
  "activity": 0.02459776014109347
}