{
  "bolusiob": 0, 
  "iob": 0.5850235866466057, 
  "activity": 0.007789312892416222
}