{
  "bolusiob": 0, 
  "iob": -0.7204062716427779, 
  "activity": -0.0037282098765432097
}