{
  "bolusiob": 0, 
  "iob": -0.2669275788159445, 
  "activity": -0.004492821869488536
}