{
  "bolusiob": 0, 
  "iob": 0.47230136083388874, 
  "activity": 0.009038659611992942
}