{
  "bolusiob": 0, 
  "iob": 0.26246978218978706, 
  "activity": 0.0015093801940035264
}