{
  "bolusiob": 0, 
  "iob": 0.21962908682694182, 
  "activity": 0.0031861753968253966
}