{
  "bolusiob": 0.016048973266666655, 
  "iob": 0.7147379460011113, 
  "activity": 0.018713077601410933
}