{
  "bolusiob": 0, 
  "iob": -0.06822753547929974, 
  "activity": 0.0043037740564373875
}