{
  "bolusiob": 0, 
  "iob": 0.11996407913236112, 
  "activity": 0.0005108553791887128
}