{
  "bolusiob": 0.08986629166666665, 
  "iob": 0.6040121282011112, 
  "activity": 0.012563844797178127
}