{
  "bolusiob": 0, 
  "iob": 0.34217972970552074, 
  "activity": 0.014158619929453263
}