{
  "bolusiob": 0, 
  "iob": -0.29343045853713, 
  "activity": -0.0004765260141093476
}