{
  "bolusiob": 1.395566312, 
  "iob": 1.938100193472797, 
  "activity": 0.014191846578483245
}