{
  "bolusiob": 0, 
  "iob": -0.06380559441911111, 
  "activity": 0.005433192239858906
}