{
  "bolusiob": 0, 
  "iob": 1.021685895845617, 
  "activity": 0.02132508432098765
}