{
  "bolusiob": 2.4558201724444446, 
  "iob": 5.351977139598412, 
  "activity": 0.058229788095238086
}