{
  "bolusiob": 0, 
  "iob": 0.004061446439999983, 
  "activity": 0.0005142857142857134
}