{
  "bolusiob": 0, 
  "iob": 0.5369990503922226, 
  "activity": 0.027006419753086406
}