{
  "bolusiob": 0, 
  "iob": 0.28119075803869087, 
  "activity": 0.0033924389770723104
}