{
  "bolusiob": 0, 
  "iob": 0.0245179113742532, 
  "activity": 0.0013476189417989414
}