{
  "bolusiob": 0, 
  "iob": 0.4486408808543611, 
  "activity": 0.008078130511463843
}