{
  "bolusiob": 0, 
  "iob": -0.2634466824687222, 
  "activity": -0.005230970017636685
}