{
  "bolusiob": 0.8148821978400002, 
  "iob": 1.5432747267519327, 
  "activity": 0.014179324955908287
}