{
  "bolusiob": 2.882221412302222, 
  "iob": 3.267576790280972, 
  "activity": 0.01072353615520282
}