{
  "bolusiob": 0.013220372733333319, 
  "iob": 1.0766519107727377, 
  "activity": 0.021540608871252195
}