{
  "bolusiob": 1.3934459777777777, 
  "iob": 1.604843013452722, 
  "activity": 0.0007449998765432095
}