{
  "bolusiob": 0, 
  "iob": 0.5072957106307584, 
  "activity": 0.003934603544973545
}