{
  "bolusiob": 0, 
  "iob": 0.4217519451049999, 
  "activity": 0.020763756613756613
}