{
  "bolusiob": 0.09200263317333336, 
  "iob": 0.8248298219333334, 
  "activity": 0.010478871252204583
}