{
  "bolusiob": 0, 
  "iob": 0.38372792916324194, 
  "activity": 0.006498465802469133
}