{
  "bolusiob": 0, 
  "iob": 0.8199359957856903, 
  "activity": 0.010633708730158729
}