{
  "bolusiob": 0, 
  "iob": 0.02036837896666667, 
  "activity": 0.0008768959435626099
}