{
  "bolusiob": 0, 
  "iob": 0.1251709696366667, 
  "activity": 0.0006977865961199295
}