{
  "bolusiob": 0, 
  "iob": 0.5252590356853479, 
  "activity": 0.007614897813051145
}