{
  "bolusiob": 1.3941111232000005, 
  "iob": 4.078568611077354, 
  "activity": 0.06308862407407406
}