{
  "bolusiob": 0, 
  "iob": 0.2435420699015625, 
  "activity": 0.004634842768959435
}