{
  "bolusiob": 0, 
  "iob": -0.014167028323780667, 
  "activity": 0.001406997883597883
}