{
  "bolusiob": 0, 
  "iob": -0.020957534180955542, 
  "activity": 0.0012391446208112875
}