{
  "bolusiob": 0, 
  "iob": 0.08731716557735306, 
  "activity": -0.002480296825396824
}