{
  "bolusiob": 0, 
  "iob": 0.3861554629397511, 
  "activity": 0.013443315802469132
}