{
  "bolusiob": 0.26265888000000004, 
  "iob": 0.2271044207968056, 
  "activity": 0.0021940652557319207
}