{
  "bolusiob": 0, 
  "iob": 0.233761267835, 
  "activity": 0.0031700529100529094
}