{
  "bolusiob": 0, 
  "iob": 0.6530656709833333, 
  "activity": 0.008319241622574951
}