{
  "bolusiob": 0, 
  "iob": 0.7425458480368059, 
  "activity": 0.006420626825396825
}