{
  "bolusiob": 0, 
  "iob": -0.154291122193, 
  "activity": -0.0018352380952380946
}