{
  "bolusiob": 0, 
  "iob": -0.03911851095980937, 
  "activity": -0.0005435891887125221
}