{
  "bolusiob": 0, 
  "iob": 0.10444220645264643, 
  "activity": 0.00013252223985890597
}