{
  "bolusiob": 0, 
  "iob": 0.07457760479500002, 
  "activity": 0.002309259259259259
}