{
  "bolusiob": 0, 
  "iob": -0.339724129478342, 
  "activity": 0.013200264426807757
}