{
  "bolusiob": 0, 
  "iob": -0.14668288562372261, 
  "activity": 0.00022329522045855347
}