{
  "bolusiob": 0, 
  "iob": 0.4085497315266668, 
  "activity": 0.009057001763668429
}