{
  "bolusiob": 0, 
  "iob": 0.20904310617595395, 
  "activity": 0.0021346734920634925
}