{
  "bolusiob": 0, 
  "iob": -0.2029560056091918, 
  "activity": 0.0003617547619047619
}