{
  "bolusiob": 0, 
  "iob": 0.19857588811383614, 
  "activity": 0.003351395626102293
}