{
  "bolusiob": 0, 
  "iob": 0.30761000574000014, 
  "activity": 0.01131111111111111
}