{
  "bolusiob": 0, 
  "iob": 0.006476806626666671, 
  "activity": 0.0005477954144620808
}