{
  "bolusiob": 0, 
  "iob": 0.9374945606183336, 
  "activity": 0.031927601410934744
}