{
  "bolusiob": 0.06338221909333334, 
  "iob": 1.2780128852795318, 
  "activity": 0.03499245731922398
}