{
  "bolusiob": 0, 
  "iob": 0.2528966459111111, 
  "activity": 0.003399223985890651
}