{
  "bolusiob": 0, 
  "iob": 0.2908554299574465, 
  "activity": 0.002792433774250441
}