{
  "bolusiob": 1.7576410116044445, 
  "iob": 3.4032225831524983, 
  "activity": 0.03266878253968253
}