{
  "bolusiob": 0, 
  "iob": 0.2890213167365293, 
  "activity": 0.002844312398589065
}