{
  "bolusiob": 1.352979866666667, 
  "iob": 2.0688421856795833, 
  "activity": 0.021213747795414455
}