{
  "bolusiob": 0, 
  "iob": 0.03476036563638686, 
  "activity": 0.0021040390299823606
}