{
  "bolusiob": 1.924511372, 
  "iob": 2.1959315729941107, 
  "activity": 0.011282680776014105
}